{"startingGridPosition":94,"endGridPositon":125,"solutionPosition":1,"pathTag":1,"direction":1,"solutions":""}={"startingGridPosition":125,"endGridPositon":123,"solutionPosition":2,"pathTag":1,"direction":1,"solutions":""}={"startingGridPosition":123,"endGridPositon":94,"solutionPosition":3,"pathTag":1,"direction":1,"solutions":""}={"startingGridPosition":94,"endGridPositon":121,"solutionPosition":4,"pathTag":1,"direction":1,"solutions":""}={"startingGridPosition":121,"endGridPositon":12,"solutionPosition":5,"pathTag":1,"direction":1,"solutions":""}={"startingGridPosition":12,"endGridPositon":54,"solutionPosition":6,"pathTag":1,"direction":1,"solutions":""}={"startingGridPosition":54,"endGridPositon":106,"solutionPosition":7,"pathTag":1,"direction":1,"solutions":""}={"startingGridPosition":106,"endGridPositon":24,"solutionPosition":8,"pathTag":1,"direction":1,"solutions":""}={"startingGridPosition":24,"endGridPositon":102,"solutionPosition":9,"pathTag":1,"direction":1,"solutions":""}={"startingGridPosition":102,"endGridPositon":54,"solutionPosition":10,"pathTag":1,"direction":1,"solutions":""}={"startingGridPosition":54,"endGridPositon":16,"solutionPosition":11,"pathTag":1,"direction":1,"solutions":""}={"startingGridPosition":16,"endGridPositon":127,"solutionPosition":12,"pathTag":1,"direction":1,"solutions":""}={"startingGridPosition":127,"endGridPositon":94,"solutionPosition":13,"pathTag":1,"direction":1,"solutions":""}