{"startingGridPosition":82,"endGridPositon":86,"solutionPosition":1,"pathTag":2,"direction":1,"solutions":"1_s,15_o"}={"startingGridPosition":86,"endGridPositon":127,"solutionPosition":4,"pathTag":1,"direction":1,"solutions":""}={"startingGridPosition":127,"endGridPositon":104,"solutionPosition":5,"pathTag":1,"direction":1,"solutions":""}={"startingGridPosition":104,"endGridPositon":121,"solutionPosition":6,"pathTag":1,"direction":1,"solutions":""}={"startingGridPosition":121,"endGridPositon":82,"solutionPosition":7,"pathTag":1,"direction":1,"solutions":""}={"startingGridPosition":82,"endGridPositon":35,"solutionPosition":8,"pathTag":1,"direction":2,"solutions":""}={"startingGridPosition":35,"endGridPositon":86,"solutionPosition":9,"pathTag":1,"direction":1,"solutions":""}={"startingGridPosition":86,"endGridPositon":104,"solutionPosition":10,"pathTag":1,"direction":1,"solutions":""}={"startingGridPosition":104,"endGridPositon":82,"solutionPosition":11,"pathTag":1,"direction":1,"solutions":""}={"startingGridPosition":82,"endGridPositon":33,"solutionPosition":12,"pathTag":1,"direction":1,"solutions":""}={"startingGridPosition":33,"endGridPositon":35,"solutionPosition":13,"pathTag":1,"direction":1,"solutions":""}={"startingGridPosition":35,"endGridPositon":14,"solutionPosition":14,"pathTag":1,"direction":1,"solutions":""}={"startingGridPosition":14,"endGridPositon":33,"solutionPosition":16,"pathTag":1,"direction":1,"solutions":""}={"startingGridPosition":33,"endGridPositon":86,"solutionPosition":17,"pathTag":1,"direction":1,"solutions":""}