{"startingGridPosition":14,"endGridPositon":47,"solutionPosition":1,"pathTag":1,"direction":1,"solutions":""}={"startingGridPosition":47,"endGridPositon":44,"solutionPosition":2,"pathTag":1,"direction":1,"solutions":""}={"startingGridPosition":44,"endGridPositon":41,"solutionPosition":3,"pathTag":1,"direction":1,"solutions":""}={"startingGridPosition":41,"endGridPositon":14,"solutionPosition":4,"pathTag":1,"direction":1,"solutions":""}={"startingGridPosition":14,"endGridPositon":44,"solutionPosition":5,"pathTag":1,"direction":1,"solutions":""}={"startingGridPosition":44,"endGridPositon":74,"solutionPosition":6,"pathTag":1,"direction":1,"solutions":""}={"startingGridPosition":74,"endGridPositon":124,"solutionPosition":7,"pathTag":1,"direction":1,"solutions":""}={"startingGridPosition":124,"endGridPositon":121,"solutionPosition":8,"pathTag":1,"direction":1,"solutions":""}={"startingGridPosition":121,"endGridPositon":71,"solutionPosition":9,"pathTag":1,"direction":1,"solutions":""}={"startingGridPosition":71,"endGridPositon":74,"solutionPosition":10,"pathTag":1,"direction":1,"solutions":""}={"startingGridPosition":74,"endGridPositon":77,"solutionPosition":11,"pathTag":1,"direction":1,"solutions":""}={"startingGridPosition":77,"endGridPositon":127,"solutionPosition":12,"pathTag":1,"direction":1,"solutions":""}={"startingGridPosition":127,"endGridPositon":124,"solutionPosition":13,"pathTag":1,"direction":1,"solutions":""}