{"startingGridPosition":37,"endGridPositon":44,"solutionPosition":1,"pathTag":1,"direction":1,"solutions":""}={"startingGridPosition":44,"endGridPositon":31,"solutionPosition":2,"pathTag":1,"direction":1,"solutions":""}={"startingGridPosition":31,"endGridPositon":112,"solutionPosition":3,"pathTag":1,"direction":1,"solutions":""}={"startingGridPosition":112,"endGridPositon":84,"solutionPosition":4,"pathTag":1,"direction":1,"solutions":""}={"startingGridPosition":84,"endGridPositon":116,"solutionPosition":5,"pathTag":1,"direction":1,"solutions":""}={"startingGridPosition":116,"endGridPositon":37,"solutionPosition":6,"pathTag":1,"direction":1,"solutions":""}={"startingGridPosition":37,"endGridPositon":107,"solutionPosition":7,"pathTag":1,"direction":1,"solutions":""}={"startingGridPosition":107,"endGridPositon":84,"solutionPosition":8,"pathTag":1,"direction":1,"solutions":""}={"startingGridPosition":84,"endGridPositon":16,"solutionPosition":9,"pathTag":1,"direction":1,"solutions":""}={"startingGridPosition":16,"endGridPositon":124,"solutionPosition":10,"pathTag":1,"direction":1,"solutions":""}={"startingGridPosition":124,"endGridPositon":12,"solutionPosition":11,"pathTag":1,"direction":1,"solutions":""}={"startingGridPosition":12,"endGridPositon":84,"solutionPosition":12,"pathTag":1,"direction":1,"solutions":""}={"startingGridPosition":84,"endGridPositon":101,"solutionPosition":13,"pathTag":1,"direction":1,"solutions":""}={"startingGridPosition":101,"endGridPositon":31,"solutionPosition":14,"pathTag":1,"direction":1,"solutions":""}