{"startingGridPosition":94,"endGridPositon":126,"solutionPosition":1,"pathTag":1,"direction":1,"solutions":""}={"startingGridPosition":126,"endGridPositon":76,"solutionPosition":2,"pathTag":1,"direction":1,"solutions":""}={"startingGridPosition":76,"endGridPositon":16,"solutionPosition":3,"pathTag":1,"direction":1,"solutions":""}={"startingGridPosition":16,"endGridPositon":94,"solutionPosition":4,"pathTag":1,"direction":1,"solutions":""}={"startingGridPosition":94,"endGridPositon":122,"solutionPosition":5,"pathTag":1,"direction":1,"solutions":""}={"startingGridPosition":122,"endGridPositon":72,"solutionPosition":6,"pathTag":1,"direction":1,"solutions":""}={"startingGridPosition":72,"endGridPositon":12,"solutionPosition":7,"pathTag":1,"direction":1,"solutions":""}={"startingGridPosition":12,"endGridPositon":94,"solutionPosition":8,"pathTag":1,"direction":1,"solutions":""}={"startingGridPosition":94,"endGridPositon":81,"solutionPosition":9,"pathTag":1,"direction":1,"solutions":""}={"startingGridPosition":81,"endGridPositon":72,"solutionPosition":10,"pathTag":1,"direction":1,"solutions":""}={"startingGridPosition":72,"endGridPositon":54,"solutionPosition":11,"pathTag":1,"direction":1,"solutions":""}={"startingGridPosition":54,"endGridPositon":76,"solutionPosition":12,"pathTag":1,"direction":1,"solutions":""}={"startingGridPosition":76,"endGridPositon":87,"solutionPosition":13,"pathTag":1,"direction":1,"solutions":""}={"startingGridPosition":87,"endGridPositon":94,"solutionPosition":14,"pathTag":1,"direction":1,"solutions":""}={"startingGridPosition":94,"endGridPositon":54,"solutionPosition":15,"pathTag":1,"direction":1,"solutions":""}