{"startingGridPosition":55,"endGridPositon":114,"solutionPosition":1,"pathTag":1,"direction":1,"solutions":""}={"startingGridPosition":114,"endGridPositon":53,"solutionPosition":2,"pathTag":1,"direction":1,"solutions":""}={"startingGridPosition":53,"endGridPositon":81,"solutionPosition":3,"pathTag":1,"direction":1,"solutions":""}={"startingGridPosition":81,"endGridPositon":94,"solutionPosition":4,"pathTag":1,"direction":1,"solutions":""}={"startingGridPosition":94,"endGridPositon":107,"solutionPosition":5,"pathTag":1,"direction":1,"solutions":""}={"startingGridPosition":107,"endGridPositon":114,"solutionPosition":6,"pathTag":1,"direction":1,"solutions":""}={"startingGridPosition":114,"endGridPositon":101,"solutionPosition":7,"pathTag":1,"direction":1,"solutions":""}={"startingGridPosition":101,"endGridPositon":94,"solutionPosition":8,"pathTag":1,"direction":1,"solutions":""}={"startingGridPosition":94,"endGridPositon":87,"solutionPosition":9,"pathTag":1,"direction":1,"solutions":""}={"startingGridPosition":87,"endGridPositon":55,"solutionPosition":10,"pathTag":1,"direction":1,"solutions":""}={"startingGridPosition":55,"endGridPositon":37,"solutionPosition":11,"pathTag":1,"direction":1,"solutions":""}={"startingGridPosition":37,"endGridPositon":14,"solutionPosition":12,"pathTag":1,"direction":1,"solutions":""}={"startingGridPosition":14,"endGridPositon":31,"solutionPosition":13,"pathTag":1,"direction":1,"solutions":""}={"startingGridPosition":31,"endGridPositon":53,"solutionPosition":14,"pathTag":1,"direction":1,"solutions":""}