{"startingGridPosition":54,"endGridPositon":16,"solutionPosition":1,"pathTag":1,"direction":1,"solutions":""}={"startingGridPosition":16,"endGridPositon":12,"solutionPosition":2,"pathTag":1,"direction":1,"solutions":""}={"startingGridPosition":12,"endGridPositon":54,"solutionPosition":3,"pathTag":1,"direction":1,"solutions":""}={"startingGridPosition":54,"endGridPositon":74,"solutionPosition":4,"pathTag":1,"direction":1,"solutions":""}={"startingGridPosition":74,"endGridPositon":16,"solutionPosition":5,"pathTag":1,"direction":1,"solutions":""}={"startingGridPosition":16,"endGridPositon":87,"solutionPosition":6,"pathTag":1,"direction":1,"solutions":""}={"startingGridPosition":87,"endGridPositon":66,"solutionPosition":7,"pathTag":1,"direction":1,"solutions":""}={"startingGridPosition":66,"endGridPositon":124,"solutionPosition":8,"pathTag":1,"direction":1,"solutions":""}={"startingGridPosition":124,"endGridPositon":74,"solutionPosition":9,"pathTag":1,"direction":1,"solutions":""}={"startingGridPosition":74,"endGridPositon":12,"solutionPosition":10,"pathTag":1,"direction":1,"solutions":""}={"startingGridPosition":12,"endGridPositon":81,"solutionPosition":11,"pathTag":1,"direction":1,"solutions":""}={"startingGridPosition":81,"endGridPositon":62,"solutionPosition":12,"pathTag":1,"direction":1,"solutions":""}={"startingGridPosition":62,"endGridPositon":124,"solutionPosition":13,"pathTag":1,"direction":1,"solutions":""}