{"startingGridPosition":104,"endGridPositon":76,"solutionPosition":1,"pathTag":1,"direction":1,"solutions":""}={"startingGridPosition":76,"endGridPositon":64,"solutionPosition":2,"pathTag":1,"direction":1,"solutions":""}={"startingGridPosition":64,"endGridPositon":72,"solutionPosition":3,"pathTag":1,"direction":1,"solutions":""}={"startingGridPosition":72,"endGridPositon":104,"solutionPosition":4,"pathTag":1,"direction":1,"solutions":""}={"startingGridPosition":104,"endGridPositon":123,"solutionPosition":5,"pathTag":1,"direction":1,"solutions":""}={"startingGridPosition":123,"endGridPositon":102,"solutionPosition":6,"pathTag":1,"direction":1,"solutions":""}={"startingGridPosition":102,"endGridPositon":84,"solutionPosition":7,"pathTag":1,"direction":1,"solutions":""}={"startingGridPosition":84,"endGridPositon":32,"solutionPosition":8,"pathTag":1,"direction":1,"solutions":""}={"startingGridPosition":32,"endGridPositon":14,"solutionPosition":9,"pathTag":1,"direction":1,"solutions":""}={"startingGridPosition":14,"endGridPositon":36,"solutionPosition":10,"pathTag":1,"direction":1,"solutions":""}={"startingGridPosition":36,"endGridPositon":84,"solutionPosition":11,"pathTag":1,"direction":1,"solutions":""}={"startingGridPosition":84,"endGridPositon":106,"solutionPosition":12,"pathTag":1,"direction":1,"solutions":""}={"startingGridPosition":106,"endGridPositon":125,"solutionPosition":13,"pathTag":1,"direction":1,"solutions":""}={"startingGridPosition":125,"endGridPositon":104,"solutionPosition":14,"pathTag":1,"direction":1,"solutions":""}