{"startingGridPosition":126,"endGridPositon":122,"solutionPosition":1,"pathTag":1,"direction":1,"solutions":""}={"startingGridPosition":122,"endGridPositon":94,"solutionPosition":2,"pathTag":1,"direction":1,"solutions":""}={"startingGridPosition":94,"endGridPositon":126,"solutionPosition":3,"pathTag":1,"direction":1,"solutions":""}={"startingGridPosition":126,"endGridPositon":55,"solutionPosition":4,"pathTag":1,"direction":1,"solutions":""}={"startingGridPosition":55,"endGridPositon":14,"solutionPosition":5,"pathTag":1,"direction":1,"solutions":""}={"startingGridPosition":14,"endGridPositon":26,"solutionPosition":6,"pathTag":1,"direction":1,"solutions":""}={"startingGridPosition":26,"endGridPositon":55,"solutionPosition":7,"pathTag":1,"direction":1,"solutions":""}={"startingGridPosition":55,"endGridPositon":34,"solutionPosition":8,"pathTag":1,"direction":1,"solutions":""}={"startingGridPosition":34,"endGridPositon":53,"solutionPosition":9,"pathTag":1,"direction":1,"solutions":""}={"startingGridPosition":53,"endGridPositon":22,"solutionPosition":10,"pathTag":1,"direction":1,"solutions":""}={"startingGridPosition":22,"endGridPositon":14,"solutionPosition":11,"pathTag":1,"direction":1,"solutions":""}={"startingGridPosition":14,"endGridPositon":53,"solutionPosition":12,"pathTag":1,"direction":1,"solutions":""}={"startingGridPosition":53,"endGridPositon":122,"solutionPosition":13,"pathTag":1,"direction":1,"solutions":""}