{"startingGridPosition":103,"endGridPositon":105,"solutionPosition":1,"pathTag":1,"direction":1,"solutions":""}={"startingGridPosition":105,"endGridPositon":124,"solutionPosition":2,"pathTag":1,"direction":1,"solutions":""}={"startingGridPosition":124,"endGridPositon":103,"solutionPosition":3,"pathTag":1,"direction":1,"solutions":""}={"startingGridPosition":103,"endGridPositon":31,"solutionPosition":4,"pathTag":1,"direction":1,"solutions":""}={"startingGridPosition":31,"endGridPositon":23,"solutionPosition":5,"pathTag":1,"direction":1,"solutions":""}={"startingGridPosition":23,"endGridPositon":44,"solutionPosition":6,"pathTag":1,"direction":1,"solutions":""}={"startingGridPosition":44,"endGridPositon":111,"solutionPosition":7,"pathTag":1,"direction":1,"solutions":""}={"startingGridPosition":111,"endGridPositon":124,"solutionPosition":8,"pathTag":1,"direction":1,"solutions":""}={"startingGridPosition":124,"endGridPositon":117,"solutionPosition":9,"pathTag":1,"direction":1,"solutions":""}={"startingGridPosition":117,"endGridPositon":44,"solutionPosition":10,"pathTag":1,"direction":1,"solutions":""}={"startingGridPosition":44,"endGridPositon":25,"solutionPosition":11,"pathTag":1,"direction":1,"solutions":""}={"startingGridPosition":25,"endGridPositon":37,"solutionPosition":12,"pathTag":1,"direction":1,"solutions":""}={"startingGridPosition":37,"endGridPositon":105,"solutionPosition":13,"pathTag":1,"direction":1,"solutions":""}