{"startingGridPosition":122,"endGridPositon":74,"solutionPosition":1,"pathTag":1,"direction":1,"solutions":""}={"startingGridPosition":74,"endGridPositon":126,"solutionPosition":2,"pathTag":1,"direction":1,"solutions":""}={"startingGridPosition":126,"endGridPositon":122,"solutionPosition":3,"pathTag":1,"direction":1,"solutions":""}={"startingGridPosition":122,"endGridPositon":12,"solutionPosition":4,"pathTag":1,"direction":1,"solutions":""}={"startingGridPosition":12,"endGridPositon":71,"solutionPosition":5,"pathTag":1,"direction":1,"solutions":""}={"startingGridPosition":71,"endGridPositon":16,"solutionPosition":6,"pathTag":1,"direction":1,"solutions":""}={"startingGridPosition":16,"endGridPositon":77,"solutionPosition":7,"pathTag":1,"direction":1,"solutions":""}={"startingGridPosition":77,"endGridPositon":12,"solutionPosition":8,"pathTag":1,"direction":1,"solutions":""}={"startingGridPosition":12,"endGridPositon":16,"solutionPosition":9,"pathTag":1,"direction":1,"solutions":""}={"startingGridPosition":16,"endGridPositon":126,"solutionPosition":10,"pathTag":1,"direction":1,"solutions":""}={"startingGridPosition":126,"endGridPositon":77,"solutionPosition":11,"pathTag":1,"direction":1,"solutions":""}={"startingGridPosition":77,"endGridPositon":71,"solutionPosition":12,"pathTag":1,"direction":1,"solutions":""}={"startingGridPosition":71,"endGridPositon":122,"solutionPosition":13,"pathTag":1,"direction":1,"solutions":""}