{"startingGridPosition":64,"endGridPositon":61,"solutionPosition":1,"pathTag":2,"direction":1,"solutions":"1_s,10_s"}={"startingGridPosition":61,"endGridPositon":33,"solutionPosition":4,"pathTag":1,"direction":1,"solutions":""}={"startingGridPosition":33,"endGridPositon":36,"solutionPosition":5,"pathTag":1,"direction":2,"solutions":""}={"startingGridPosition":36,"endGridPositon":14,"solutionPosition":6,"pathTag":1,"direction":1,"solutions":""}={"startingGridPosition":14,"endGridPositon":33,"solutionPosition":7,"pathTag":1,"direction":1,"solutions":""}={"startingGridPosition":33,"endGridPositon":64,"solutionPosition":8,"pathTag":1,"direction":1,"solutions":""}={"startingGridPosition":64,"endGridPositon":36,"solutionPosition":9,"pathTag":1,"direction":1,"solutions":""}={"startingGridPosition":36,"endGridPositon":96,"solutionPosition":11,"pathTag":1,"direction":1,"solutions":""}={"startingGridPosition":96,"endGridPositon":64,"solutionPosition":12,"pathTag":1,"direction":1,"solutions":""}={"startingGridPosition":61,"endGridPositon":92,"solutionPosition":13,"pathTag":1,"direction":1,"solutions":""}={"startingGridPosition":92,"endGridPositon":124,"solutionPosition":14,"pathTag":1,"direction":1,"solutions":""}={"startingGridPosition":124,"endGridPositon":96,"solutionPosition":15,"pathTag":1,"direction":1,"solutions":""}={"startingGridPosition":96,"endGridPositon":92,"solutionPosition":16,"pathTag":1,"direction":1,"solutions":""}={"startingGridPosition":92,"endGridPositon":64,"solutionPosition":17,"pathTag":1,"direction":1,"solutions":""}