{"startingGridPosition":83,"endGridPositon":34,"solutionPosition":1,"pathTag":1,"direction":1,"solutions":""}={"startingGridPosition":34,"endGridPositon":22,"solutionPosition":2,"pathTag":1,"direction":1,"solutions":""}={"startingGridPosition":22,"endGridPositon":101,"solutionPosition":3,"pathTag":1,"direction":1,"solutions":""}={"startingGridPosition":101,"endGridPositon":124,"solutionPosition":4,"pathTag":1,"direction":1,"solutions":""}={"startingGridPosition":124,"endGridPositon":107,"solutionPosition":5,"pathTag":1,"direction":1,"solutions":""}={"startingGridPosition":107,"endGridPositon":26,"solutionPosition":6,"pathTag":1,"direction":1,"solutions":""}={"startingGridPosition":26,"endGridPositon":34,"solutionPosition":7,"pathTag":1,"direction":1,"solutions":""}={"startingGridPosition":34,"endGridPositon":85,"solutionPosition":8,"pathTag":1,"direction":1,"solutions":""}={"startingGridPosition":85,"endGridPositon":126,"solutionPosition":9,"pathTag":1,"direction":1,"solutions":""}={"startingGridPosition":126,"endGridPositon":94,"solutionPosition":10,"pathTag":1,"direction":1,"solutions":""}={"startingGridPosition":94,"endGridPositon":122,"solutionPosition":11,"pathTag":1,"direction":1,"solutions":""}={"startingGridPosition":122,"endGridPositon":83,"solutionPosition":12,"pathTag":1,"direction":1,"solutions":""}={"startingGridPosition":83,"endGridPositon":85,"solutionPosition":13,"pathTag":1,"direction":1,"solutions":""}