{"startingGridPosition":125,"endGridPositon":127,"solutionPosition":1,"pathTag":1,"direction":1,"solutions":""}={"startingGridPosition":127,"endGridPositon":107,"solutionPosition":2,"pathTag":1,"direction":1,"solutions":""}={"startingGridPosition":107,"endGridPositon":105,"solutionPosition":3,"pathTag":1,"direction":1,"solutions":""}={"startingGridPosition":105,"endGridPositon":103,"solutionPosition":4,"pathTag":1,"direction":1,"solutions":""}={"startingGridPosition":103,"endGridPositon":63,"solutionPosition":5,"pathTag":1,"direction":1,"solutions":""}={"startingGridPosition":63,"endGridPositon":65,"solutionPosition":6,"pathTag":1,"direction":1,"solutions":""}={"startingGridPosition":65,"endGridPositon":105,"solutionPosition":7,"pathTag":1,"direction":1,"solutions":""}={"startingGridPosition":105,"endGridPositon":125,"solutionPosition":8,"pathTag":1,"direction":1,"solutions":""}={"startingGridPosition":125,"endGridPositon":121,"solutionPosition":9,"pathTag":1,"direction":1,"solutions":""}={"startingGridPosition":121,"endGridPositon":61,"solutionPosition":10,"pathTag":1,"direction":1,"solutions":""}={"startingGridPosition":61,"endGridPositon":63,"solutionPosition":11,"pathTag":1,"direction":1,"solutions":""}={"startingGridPosition":63,"endGridPositon":23,"solutionPosition":12,"pathTag":1,"direction":1,"solutions":""}={"startingGridPosition":23,"endGridPositon":21,"solutionPosition":13,"pathTag":1,"direction":1,"solutions":""}={"startingGridPosition":21,"endGridPositon":61,"solutionPosition":14,"pathTag":1,"direction":1,"solutions":""}