{"startingGridPosition":37,"endGridPositon":11,"solutionPosition":1,"pathTag":1,"direction":1,"solutions":""}={"startingGridPosition":11,"endGridPositon":41,"solutionPosition":2,"pathTag":1,"direction":1,"solutions":""}={"startingGridPosition":41,"endGridPositon":67,"solutionPosition":3,"pathTag":1,"direction":1,"solutions":""}={"startingGridPosition":67,"endGridPositon":81,"solutionPosition":4,"pathTag":1,"direction":1,"solutions":""}={"startingGridPosition":81,"endGridPositon":117,"solutionPosition":5,"pathTag":1,"direction":1,"solutions":""}={"startingGridPosition":117,"endGridPositon":111,"solutionPosition":6,"pathTag":1,"direction":1,"solutions":""}={"startingGridPosition":111,"endGridPositon":81,"solutionPosition":7,"pathTag":1,"direction":1,"solutions":""}={"startingGridPosition":81,"endGridPositon":41,"solutionPosition":8,"pathTag":1,"direction":1,"solutions":""}={"startingGridPosition":41,"endGridPositon":37,"solutionPosition":9,"pathTag":1,"direction":1,"solutions":""}={"startingGridPosition":37,"endGridPositon":67,"solutionPosition":10,"pathTag":1,"direction":1,"solutions":""}={"startingGridPosition":67,"endGridPositon":87,"solutionPosition":11,"pathTag":1,"direction":1,"solutions":""}={"startingGridPosition":87,"endGridPositon":117,"solutionPosition":12,"pathTag":1,"direction":1,"solutions":""}