{"startingGridPosition":105,"endGridPositon":94,"solutionPosition":1,"pathTag":1,"direction":1,"solutions":""}={"startingGridPosition":94,"endGridPositon":103,"solutionPosition":2,"pathTag":1,"direction":1,"solutions":""}={"startingGridPosition":103,"endGridPositon":124,"solutionPosition":3,"pathTag":1,"direction":1,"solutions":""}={"startingGridPosition":124,"endGridPositon":101,"solutionPosition":4,"pathTag":1,"direction":1,"solutions":""}={"startingGridPosition":101,"endGridPositon":13,"solutionPosition":5,"pathTag":1,"direction":1,"solutions":""}={"startingGridPosition":13,"endGridPositon":94,"solutionPosition":6,"pathTag":1,"direction":1,"solutions":""}={"startingGridPosition":94,"endGridPositon":15,"solutionPosition":7,"pathTag":1,"direction":1,"solutions":""}={"startingGridPosition":15,"endGridPositon":107,"solutionPosition":8,"pathTag":1,"direction":1,"solutions":""}={"startingGridPosition":107,"endGridPositon":124,"solutionPosition":9,"pathTag":1,"direction":1,"solutions":""}={"startingGridPosition":124,"endGridPositon":105,"solutionPosition":10,"pathTag":1,"direction":1,"solutions":""}={"startingGridPosition":105,"endGridPositon":37,"solutionPosition":11,"pathTag":1,"direction":1,"solutions":""}={"startingGridPosition":37,"endGridPositon":31,"solutionPosition":12,"pathTag":1,"direction":1,"solutions":""}={"startingGridPosition":31,"endGridPositon":103,"solutionPosition":13,"pathTag":1,"direction":1,"solutions":""}