{"startingGridPosition":102,"endGridPositon":124,"solutionPosition":1,"pathTag":1,"direction":1,"solutions":""}={"startingGridPosition":124,"endGridPositon":106,"solutionPosition":2,"pathTag":1,"direction":1,"solutions":""}={"startingGridPosition":106,"endGridPositon":127,"solutionPosition":3,"pathTag":1,"direction":1,"solutions":""}={"startingGridPosition":127,"endGridPositon":124,"solutionPosition":4,"pathTag":1,"direction":1,"solutions":""}={"startingGridPosition":124,"endGridPositon":121,"solutionPosition":5,"pathTag":1,"direction":1,"solutions":""}={"startingGridPosition":121,"endGridPositon":102,"solutionPosition":6,"pathTag":1,"direction":1,"solutions":""}={"startingGridPosition":102,"endGridPositon":34,"solutionPosition":7,"pathTag":1,"direction":1,"solutions":""}={"startingGridPosition":34,"endGridPositon":11,"solutionPosition":8,"pathTag":1,"direction":1,"solutions":""}={"startingGridPosition":11,"endGridPositon":62,"solutionPosition":9,"pathTag":1,"direction":1,"solutions":""}={"startingGridPosition":62,"endGridPositon":54,"solutionPosition":10,"pathTag":1,"direction":1,"solutions":""}={"startingGridPosition":54,"endGridPositon":66,"solutionPosition":11,"pathTag":1,"direction":1,"solutions":""}={"startingGridPosition":66,"endGridPositon":17,"solutionPosition":12,"pathTag":1,"direction":1,"solutions":""}={"startingGridPosition":17,"endGridPositon":34,"solutionPosition":13,"pathTag":1,"direction":1,"solutions":""}={"startingGridPosition":34,"endGridPositon":106,"solutionPosition":14,"pathTag":1,"direction":1,"solutions":""}