{"startingGridPosition":85,"endGridPositon":54,"solutionPosition":1,"pathTag":1,"direction":1,"solutions":""}={"startingGridPosition":54,"endGridPositon":66,"solutionPosition":2,"pathTag":1,"direction":1,"solutions":""}={"startingGridPosition":66,"endGridPositon":14,"solutionPosition":3,"pathTag":1,"direction":1,"solutions":""}={"startingGridPosition":14,"endGridPositon":27,"solutionPosition":4,"pathTag":1,"direction":1,"solutions":""}={"startingGridPosition":27,"endGridPositon":96,"solutionPosition":5,"pathTag":1,"direction":1,"solutions":""}={"startingGridPosition":96,"endGridPositon":85,"solutionPosition":6,"pathTag":1,"direction":1,"solutions":""}={"startingGridPosition":85,"endGridPositon":124,"solutionPosition":7,"pathTag":1,"direction":1,"solutions":""}={"startingGridPosition":124,"endGridPositon":83,"solutionPosition":8,"pathTag":1,"direction":1,"solutions":""}={"startingGridPosition":83,"endGridPositon":92,"solutionPosition":9,"pathTag":1,"direction":1,"solutions":""}={"startingGridPosition":92,"endGridPositon":31,"solutionPosition":10,"pathTag":1,"direction":1,"solutions":""}={"startingGridPosition":31,"endGridPositon":14,"solutionPosition":11,"pathTag":1,"direction":1,"solutions":""}={"startingGridPosition":14,"endGridPositon":62,"solutionPosition":12,"pathTag":1,"direction":1,"solutions":""}={"startingGridPosition":62,"endGridPositon":54,"solutionPosition":13,"pathTag":1,"direction":1,"solutions":""}={"startingGridPosition":54,"endGridPositon":83,"solutionPosition":14,"pathTag":1,"direction":1,"solutions":""}