{"startingGridPosition":36,"endGridPositon":106,"solutionPosition":1,"pathTag":2,"direction":1,"solutions":"1_s,14_o"}={"startingGridPosition":106,"endGridPositon":127,"solutionPosition":4,"pathTag":1,"direction":1,"solutions":""}={"startingGridPosition":127,"endGridPositon":121,"solutionPosition":5,"pathTag":1,"direction":1,"solutions":""}={"startingGridPosition":121,"endGridPositon":102,"solutionPosition":6,"pathTag":1,"direction":1,"solutions":""}={"startingGridPosition":102,"endGridPositon":74,"solutionPosition":7,"pathTag":1,"direction":1,"solutions":""}={"startingGridPosition":74,"endGridPositon":106,"solutionPosition":8,"pathTag":1,"direction":1,"solutions":""}={"startingGridPosition":106,"endGridPositon":102,"solutionPosition":9,"pathTag":1,"direction":1,"solutions":""}={"startingGridPosition":102,"endGridPositon":32,"solutionPosition":10,"pathTag":1,"direction":2,"solutions":""}={"startingGridPosition":32,"endGridPositon":11,"solutionPosition":11,"pathTag":1,"direction":1,"solutions":""}={"startingGridPosition":11,"endGridPositon":17,"solutionPosition":12,"pathTag":1,"direction":1,"solutions":""}={"startingGridPosition":17,"endGridPositon":36,"solutionPosition":13,"pathTag":1,"direction":1,"solutions":""}={"startingGridPosition":36,"endGridPositon":64,"solutionPosition":15,"pathTag":1,"direction":1,"solutions":""}={"startingGridPosition":64,"endGridPositon":32,"solutionPosition":16,"pathTag":1,"direction":1,"solutions":""}={"startingGridPosition":32,"endGridPositon":36,"solutionPosition":17,"pathTag":1,"direction":1,"solutions":""}