{"startingGridPosition":54,"endGridPositon":76,"solutionPosition":1,"pathTag":1,"direction":1,"solutions":""}={"startingGridPosition":76,"endGridPositon":94,"solutionPosition":2,"pathTag":1,"direction":1,"solutions":""}={"startingGridPosition":94,"endGridPositon":72,"solutionPosition":3,"pathTag":1,"direction":1,"solutions":""}={"startingGridPosition":72,"endGridPositon":54,"solutionPosition":4,"pathTag":1,"direction":1,"solutions":""}={"startingGridPosition":54,"endGridPositon":122,"solutionPosition":5,"pathTag":1,"direction":1,"solutions":""}={"startingGridPosition":122,"endGridPositon":41,"solutionPosition":6,"pathTag":1,"direction":1,"solutions":""}={"startingGridPosition":41,"endGridPositon":14,"solutionPosition":7,"pathTag":1,"direction":1,"solutions":""}={"startingGridPosition":14,"endGridPositon":72,"solutionPosition":8,"pathTag":1,"direction":1,"solutions":""}={"startingGridPosition":72,"endGridPositon":76,"solutionPosition":9,"pathTag":1,"direction":1,"solutions":""}={"startingGridPosition":76,"endGridPositon":14,"solutionPosition":10,"pathTag":1,"direction":1,"solutions":""}={"startingGridPosition":14,"endGridPositon":47,"solutionPosition":11,"pathTag":1,"direction":1,"solutions":""}={"startingGridPosition":47,"endGridPositon":126,"solutionPosition":12,"pathTag":1,"direction":1,"solutions":""}={"startingGridPosition":126,"endGridPositon":54,"solutionPosition":13,"pathTag":1,"direction":1,"solutions":""}={"startingGridPosition":54,"endGridPositon":14,"solutionPosition":14,"pathTag":1,"direction":1,"solutions":""}