{"startingGridPosition":92,"endGridPositon":104,"solutionPosition":1,"pathTag":1,"direction":1,"solutions":""}={"startingGridPosition":104,"endGridPositon":66,"solutionPosition":2,"pathTag":1,"direction":1,"solutions":""}={"startingGridPosition":66,"endGridPositon":124,"solutionPosition":3,"pathTag":1,"direction":1,"solutions":""}={"startingGridPosition":124,"endGridPositon":62,"solutionPosition":4,"pathTag":1,"direction":1,"solutions":""}={"startingGridPosition":62,"endGridPositon":104,"solutionPosition":5,"pathTag":1,"direction":1,"solutions":""}={"startingGridPosition":104,"endGridPositon":96,"solutionPosition":6,"pathTag":1,"direction":1,"solutions":""}={"startingGridPosition":96,"endGridPositon":117,"solutionPosition":7,"pathTag":1,"direction":1,"solutions":""}={"startingGridPosition":117,"endGridPositon":104,"solutionPosition":8,"pathTag":1,"direction":1,"solutions":""}={"startingGridPosition":104,"endGridPositon":111,"solutionPosition":9,"pathTag":1,"direction":1,"solutions":""}={"startingGridPosition":111,"endGridPositon":92,"solutionPosition":10,"pathTag":1,"direction":1,"solutions":""}={"startingGridPosition":92,"endGridPositon":21,"solutionPosition":11,"pathTag":1,"direction":1,"solutions":""}={"startingGridPosition":21,"endGridPositon":64,"solutionPosition":12,"pathTag":1,"direction":1,"solutions":""}={"startingGridPosition":64,"endGridPositon":27,"solutionPosition":13,"pathTag":1,"direction":1,"solutions":""}={"startingGridPosition":27,"endGridPositon":96,"solutionPosition":14,"pathTag":1,"direction":1,"solutions":""}