{"startingGridPosition":96,"endGridPositon":84,"solutionPosition":1,"pathTag":1,"direction":1,"solutions":""}={"startingGridPosition":84,"endGridPositon":92,"solutionPosition":2,"pathTag":1,"direction":1,"solutions":""}={"startingGridPosition":92,"endGridPositon":53,"solutionPosition":3,"pathTag":1,"direction":1,"solutions":""}={"startingGridPosition":53,"endGridPositon":84,"solutionPosition":4,"pathTag":1,"direction":1,"solutions":""}={"startingGridPosition":84,"endGridPositon":55,"solutionPosition":5,"pathTag":1,"direction":1,"solutions":""}={"startingGridPosition":55,"endGridPositon":96,"solutionPosition":6,"pathTag":1,"direction":1,"solutions":""}={"startingGridPosition":96,"endGridPositon":124,"solutionPosition":7,"pathTag":1,"direction":1,"solutions":""}={"startingGridPosition":124,"endGridPositon":117,"solutionPosition":8,"pathTag":1,"direction":1,"solutions":""}={"startingGridPosition":117,"endGridPositon":16,"solutionPosition":9,"pathTag":1,"direction":1,"solutions":""}={"startingGridPosition":16,"endGridPositon":24,"solutionPosition":10,"pathTag":1,"direction":1,"solutions":""}={"startingGridPosition":24,"endGridPositon":12,"solutionPosition":11,"pathTag":1,"direction":1,"solutions":""}={"startingGridPosition":12,"endGridPositon":111,"solutionPosition":12,"pathTag":1,"direction":1,"solutions":""}={"startingGridPosition":111,"endGridPositon":124,"solutionPosition":13,"pathTag":1,"direction":1,"solutions":""}={"startingGridPosition":124,"endGridPositon":92,"solutionPosition":14,"pathTag":1,"direction":1,"solutions":""}