{"startingGridPosition":97,"endGridPositon":125,"solutionPosition":1,"pathTag":1,"direction":1,"solutions":""}={"startingGridPosition":125,"endGridPositon":17,"solutionPosition":2,"pathTag":1,"direction":1,"solutions":""}={"startingGridPosition":17,"endGridPositon":97,"solutionPosition":3,"pathTag":1,"direction":1,"solutions":""}={"startingGridPosition":97,"endGridPositon":54,"solutionPosition":4,"pathTag":1,"direction":1,"solutions":""}={"startingGridPosition":54,"endGridPositon":17,"solutionPosition":5,"pathTag":1,"direction":1,"solutions":""}={"startingGridPosition":17,"endGridPositon":11,"solutionPosition":6,"pathTag":1,"direction":1,"solutions":""}={"startingGridPosition":11,"endGridPositon":54,"solutionPosition":7,"pathTag":1,"direction":1,"solutions":""}={"startingGridPosition":54,"endGridPositon":91,"solutionPosition":8,"pathTag":1,"direction":1,"solutions":""}={"startingGridPosition":91,"endGridPositon":11,"solutionPosition":9,"pathTag":1,"direction":1,"solutions":""}={"startingGridPosition":11,"endGridPositon":123,"solutionPosition":10,"pathTag":1,"direction":1,"solutions":""}={"startingGridPosition":123,"endGridPositon":94,"solutionPosition":11,"pathTag":1,"direction":1,"solutions":""}={"startingGridPosition":94,"endGridPositon":125,"solutionPosition":12,"pathTag":1,"direction":1,"solutions":""}={"startingGridPosition":125,"endGridPositon":123,"solutionPosition":13,"pathTag":1,"direction":1,"solutions":""}={"startingGridPosition":123,"endGridPositon":91,"solutionPosition":14,"pathTag":1,"direction":1,"solutions":""}