{"startingGridPosition":35,"endGridPositon":67,"solutionPosition":1,"pathTag":1,"direction":1,"solutions":""}={"startingGridPosition":67,"endGridPositon":54,"solutionPosition":2,"pathTag":1,"direction":1,"solutions":""}={"startingGridPosition":54,"endGridPositon":33,"solutionPosition":3,"pathTag":1,"direction":1,"solutions":""}={"startingGridPosition":33,"endGridPositon":14,"solutionPosition":4,"pathTag":1,"direction":1,"solutions":""}={"startingGridPosition":14,"endGridPositon":35,"solutionPosition":5,"pathTag":1,"direction":1,"solutions":""}={"startingGridPosition":35,"endGridPositon":54,"solutionPosition":6,"pathTag":1,"direction":1,"solutions":""}={"startingGridPosition":54,"endGridPositon":107,"solutionPosition":7,"pathTag":1,"direction":1,"solutions":""}={"startingGridPosition":107,"endGridPositon":125,"solutionPosition":8,"pathTag":1,"direction":1,"solutions":""}={"startingGridPosition":125,"endGridPositon":54,"solutionPosition":9,"pathTag":1,"direction":1,"solutions":""}={"startingGridPosition":54,"endGridPositon":123,"solutionPosition":10,"pathTag":1,"direction":1,"solutions":""}={"startingGridPosition":123,"endGridPositon":101,"solutionPosition":11,"pathTag":1,"direction":1,"solutions":""}={"startingGridPosition":101,"endGridPositon":54,"solutionPosition":12,"pathTag":1,"direction":1,"solutions":""}={"startingGridPosition":54,"endGridPositon":71,"solutionPosition":13,"pathTag":1,"direction":1,"solutions":""}={"startingGridPosition":71,"endGridPositon":33,"solutionPosition":14,"pathTag":1,"direction":1,"solutions":""}