{"startingGridPosition":116,"endGridPositon":64,"solutionPosition":1,"pathTag":1,"direction":1,"solutions":""}={"startingGridPosition":64,"endGridPositon":12,"solutionPosition":2,"pathTag":1,"direction":1,"solutions":""}={"startingGridPosition":12,"endGridPositon":112,"solutionPosition":3,"pathTag":1,"direction":1,"solutions":""}={"startingGridPosition":112,"endGridPositon":61,"solutionPosition":4,"pathTag":1,"direction":1,"solutions":""}={"startingGridPosition":61,"endGridPositon":12,"solutionPosition":5,"pathTag":1,"direction":1,"solutions":""}={"startingGridPosition":12,"endGridPositon":16,"solutionPosition":6,"pathTag":1,"direction":1,"solutions":""}={"startingGridPosition":16,"endGridPositon":67,"solutionPosition":7,"pathTag":1,"direction":1,"solutions":""}={"startingGridPosition":67,"endGridPositon":116,"solutionPosition":8,"pathTag":1,"direction":1,"solutions":""}={"startingGridPosition":116,"endGridPositon":16,"solutionPosition":9,"pathTag":1,"direction":1,"solutions":""}={"startingGridPosition":16,"endGridPositon":64,"solutionPosition":10,"pathTag":1,"direction":1,"solutions":""}={"startingGridPosition":64,"endGridPositon":112,"solutionPosition":11,"pathTag":1,"direction":1,"solutions":""}={"startingGridPosition":112,"endGridPositon":124,"solutionPosition":12,"pathTag":1,"direction":1,"solutions":""}={"startingGridPosition":124,"endGridPositon":116,"solutionPosition":13,"pathTag":1,"direction":1,"solutions":""}={"startingGridPosition":116,"endGridPositon":112,"solutionPosition":14,"pathTag":1,"direction":1,"solutions":""}