{"startingGridPosition":92,"endGridPositon":54,"solutionPosition":1,"pathTag":1,"direction":1,"solutions":""}={"startingGridPosition":54,"endGridPositon":96,"solutionPosition":2,"pathTag":1,"direction":1,"solutions":""}={"startingGridPosition":96,"endGridPositon":94,"solutionPosition":3,"pathTag":1,"direction":1,"solutions":""}={"startingGridPosition":94,"endGridPositon":92,"solutionPosition":4,"pathTag":1,"direction":1,"solutions":""}={"startingGridPosition":92,"endGridPositon":122,"solutionPosition":5,"pathTag":1,"direction":1,"solutions":""}={"startingGridPosition":122,"endGridPositon":94,"solutionPosition":6,"pathTag":1,"direction":1,"solutions":""}={"startingGridPosition":94,"endGridPositon":126,"solutionPosition":7,"pathTag":1,"direction":1,"solutions":""}={"startingGridPosition":126,"endGridPositon":122,"solutionPosition":8,"pathTag":1,"direction":1,"solutions":""}={"startingGridPosition":122,"endGridPositon":61,"solutionPosition":9,"pathTag":1,"direction":1,"solutions":""}={"startingGridPosition":61,"endGridPositon":14,"solutionPosition":10,"pathTag":1,"direction":1,"solutions":""}={"startingGridPosition":14,"endGridPositon":67,"solutionPosition":11,"pathTag":1,"direction":1,"solutions":""}={"startingGridPosition":67,"endGridPositon":126,"solutionPosition":12,"pathTag":1,"direction":1,"solutions":""}={"startingGridPosition":126,"endGridPositon":96,"solutionPosition":13,"pathTag":1,"direction":1,"solutions":""}