{"startingGridPosition":104,"endGridPositon":126,"solutionPosition":1,"pathTag":1,"direction":1,"solutions":""}={"startingGridPosition":126,"endGridPositon":44,"solutionPosition":2,"pathTag":1,"direction":1,"solutions":""}={"startingGridPosition":44,"endGridPositon":23,"solutionPosition":3,"pathTag":1,"direction":1,"solutions":""}={"startingGridPosition":23,"endGridPositon":71,"solutionPosition":4,"pathTag":1,"direction":1,"solutions":""}={"startingGridPosition":71,"endGridPositon":104,"solutionPosition":5,"pathTag":1,"direction":1,"solutions":""}={"startingGridPosition":104,"endGridPositon":77,"solutionPosition":6,"pathTag":1,"direction":1,"solutions":""}={"startingGridPosition":77,"endGridPositon":25,"solutionPosition":7,"pathTag":1,"direction":1,"solutions":""}={"startingGridPosition":25,"endGridPositon":44,"solutionPosition":8,"pathTag":1,"direction":1,"solutions":""}={"startingGridPosition":44,"endGridPositon":122,"solutionPosition":9,"pathTag":1,"direction":1,"solutions":""}={"startingGridPosition":122,"endGridPositon":104,"solutionPosition":10,"pathTag":1,"direction":1,"solutions":""}={"startingGridPosition":104,"endGridPositon":17,"solutionPosition":11,"pathTag":1,"direction":1,"solutions":""}={"startingGridPosition":17,"endGridPositon":124,"solutionPosition":12,"pathTag":1,"direction":1,"solutions":""}={"startingGridPosition":124,"endGridPositon":11,"solutionPosition":13,"pathTag":1,"direction":1,"solutions":""}={"startingGridPosition":11,"endGridPositon":104,"solutionPosition":14,"pathTag":1,"direction":1,"solutions":""}