{"startingGridPosition":83,"endGridPositon":121,"solutionPosition":1,"pathTag":1,"direction":1,"solutions":""}={"startingGridPosition":121,"endGridPositon":94,"solutionPosition":2,"pathTag":1,"direction":1,"solutions":""}={"startingGridPosition":94,"endGridPositon":127,"solutionPosition":3,"pathTag":1,"direction":1,"solutions":""}={"startingGridPosition":127,"endGridPositon":85,"solutionPosition":4,"pathTag":1,"direction":1,"solutions":""}={"startingGridPosition":85,"endGridPositon":16,"solutionPosition":5,"pathTag":1,"direction":1,"solutions":""}={"startingGridPosition":16,"endGridPositon":34,"solutionPosition":6,"pathTag":1,"direction":1,"solutions":""}={"startingGridPosition":34,"endGridPositon":87,"solutionPosition":7,"pathTag":1,"direction":1,"solutions":""}={"startingGridPosition":87,"endGridPositon":124,"solutionPosition":8,"pathTag":1,"direction":1,"solutions":""}={"startingGridPosition":124,"endGridPositon":81,"solutionPosition":9,"pathTag":1,"direction":1,"solutions":""}={"startingGridPosition":81,"endGridPositon":34,"solutionPosition":10,"pathTag":1,"direction":1,"solutions":""}={"startingGridPosition":34,"endGridPositon":12,"solutionPosition":11,"pathTag":1,"direction":1,"solutions":""}={"startingGridPosition":12,"endGridPositon":83,"solutionPosition":12,"pathTag":1,"direction":1,"solutions":""}={"startingGridPosition":83,"endGridPositon":85,"solutionPosition":13,"pathTag":1,"direction":1,"solutions":""}