{"startingGridPosition":37,"endGridPositon":64,"solutionPosition":1,"pathTag":1,"direction":1,"solutions":""}={"startingGridPosition":64,"endGridPositon":91,"solutionPosition":2,"pathTag":1,"direction":1,"solutions":""}={"startingGridPosition":91,"endGridPositon":124,"solutionPosition":3,"pathTag":1,"direction":1,"solutions":""}={"startingGridPosition":124,"endGridPositon":97,"solutionPosition":4,"pathTag":1,"direction":1,"solutions":""}={"startingGridPosition":97,"endGridPositon":91,"solutionPosition":5,"pathTag":1,"direction":1,"solutions":""}={"startingGridPosition":91,"endGridPositon":31,"solutionPosition":6,"pathTag":1,"direction":1,"solutions":""}={"startingGridPosition":31,"endGridPositon":64,"solutionPosition":7,"pathTag":1,"direction":1,"solutions":""}={"startingGridPosition":64,"endGridPositon":97,"solutionPosition":8,"pathTag":1,"direction":1,"solutions":""}={"startingGridPosition":97,"endGridPositon":37,"solutionPosition":9,"pathTag":1,"direction":1,"solutions":""}={"startingGridPosition":37,"endGridPositon":15,"solutionPosition":10,"pathTag":1,"direction":1,"solutions":""}={"startingGridPosition":15,"endGridPositon":64,"solutionPosition":11,"pathTag":1,"direction":1,"solutions":""}={"startingGridPosition":64,"endGridPositon":13,"solutionPosition":12,"pathTag":1,"direction":1,"solutions":""}={"startingGridPosition":13,"endGridPositon":31,"solutionPosition":13,"pathTag":1,"direction":1,"solutions":""}