{"startingGridPosition":15,"endGridPositon":97,"solutionPosition":1,"pathTag":1,"direction":1,"solutions":""}={"startingGridPosition":97,"endGridPositon":116,"solutionPosition":2,"pathTag":1,"direction":1,"solutions":""}={"startingGridPosition":116,"endGridPositon":84,"solutionPosition":3,"pathTag":1,"direction":1,"solutions":""}={"startingGridPosition":84,"endGridPositon":112,"solutionPosition":4,"pathTag":1,"direction":1,"solutions":""}={"startingGridPosition":112,"endGridPositon":91,"solutionPosition":5,"pathTag":1,"direction":1,"solutions":""}={"startingGridPosition":91,"endGridPositon":13,"solutionPosition":6,"pathTag":1,"direction":1,"solutions":""}={"startingGridPosition":13,"endGridPositon":15,"solutionPosition":7,"pathTag":1,"direction":1,"solutions":""}={"startingGridPosition":15,"endGridPositon":54,"solutionPosition":8,"pathTag":1,"direction":1,"solutions":""}={"startingGridPosition":54,"endGridPositon":65,"solutionPosition":9,"pathTag":1,"direction":1,"solutions":""}={"startingGridPosition":65,"endGridPositon":114,"solutionPosition":10,"pathTag":1,"direction":1,"solutions":""}={"startingGridPosition":114,"endGridPositon":63,"solutionPosition":11,"pathTag":1,"direction":1,"solutions":""}={"startingGridPosition":63,"endGridPositon":54,"solutionPosition":12,"pathTag":1,"direction":1,"solutions":""}={"startingGridPosition":54,"endGridPositon":13,"solutionPosition":13,"pathTag":1,"direction":1,"solutions":""}