{"startingGridPosition":85,"endGridPositon":83,"solutionPosition":1,"pathTag":1,"direction":1,"solutions":""}={"startingGridPosition":83,"endGridPositon":124,"solutionPosition":2,"pathTag":1,"direction":1,"solutions":""}={"startingGridPosition":124,"endGridPositon":85,"solutionPosition":3,"pathTag":1,"direction":1,"solutions":""}={"startingGridPosition":85,"endGridPositon":46,"solutionPosition":4,"pathTag":1,"direction":1,"solutions":""}={"startingGridPosition":46,"endGridPositon":34,"solutionPosition":5,"pathTag":1,"direction":1,"solutions":""}={"startingGridPosition":34,"endGridPositon":121,"solutionPosition":6,"pathTag":1,"direction":1,"solutions":""}={"startingGridPosition":121,"endGridPositon":11,"solutionPosition":7,"pathTag":1,"direction":1,"solutions":""}={"startingGridPosition":11,"endGridPositon":54,"solutionPosition":8,"pathTag":1,"direction":1,"solutions":""}={"startingGridPosition":54,"endGridPositon":17,"solutionPosition":9,"pathTag":1,"direction":1,"solutions":""}={"startingGridPosition":17,"endGridPositon":127,"solutionPosition":10,"pathTag":1,"direction":1,"solutions":""}={"startingGridPosition":127,"endGridPositon":34,"solutionPosition":11,"pathTag":1,"direction":1,"solutions":""}={"startingGridPosition":34,"endGridPositon":42,"solutionPosition":12,"pathTag":1,"direction":1,"solutions":""}={"startingGridPosition":42,"endGridPositon":83,"solutionPosition":13,"pathTag":1,"direction":1,"solutions":""}