{"startingGridPosition":104,"endGridPositon":117,"solutionPosition":1,"pathTag":1,"direction":1,"solutions":""}={"startingGridPosition":117,"endGridPositon":124,"solutionPosition":2,"pathTag":1,"direction":1,"solutions":""}={"startingGridPosition":124,"endGridPositon":111,"solutionPosition":3,"pathTag":1,"direction":1,"solutions":""}={"startingGridPosition":111,"endGridPositon":104,"solutionPosition":4,"pathTag":1,"direction":1,"solutions":""}={"startingGridPosition":104,"endGridPositon":17,"solutionPosition":5,"pathTag":1,"direction":1,"solutions":""}={"startingGridPosition":17,"endGridPositon":34,"solutionPosition":6,"pathTag":1,"direction":1,"solutions":""}={"startingGridPosition":34,"endGridPositon":87,"solutionPosition":7,"pathTag":1,"direction":1,"solutions":""}={"startingGridPosition":87,"endGridPositon":96,"solutionPosition":8,"pathTag":1,"direction":1,"solutions":""}={"startingGridPosition":96,"endGridPositon":64,"solutionPosition":9,"pathTag":1,"direction":1,"solutions":""}={"startingGridPosition":64,"endGridPositon":92,"solutionPosition":10,"pathTag":1,"direction":1,"solutions":""}={"startingGridPosition":92,"endGridPositon":81,"solutionPosition":11,"pathTag":1,"direction":1,"solutions":""}={"startingGridPosition":81,"endGridPositon":34,"solutionPosition":12,"pathTag":1,"direction":1,"solutions":""}={"startingGridPosition":34,"endGridPositon":11,"solutionPosition":13,"pathTag":1,"direction":1,"solutions":""}={"startingGridPosition":11,"endGridPositon":104,"solutionPosition":14,"pathTag":1,"direction":1,"solutions":""}