{"startingGridPosition":42,"endGridPositon":14,"solutionPosition":1,"pathTag":1,"direction":1,"solutions":""}={"startingGridPosition":14,"endGridPositon":21,"solutionPosition":2,"pathTag":1,"direction":1,"solutions":""}={"startingGridPosition":21,"endGridPositon":42,"solutionPosition":3,"pathTag":1,"direction":1,"solutions":""}={"startingGridPosition":42,"endGridPositon":94,"solutionPosition":4,"pathTag":1,"direction":1,"solutions":""}={"startingGridPosition":94,"endGridPositon":126,"solutionPosition":5,"pathTag":1,"direction":1,"solutions":""}={"startingGridPosition":126,"endGridPositon":54,"solutionPosition":6,"pathTag":1,"direction":1,"solutions":""}={"startingGridPosition":54,"endGridPositon":112,"solutionPosition":7,"pathTag":1,"direction":1,"solutions":""}={"startingGridPosition":112,"endGridPositon":94,"solutionPosition":8,"pathTag":1,"direction":1,"solutions":""}={"startingGridPosition":94,"endGridPositon":46,"solutionPosition":9,"pathTag":1,"direction":1,"solutions":""}={"startingGridPosition":46,"endGridPositon":14,"solutionPosition":10,"pathTag":1,"direction":1,"solutions":""}={"startingGridPosition":14,"endGridPositon":27,"solutionPosition":11,"pathTag":1,"direction":1,"solutions":""}={"startingGridPosition":27,"endGridPositon":46,"solutionPosition":12,"pathTag":1,"direction":1,"solutions":""}={"startingGridPosition":46,"endGridPositon":124,"solutionPosition":13,"pathTag":1,"direction":1,"solutions":""}={"startingGridPosition":124,"endGridPositon":42,"solutionPosition":14,"pathTag":1,"direction":1,"solutions":""}