{"startingGridPosition":127,"endGridPositon":74,"solutionPosition":1,"pathTag":1,"direction":1,"solutions":""}={"startingGridPosition":74,"endGridPositon":121,"solutionPosition":2,"pathTag":1,"direction":1,"solutions":""}={"startingGridPosition":121,"endGridPositon":44,"solutionPosition":3,"pathTag":1,"direction":1,"solutions":""}={"startingGridPosition":44,"endGridPositon":67,"solutionPosition":4,"pathTag":1,"direction":1,"solutions":""}={"startingGridPosition":67,"endGridPositon":104,"solutionPosition":5,"pathTag":1,"direction":1,"solutions":""}={"startingGridPosition":104,"endGridPositon":125,"solutionPosition":6,"pathTag":1,"direction":1,"solutions":""}={"startingGridPosition":125,"endGridPositon":15,"solutionPosition":7,"pathTag":1,"direction":1,"solutions":""}={"startingGridPosition":15,"endGridPositon":13,"solutionPosition":8,"pathTag":1,"direction":1,"solutions":""}={"startingGridPosition":13,"endGridPositon":123,"solutionPosition":9,"pathTag":1,"direction":1,"solutions":""}={"startingGridPosition":123,"endGridPositon":104,"solutionPosition":10,"pathTag":1,"direction":1,"solutions":""}={"startingGridPosition":104,"endGridPositon":61,"solutionPosition":11,"pathTag":1,"direction":1,"solutions":""}={"startingGridPosition":61,"endGridPositon":44,"solutionPosition":12,"pathTag":1,"direction":1,"solutions":""}={"startingGridPosition":44,"endGridPositon":127,"solutionPosition":13,"pathTag":1,"direction":1,"solutions":""}