{"startingGridPosition":115,"endGridPositon":77,"solutionPosition":1,"pathTag":1,"direction":1,"solutions":""}={"startingGridPosition":77,"endGridPositon":54,"solutionPosition":2,"pathTag":1,"direction":1,"solutions":""}={"startingGridPosition":54,"endGridPositon":111,"solutionPosition":3,"pathTag":1,"direction":1,"solutions":""}={"startingGridPosition":111,"endGridPositon":113,"solutionPosition":4,"pathTag":1,"direction":1,"solutions":""}={"startingGridPosition":113,"endGridPositon":94,"solutionPosition":5,"pathTag":1,"direction":1,"solutions":""}={"startingGridPosition":94,"endGridPositon":17,"solutionPosition":6,"pathTag":1,"direction":1,"solutions":""}={"startingGridPosition":17,"endGridPositon":124,"solutionPosition":7,"pathTag":1,"direction":1,"solutions":""}={"startingGridPosition":124,"endGridPositon":11,"solutionPosition":8,"pathTag":1,"direction":1,"solutions":""}={"startingGridPosition":11,"endGridPositon":94,"solutionPosition":9,"pathTag":1,"direction":1,"solutions":""}={"startingGridPosition":94,"endGridPositon":115,"solutionPosition":10,"pathTag":1,"direction":1,"solutions":""}={"startingGridPosition":115,"endGridPositon":117,"solutionPosition":11,"pathTag":1,"direction":1,"solutions":""}={"startingGridPosition":117,"endGridPositon":54,"solutionPosition":12,"pathTag":1,"direction":1,"solutions":""}={"startingGridPosition":54,"endGridPositon":71,"solutionPosition":13,"pathTag":1,"direction":1,"solutions":""}={"startingGridPosition":71,"endGridPositon":113,"solutionPosition":14,"pathTag":1,"direction":1,"solutions":""}