{"startingGridPosition":127,"endGridPositon":104,"solutionPosition":1,"pathTag":1,"direction":1,"solutions":""}={"startingGridPosition":104,"endGridPositon":121,"solutionPosition":2,"pathTag":1,"direction":1,"solutions":""}={"startingGridPosition":121,"endGridPositon":33,"solutionPosition":3,"pathTag":1,"direction":1,"solutions":""}={"startingGridPosition":33,"endGridPositon":12,"solutionPosition":4,"pathTag":1,"direction":1,"solutions":""}={"startingGridPosition":12,"endGridPositon":21,"solutionPosition":5,"pathTag":1,"direction":1,"solutions":""}={"startingGridPosition":21,"endGridPositon":104,"solutionPosition":6,"pathTag":1,"direction":1,"solutions":""}={"startingGridPosition":104,"endGridPositon":27,"solutionPosition":7,"pathTag":1,"direction":1,"solutions":""}={"startingGridPosition":27,"endGridPositon":16,"solutionPosition":8,"pathTag":1,"direction":1,"solutions":""}={"startingGridPosition":16,"endGridPositon":35,"solutionPosition":9,"pathTag":1,"direction":1,"solutions":""}={"startingGridPosition":35,"endGridPositon":54,"solutionPosition":10,"pathTag":1,"direction":1,"solutions":""}={"startingGridPosition":54,"endGridPositon":33,"solutionPosition":11,"pathTag":1,"direction":1,"solutions":""}={"startingGridPosition":33,"endGridPositon":14,"solutionPosition":12,"pathTag":1,"direction":1,"solutions":""}={"startingGridPosition":14,"endGridPositon":35,"solutionPosition":13,"pathTag":1,"direction":1,"solutions":""}={"startingGridPosition":35,"endGridPositon":127,"solutionPosition":14,"pathTag":1,"direction":1,"solutions":""}