{"startingGridPosition":44,"endGridPositon":61,"solutionPosition":1,"pathTag":1,"direction":1,"solutions":""}={"startingGridPosition":61,"endGridPositon":112,"solutionPosition":2,"pathTag":1,"direction":1,"solutions":""}={"startingGridPosition":112,"endGridPositon":93,"solutionPosition":3,"pathTag":1,"direction":1,"solutions":""}={"startingGridPosition":93,"endGridPositon":74,"solutionPosition":4,"pathTag":1,"direction":1,"solutions":""}={"startingGridPosition":74,"endGridPositon":11,"solutionPosition":5,"pathTag":1,"direction":1,"solutions":""}={"startingGridPosition":11,"endGridPositon":93,"solutionPosition":6,"pathTag":1,"direction":1,"solutions":""}={"startingGridPosition":93,"endGridPositon":114,"solutionPosition":7,"pathTag":1,"direction":1,"solutions":""}={"startingGridPosition":114,"endGridPositon":95,"solutionPosition":8,"pathTag":1,"direction":1,"solutions":""}={"startingGridPosition":95,"endGridPositon":74,"solutionPosition":9,"pathTag":1,"direction":1,"solutions":""}={"startingGridPosition":74,"endGridPositon":17,"solutionPosition":10,"pathTag":1,"direction":1,"solutions":""}={"startingGridPosition":17,"endGridPositon":95,"solutionPosition":11,"pathTag":1,"direction":1,"solutions":""}={"startingGridPosition":95,"endGridPositon":116,"solutionPosition":12,"pathTag":1,"direction":1,"solutions":""}={"startingGridPosition":116,"endGridPositon":67,"solutionPosition":13,"pathTag":1,"direction":1,"solutions":""}={"startingGridPosition":67,"endGridPositon":44,"solutionPosition":14,"pathTag":1,"direction":1,"solutions":""}