{"startingGridPosition":116,"endGridPositon":124,"solutionPosition":1,"pathTag":1,"direction":1,"solutions":""}={"startingGridPosition":124,"endGridPositon":112,"solutionPosition":2,"pathTag":1,"direction":1,"solutions":""}={"startingGridPosition":112,"endGridPositon":104,"solutionPosition":3,"pathTag":1,"direction":1,"solutions":""}={"startingGridPosition":104,"endGridPositon":116,"solutionPosition":4,"pathTag":1,"direction":1,"solutions":""}={"startingGridPosition":116,"endGridPositon":74,"solutionPosition":5,"pathTag":1,"direction":1,"solutions":""}={"startingGridPosition":74,"endGridPositon":112,"solutionPosition":6,"pathTag":1,"direction":1,"solutions":""}={"startingGridPosition":112,"endGridPositon":121,"solutionPosition":7,"pathTag":1,"direction":1,"solutions":""}={"startingGridPosition":121,"endGridPositon":24,"solutionPosition":8,"pathTag":1,"direction":1,"solutions":""}={"startingGridPosition":24,"endGridPositon":11,"solutionPosition":9,"pathTag":1,"direction":1,"solutions":""}={"startingGridPosition":11,"endGridPositon":74,"solutionPosition":10,"pathTag":1,"direction":1,"solutions":""}={"startingGridPosition":74,"endGridPositon":17,"solutionPosition":11,"pathTag":1,"direction":1,"solutions":""}={"startingGridPosition":17,"endGridPositon":24,"solutionPosition":12,"pathTag":1,"direction":1,"solutions":""}={"startingGridPosition":24,"endGridPositon":127,"solutionPosition":13,"pathTag":1,"direction":1,"solutions":""}={"startingGridPosition":127,"endGridPositon":116,"solutionPosition":14,"pathTag":1,"direction":1,"solutions":""}