{"startingGridPosition":36,"endGridPositon":47,"solutionPosition":1,"pathTag":1,"direction":1,"solutions":""}={"startingGridPosition":47,"endGridPositon":94,"solutionPosition":2,"pathTag":1,"direction":1,"solutions":""}={"startingGridPosition":94,"endGridPositon":41,"solutionPosition":3,"pathTag":1,"direction":1,"solutions":""}={"startingGridPosition":41,"endGridPositon":32,"solutionPosition":4,"pathTag":1,"direction":1,"solutions":""}={"startingGridPosition":32,"endGridPositon":44,"solutionPosition":5,"pathTag":1,"direction":1,"solutions":""}={"startingGridPosition":44,"endGridPositon":102,"solutionPosition":6,"pathTag":1,"direction":1,"solutions":""}={"startingGridPosition":102,"endGridPositon":113,"solutionPosition":7,"pathTag":1,"direction":1,"solutions":""}={"startingGridPosition":113,"endGridPositon":94,"solutionPosition":8,"pathTag":1,"direction":1,"solutions":""}={"startingGridPosition":94,"endGridPositon":115,"solutionPosition":9,"pathTag":1,"direction":1,"solutions":""}={"startingGridPosition":115,"endGridPositon":106,"solutionPosition":10,"pathTag":1,"direction":1,"solutions":""}={"startingGridPosition":106,"endGridPositon":44,"solutionPosition":11,"pathTag":1,"direction":1,"solutions":""}={"startingGridPosition":44,"endGridPositon":36,"solutionPosition":12,"pathTag":1,"direction":1,"solutions":""}={"startingGridPosition":36,"endGridPositon":14,"solutionPosition":13,"pathTag":1,"direction":1,"solutions":""}={"startingGridPosition":14,"endGridPositon":32,"solutionPosition":14,"pathTag":1,"direction":1,"solutions":""}