{"startingGridPosition":54,"endGridPositon":57,"solutionPosition":1,"pathTag":2,"direction":1,"solutions":"1_s,8_s"}={"startingGridPosition":57,"endGridPositon":37,"solutionPosition":3,"pathTag":1,"direction":1,"solutions":""}={"startingGridPosition":37,"endGridPositon":34,"solutionPosition":4,"pathTag":1,"direction":1,"solutions":""}={"startingGridPosition":34,"endGridPositon":54,"solutionPosition":5,"pathTag":1,"direction":1,"solutions":""}={"startingGridPosition":54,"endGridPositon":16,"solutionPosition":6,"pathTag":1,"direction":1,"solutions":""}={"startingGridPosition":16,"endGridPositon":12,"solutionPosition":7,"pathTag":1,"direction":1,"solutions":""}={"startingGridPosition":12,"endGridPositon":54,"solutionPosition":9,"pathTag":1,"direction":1,"solutions":""}={"startingGridPosition":57,"endGridPositon":84,"solutionPosition":10,"pathTag":1,"direction":1,"solutions":""}={"startingGridPosition":84,"endGridPositon":114,"solutionPosition":11,"pathTag":1,"direction":1,"solutions":""}={"startingGridPosition":114,"endGridPositon":111,"solutionPosition":12,"pathTag":1,"direction":1,"solutions":""}={"startingGridPosition":111,"endGridPositon":81,"solutionPosition":13,"pathTag":1,"direction":1,"solutions":""}={"startingGridPosition":81,"endGridPositon":84,"solutionPosition":14,"pathTag":1,"direction":1,"solutions":""}={"startingGridPosition":84,"endGridPositon":54,"solutionPosition":15,"pathTag":1,"direction":1,"solutions":""}