{"startingGridPosition":97,"endGridPositon":95,"solutionPosition":1,"pathTag":1,"direction":1,"solutions":""}={"startingGridPosition":95,"endGridPositon":54,"solutionPosition":2,"pathTag":1,"direction":1,"solutions":""}={"startingGridPosition":54,"endGridPositon":93,"solutionPosition":3,"pathTag":1,"direction":1,"solutions":""}={"startingGridPosition":93,"endGridPositon":41,"solutionPosition":4,"pathTag":1,"direction":1,"solutions":""}={"startingGridPosition":41,"endGridPositon":14,"solutionPosition":5,"pathTag":1,"direction":1,"solutions":""}={"startingGridPosition":14,"endGridPositon":91,"solutionPosition":6,"pathTag":1,"direction":1,"solutions":""}={"startingGridPosition":91,"endGridPositon":124,"solutionPosition":7,"pathTag":1,"direction":1,"solutions":""}={"startingGridPosition":124,"endGridPositon":97,"solutionPosition":8,"pathTag":1,"direction":1,"solutions":""}={"startingGridPosition":97,"endGridPositon":14,"solutionPosition":9,"pathTag":1,"direction":1,"solutions":""}={"startingGridPosition":14,"endGridPositon":47,"solutionPosition":10,"pathTag":1,"direction":1,"solutions":""}={"startingGridPosition":47,"endGridPositon":95,"solutionPosition":11,"pathTag":1,"direction":1,"solutions":""}