{"startingGridPosition":124,"endGridPositon":54,"solutionPosition":1,"pathTag":1,"direction":1,"solutions":""}={"startingGridPosition":54,"endGridPositon":97,"solutionPosition":2,"pathTag":1,"direction":1,"solutions":""}={"startingGridPosition":97,"endGridPositon":124,"solutionPosition":3,"pathTag":1,"direction":1,"solutions":""}={"startingGridPosition":124,"endGridPositon":116,"solutionPosition":4,"pathTag":1,"direction":1,"solutions":""}={"startingGridPosition":116,"endGridPositon":17,"solutionPosition":5,"pathTag":1,"direction":1,"solutions":""}={"startingGridPosition":17,"endGridPositon":54,"solutionPosition":6,"pathTag":1,"direction":1,"solutions":""}={"startingGridPosition":54,"endGridPositon":11,"solutionPosition":7,"pathTag":1,"direction":1,"solutions":""}={"startingGridPosition":11,"endGridPositon":112,"solutionPosition":8,"pathTag":1,"direction":1,"solutions":""}={"startingGridPosition":112,"endGridPositon":124,"solutionPosition":9,"pathTag":1,"direction":1,"solutions":""}={"startingGridPosition":124,"endGridPositon":91,"solutionPosition":10,"pathTag":1,"direction":1,"solutions":""}={"startingGridPosition":91,"endGridPositon":24,"solutionPosition":11,"pathTag":1,"direction":1,"solutions":""}={"startingGridPosition":24,"endGridPositon":97,"solutionPosition":12,"pathTag":1,"direction":1,"solutions":""}={"startingGridPosition":97,"endGridPositon":91,"solutionPosition":13,"pathTag":1,"direction":1,"solutions":""}={"startingGridPosition":91,"endGridPositon":54,"solutionPosition":14,"pathTag":1,"direction":1,"solutions":""}