{"startingGridPosition":97,"endGridPositon":51,"solutionPosition":1,"pathTag":2,"direction":1,"solutions":"1_s,10_o"}={"startingGridPosition":51,"endGridPositon":125,"solutionPosition":2,"pathTag":1,"direction":2,"solutions":""}={"startingGridPosition":125,"endGridPositon":97,"solutionPosition":3,"pathTag":1,"direction":1,"solutions":""}={"startingGridPosition":97,"endGridPositon":13,"solutionPosition":4,"pathTag":1,"direction":1,"solutions":""}={"startingGridPosition":13,"endGridPositon":51,"solutionPosition":5,"pathTag":1,"direction":1,"solutions":""}={"startingGridPosition":51,"endGridPositon":11,"solutionPosition":6,"pathTag":1,"direction":1,"solutions":""}={"startingGridPosition":11,"endGridPositon":13,"solutionPosition":7,"pathTag":1,"direction":1,"solutions":""}={"startingGridPosition":13,"endGridPositon":17,"solutionPosition":8,"pathTag":1,"direction":1,"solutions":""}={"startingGridPosition":17,"endGridPositon":97,"solutionPosition":9,"pathTag":1,"direction":1,"solutions":""}={"startingGridPosition":51,"endGridPositon":121,"solutionPosition":11,"pathTag":1,"direction":1,"solutions":""}={"startingGridPosition":121,"endGridPositon":125,"solutionPosition":12,"pathTag":1,"direction":1,"solutions":""}={"startingGridPosition":125,"endGridPositon":127,"solutionPosition":13,"pathTag":1,"direction":1,"solutions":""}={"startingGridPosition":127,"endGridPositon":97,"solutionPosition":14,"pathTag":1,"direction":1,"solutions":""}