{"startingGridPosition":55,"endGridPositon":74,"solutionPosition":1,"pathTag":1,"direction":1,"solutions":""}={"startingGridPosition":74,"endGridPositon":53,"solutionPosition":2,"pathTag":1,"direction":1,"solutions":""}={"startingGridPosition":53,"endGridPositon":11,"solutionPosition":3,"pathTag":1,"direction":1,"solutions":""}={"startingGridPosition":11,"endGridPositon":91,"solutionPosition":4,"pathTag":1,"direction":1,"solutions":""}={"startingGridPosition":91,"endGridPositon":103,"solutionPosition":5,"pathTag":1,"direction":1,"solutions":""}={"startingGridPosition":103,"endGridPositon":124,"solutionPosition":6,"pathTag":1,"direction":1,"solutions":""}={"startingGridPosition":124,"endGridPositon":55,"solutionPosition":7,"pathTag":1,"direction":1,"solutions":""}={"startingGridPosition":55,"endGridPositon":34,"solutionPosition":8,"pathTag":1,"direction":1,"solutions":""}={"startingGridPosition":34,"endGridPositon":53,"solutionPosition":9,"pathTag":1,"direction":1,"solutions":""}={"startingGridPosition":53,"endGridPositon":124,"solutionPosition":10,"pathTag":1,"direction":1,"solutions":""}={"startingGridPosition":124,"endGridPositon":105,"solutionPosition":11,"pathTag":1,"direction":1,"solutions":""}={"startingGridPosition":105,"endGridPositon":97,"solutionPosition":12,"pathTag":1,"direction":1,"solutions":""}={"startingGridPosition":97,"endGridPositon":17,"solutionPosition":13,"pathTag":1,"direction":1,"solutions":""}={"startingGridPosition":17,"endGridPositon":55,"solutionPosition":14,"pathTag":1,"direction":1,"solutions":""}