{"startingGridPosition":123,"endGridPositon":125,"solutionPosition":1,"pathTag":1,"direction":1,"solutions":""}={"startingGridPosition":125,"endGridPositon":61,"solutionPosition":2,"pathTag":1,"direction":1,"solutions":""}={"startingGridPosition":61,"endGridPositon":123,"solutionPosition":3,"pathTag":1,"direction":1,"solutions":""}={"startingGridPosition":123,"endGridPositon":64,"solutionPosition":4,"pathTag":1,"direction":1,"solutions":""}={"startingGridPosition":64,"endGridPositon":15,"solutionPosition":5,"pathTag":1,"direction":1,"solutions":""}={"startingGridPosition":15,"endGridPositon":13,"solutionPosition":6,"pathTag":1,"direction":1,"solutions":""}={"startingGridPosition":13,"endGridPositon":67,"solutionPosition":7,"pathTag":1,"direction":1,"solutions":""}={"startingGridPosition":67,"endGridPositon":125,"solutionPosition":8,"pathTag":1,"direction":1,"solutions":""}={"startingGridPosition":125,"endGridPositon":64,"solutionPosition":9,"pathTag":1,"direction":1,"solutions":""}={"startingGridPosition":64,"endGridPositon":13,"solutionPosition":10,"pathTag":1,"direction":1,"solutions":""}={"startingGridPosition":13,"endGridPositon":61,"solutionPosition":11,"pathTag":1,"direction":1,"solutions":""}={"startingGridPosition":61,"endGridPositon":64,"solutionPosition":12,"pathTag":1,"direction":1,"solutions":""}={"startingGridPosition":64,"endGridPositon":67,"solutionPosition":13,"pathTag":1,"direction":1,"solutions":""}={"startingGridPosition":67,"endGridPositon":15,"solutionPosition":14,"pathTag":1,"direction":1,"solutions":""}