{"startingGridPosition":74,"endGridPositon":93,"solutionPosition":1,"pathTag":1,"direction":1,"solutions":""}={"startingGridPosition":93,"endGridPositon":95,"solutionPosition":2,"pathTag":1,"direction":1,"solutions":""}={"startingGridPosition":95,"endGridPositon":74,"solutionPosition":3,"pathTag":1,"direction":1,"solutions":""}={"startingGridPosition":74,"endGridPositon":32,"solutionPosition":4,"pathTag":1,"direction":1,"solutions":""}={"startingGridPosition":32,"endGridPositon":24,"solutionPosition":5,"pathTag":1,"direction":1,"solutions":""}={"startingGridPosition":24,"endGridPositon":72,"solutionPosition":6,"pathTag":1,"direction":1,"solutions":""}={"startingGridPosition":72,"endGridPositon":93,"solutionPosition":7,"pathTag":1,"direction":1,"solutions":""}={"startingGridPosition":93,"endGridPositon":114,"solutionPosition":8,"pathTag":1,"direction":1,"solutions":""}={"startingGridPosition":114,"endGridPositon":95,"solutionPosition":9,"pathTag":1,"direction":1,"solutions":""}={"startingGridPosition":95,"endGridPositon":76,"solutionPosition":10,"pathTag":1,"direction":1,"solutions":""}={"startingGridPosition":76,"endGridPositon":24,"solutionPosition":11,"pathTag":1,"direction":1,"solutions":""}={"startingGridPosition":24,"endGridPositon":36,"solutionPosition":12,"pathTag":1,"direction":1,"solutions":""}={"startingGridPosition":36,"endGridPositon":74,"solutionPosition":13,"pathTag":1,"direction":1,"solutions":""}