{"startingGridPosition":124,"endGridPositon":94,"solutionPosition":1,"pathTag":1,"direction":1,"solutions":""}={"startingGridPosition":94,"endGridPositon":62,"solutionPosition":2,"pathTag":1,"direction":1,"solutions":""}={"startingGridPosition":62,"endGridPositon":34,"solutionPosition":3,"pathTag":1,"direction":1,"solutions":""}={"startingGridPosition":34,"endGridPositon":66,"solutionPosition":4,"pathTag":1,"direction":1,"solutions":""}={"startingGridPosition":66,"endGridPositon":94,"solutionPosition":5,"pathTag":1,"direction":1,"solutions":""}={"startingGridPosition":94,"endGridPositon":14,"solutionPosition":6,"pathTag":1,"direction":1,"solutions":""}={"startingGridPosition":14,"endGridPositon":11,"solutionPosition":7,"pathTag":1,"direction":1,"solutions":""}={"startingGridPosition":11,"endGridPositon":121,"solutionPosition":8,"pathTag":1,"direction":1,"solutions":""}={"startingGridPosition":121,"endGridPositon":124,"solutionPosition":9,"pathTag":1,"direction":1,"solutions":""}={"startingGridPosition":124,"endGridPositon":127,"solutionPosition":10,"pathTag":1,"direction":1,"solutions":""}={"startingGridPosition":127,"endGridPositon":17,"solutionPosition":11,"pathTag":1,"direction":1,"solutions":""}={"startingGridPosition":17,"endGridPositon":14,"solutionPosition":12,"pathTag":1,"direction":1,"solutions":""}