{"startingGridPosition":44,"endGridPositon":124,"solutionPosition":1,"pathTag":1,"direction":1,"solutions":""}={"startingGridPosition":124,"endGridPositon":17,"solutionPosition":2,"pathTag":1,"direction":1,"solutions":""}={"startingGridPosition":17,"endGridPositon":107,"solutionPosition":3,"pathTag":1,"direction":1,"solutions":""}={"startingGridPosition":107,"endGridPositon":124,"solutionPosition":4,"pathTag":1,"direction":1,"solutions":""}={"startingGridPosition":124,"endGridPositon":11,"solutionPosition":5,"pathTag":1,"direction":1,"solutions":""}={"startingGridPosition":11,"endGridPositon":17,"solutionPosition":6,"pathTag":1,"direction":1,"solutions":""}={"startingGridPosition":17,"endGridPositon":44,"solutionPosition":7,"pathTag":1,"direction":1,"solutions":""}={"startingGridPosition":44,"endGridPositon":101,"solutionPosition":8,"pathTag":1,"direction":1,"solutions":""}={"startingGridPosition":101,"endGridPositon":11,"solutionPosition":9,"pathTag":1,"direction":1,"solutions":""}={"startingGridPosition":11,"endGridPositon":44,"solutionPosition":10,"pathTag":1,"direction":1,"solutions":""}={"startingGridPosition":44,"endGridPositon":107,"solutionPosition":11,"pathTag":1,"direction":1,"solutions":""}={"startingGridPosition":107,"endGridPositon":101,"solutionPosition":12,"pathTag":1,"direction":1,"solutions":""}