{"startingGridPosition":31,"endGridPositon":11,"solutionPosition":1,"pathTag":2,"direction":1,"solutions":"1_s,2_o"}={"startingGridPosition":31,"endGridPositon":33,"solutionPosition":3,"pathTag":1,"direction":1,"solutions":""}={"startingGridPosition":33,"endGridPositon":53,"solutionPosition":4,"pathTag":1,"direction":2,"solutions":""}={"startingGridPosition":53,"endGridPositon":51,"solutionPosition":5,"pathTag":1,"direction":1,"solutions":""}={"startingGridPosition":51,"endGridPositon":81,"solutionPosition":6,"pathTag":1,"direction":1,"solutions":""}={"startingGridPosition":81,"endGridPositon":83,"solutionPosition":7,"pathTag":1,"direction":1,"solutions":""}={"startingGridPosition":83,"endGridPositon":85,"solutionPosition":8,"pathTag":1,"direction":1,"solutions":""}={"startingGridPosition":85,"endGridPositon":115,"solutionPosition":9,"pathTag":1,"direction":1,"solutions":""}={"startingGridPosition":115,"endGridPositon":113,"solutionPosition":10,"pathTag":1,"direction":1,"solutions":""}={"startingGridPosition":113,"endGridPositon":83,"solutionPosition":11,"pathTag":1,"direction":1,"solutions":""}={"startingGridPosition":83,"endGridPositon":53,"solutionPosition":12,"pathTag":1,"direction":1,"solutions":""}={"startingGridPosition":53,"endGridPositon":55,"solutionPosition":13,"pathTag":1,"direction":1,"solutions":""}={"startingGridPosition":55,"endGridPositon":35,"solutionPosition":14,"pathTag":2,"direction":1,"solutions":"14_s,18_s"}={"startingGridPosition":35,"endGridPositon":37,"solutionPosition":15,"pathTag":1,"direction":1,"solutions":""}={"startingGridPosition":37,"endGridPositon":57,"solutionPosition":16,"pathTag":1,"direction":2,"solutions":""}={"startingGridPosition":57,"endGridPositon":55,"solutionPosition":17,"pathTag":1,"direction":1,"solutions":""}={"startingGridPosition":35,"endGridPositon":33,"solutionPosition":19,"pathTag":1,"direction":1,"solutions":""}={"startingGridPosition":33,"endGridPositon":13,"solutionPosition":20,"pathTag":1,"direction":1,"solutions":""}={"startingGridPosition":13,"endGridPositon":11,"solutionPosition":21,"pathTag":1,"direction":1,"solutions":""}