{"startingGridPosition":33,"endGridPositon":114,"solutionPosition":1,"pathTag":1,"direction":1,"solutions":""}={"startingGridPosition":114,"endGridPositon":35,"solutionPosition":2,"pathTag":1,"direction":2,"solutions":""}={"startingGridPosition":35,"endGridPositon":15,"solutionPosition":3,"pathTag":1,"direction":1,"solutions":""}={"startingGridPosition":15,"endGridPositon":127,"solutionPosition":4,"pathTag":1,"direction":1,"solutions":""}={"startingGridPosition":127,"endGridPositon":116,"solutionPosition":5,"pathTag":1,"direction":1,"solutions":""}={"startingGridPosition":116,"endGridPositon":35,"solutionPosition":6,"pathTag":1,"direction":1,"solutions":""}={"startingGridPosition":35,"endGridPositon":37,"solutionPosition":7,"pathTag":1,"direction":1,"solutions":""}={"startingGridPosition":37,"endGridPositon":77,"solutionPosition":8,"pathTag":1,"direction":1,"solutions":""}={"startingGridPosition":77,"endGridPositon":114,"solutionPosition":9,"pathTag":1,"direction":1,"solutions":""}={"startingGridPosition":114,"endGridPositon":71,"solutionPosition":10,"pathTag":1,"direction":1,"solutions":""}={"startingGridPosition":71,"endGridPositon":31,"solutionPosition":11,"pathTag":1,"direction":1,"solutions":""}={"startingGridPosition":31,"endGridPositon":33,"solutionPosition":12,"pathTag":1,"direction":1,"solutions":""}={"startingGridPosition":33,"endGridPositon":24,"solutionPosition":13,"pathTag":1,"direction":1,"solutions":""}={"startingGridPosition":24,"endGridPositon":35,"solutionPosition":14,"pathTag":1,"direction":1,"solutions":""}={"startingGridPosition":35,"endGridPositon":33,"solutionPosition":15,"pathTag":1,"direction":1,"solutions":""}={"startingGridPosition":33,"endGridPositon":112,"solutionPosition":16,"pathTag":1,"direction":1,"solutions":""}={"startingGridPosition":112,"endGridPositon":121,"solutionPosition":17,"pathTag":1,"direction":1,"solutions":""}={"startingGridPosition":121,"endGridPositon":127,"solutionPosition":18,"pathTag":2,"direction":1,"solutions":"18_s,19_o"}={"startingGridPosition":121,"endGridPositon":13,"solutionPosition":20,"pathTag":1,"direction":1,"solutions":""}={"startingGridPosition":13,"endGridPositon":33,"solutionPosition":21,"pathTag":1,"direction":1,"solutions":""}