{"startingGridPosition":66,"endGridPositon":77,"solutionPosition":1,"pathTag":1,"direction":1,"solutions":""}={"startingGridPosition":77,"endGridPositon":17,"solutionPosition":2,"pathTag":1,"direction":1,"solutions":""}={"startingGridPosition":17,"endGridPositon":15,"solutionPosition":3,"pathTag":1,"direction":1,"solutions":""}={"startingGridPosition":15,"endGridPositon":77,"solutionPosition":4,"pathTag":1,"direction":1,"solutions":""}={"startingGridPosition":77,"endGridPositon":125,"solutionPosition":5,"pathTag":1,"direction":1,"solutions":""}={"startingGridPosition":125,"endGridPositon":114,"solutionPosition":6,"pathTag":1,"direction":1,"solutions":""}={"startingGridPosition":114,"endGridPositon":66,"solutionPosition":7,"pathTag":1,"direction":1,"solutions":""}={"startingGridPosition":66,"endGridPositon":24,"solutionPosition":8,"pathTag":1,"direction":1,"solutions":""}={"startingGridPosition":24,"endGridPositon":62,"solutionPosition":9,"pathTag":1,"direction":1,"solutions":""}={"startingGridPosition":62,"endGridPositon":114,"solutionPosition":10,"pathTag":1,"direction":1,"solutions":""}={"startingGridPosition":114,"endGridPositon":123,"solutionPosition":11,"pathTag":1,"direction":1,"solutions":""}={"startingGridPosition":123,"endGridPositon":125,"solutionPosition":12,"pathTag":2,"direction":1,"solutions":"12_s,13_o"}={"startingGridPosition":123,"endGridPositon":71,"solutionPosition":14,"pathTag":1,"direction":1,"solutions":""}={"startingGridPosition":71,"endGridPositon":13,"solutionPosition":15,"pathTag":1,"direction":1,"solutions":""}={"startingGridPosition":13,"endGridPositon":15,"solutionPosition":16,"pathTag":1,"direction":2,"solutions":""}={"startingGridPosition":15,"endGridPositon":24,"solutionPosition":17,"pathTag":1,"direction":1,"solutions":""}={"startingGridPosition":24,"endGridPositon":13,"solutionPosition":18,"pathTag":1,"direction":1,"solutions":""}={"startingGridPosition":13,"endGridPositon":11,"solutionPosition":19,"pathTag":1,"direction":1,"solutions":""}={"startingGridPosition":11,"endGridPositon":71,"solutionPosition":20,"pathTag":1,"direction":1,"solutions":""}={"startingGridPosition":71,"endGridPositon":62,"solutionPosition":21,"pathTag":1,"direction":1,"solutions":""}