{"startingGridPosition":25,"endGridPositon":117,"solutionPosition":1,"pathTag":2,"direction":1,"solutions":"1_s,19_s"}={"startingGridPosition":117,"endGridPositon":84,"solutionPosition":2,"pathTag":1,"direction":1,"solutions":""}={"startingGridPosition":84,"endGridPositon":126,"solutionPosition":3,"pathTag":1,"direction":1,"solutions":""}={"startingGridPosition":126,"endGridPositon":124,"solutionPosition":4,"pathTag":1,"direction":1,"solutions":""}={"startingGridPosition":124,"endGridPositon":11,"solutionPosition":5,"pathTag":1,"direction":1,"solutions":""}={"startingGridPosition":11,"endGridPositon":23,"solutionPosition":6,"pathTag":1,"direction":2,"solutions":""}={"startingGridPosition":23,"endGridPositon":111,"solutionPosition":7,"pathTag":1,"direction":1,"solutions":""}={"startingGridPosition":111,"endGridPositon":84,"solutionPosition":8,"pathTag":1,"direction":1,"solutions":""}={"startingGridPosition":84,"endGridPositon":61,"solutionPosition":9,"pathTag":1,"direction":1,"solutions":""}={"startingGridPosition":61,"endGridPositon":53,"solutionPosition":10,"pathTag":1,"direction":1,"solutions":""}={"startingGridPosition":53,"endGridPositon":14,"solutionPosition":11,"pathTag":1,"direction":1,"solutions":""}={"startingGridPosition":14,"endGridPositon":55,"solutionPosition":12,"pathTag":1,"direction":1,"solutions":""}={"startingGridPosition":55,"endGridPositon":67,"solutionPosition":13,"pathTag":1,"direction":1,"solutions":""}={"startingGridPosition":67,"endGridPositon":84,"solutionPosition":14,"pathTag":1,"direction":2,"solutions":""}={"startingGridPosition":84,"endGridPositon":122,"solutionPosition":15,"pathTag":1,"direction":1,"solutions":""}={"startingGridPosition":122,"endGridPositon":124,"solutionPosition":16,"pathTag":1,"direction":1,"solutions":""}={"startingGridPosition":124,"endGridPositon":17,"solutionPosition":17,"pathTag":1,"direction":1,"solutions":""}={"startingGridPosition":17,"endGridPositon":25,"solutionPosition":18,"pathTag":1,"direction":1,"solutions":""}