{"startingGridPosition":126,"endGridPositon":44,"solutionPosition":1,"pathTag":1,"direction":1,"solutions":""}={"startingGridPosition":44,"endGridPositon":122,"solutionPosition":2,"pathTag":1,"direction":1,"solutions":""}={"startingGridPosition":122,"endGridPositon":51,"solutionPosition":3,"pathTag":1,"direction":1,"solutions":""}={"startingGridPosition":51,"endGridPositon":12,"solutionPosition":4,"pathTag":1,"direction":1,"solutions":""}={"startingGridPosition":12,"endGridPositon":23,"solutionPosition":5,"pathTag":1,"direction":1,"solutions":""}={"startingGridPosition":23,"endGridPositon":62,"solutionPosition":6,"pathTag":1,"direction":1,"solutions":""}={"startingGridPosition":62,"endGridPositon":74,"solutionPosition":7,"pathTag":1,"direction":1,"solutions":""}={"startingGridPosition":74,"endGridPositon":114,"solutionPosition":8,"pathTag":2,"direction":1,"solutions":"8_s,14_s"}={"startingGridPosition":114,"endGridPositon":62,"solutionPosition":9,"pathTag":1,"direction":1,"solutions":""}={"startingGridPosition":62,"endGridPositon":111,"solutionPosition":10,"pathTag":1,"direction":1,"solutions":""}={"startingGridPosition":111,"endGridPositon":114,"solutionPosition":11,"pathTag":1,"direction":1,"solutions":""}={"startingGridPosition":114,"endGridPositon":66,"solutionPosition":12,"pathTag":1,"direction":1,"solutions":""}={"startingGridPosition":66,"endGridPositon":74,"solutionPosition":13,"pathTag":1,"direction":1,"solutions":""}={"startingGridPosition":114,"endGridPositon":117,"solutionPosition":15,"pathTag":1,"direction":1,"solutions":""}={"startingGridPosition":117,"endGridPositon":66,"solutionPosition":16,"pathTag":1,"direction":1,"solutions":""}={"startingGridPosition":66,"endGridPositon":25,"solutionPosition":17,"pathTag":1,"direction":1,"solutions":""}={"startingGridPosition":25,"endGridPositon":16,"solutionPosition":18,"pathTag":1,"direction":1,"solutions":""}={"startingGridPosition":16,"endGridPositon":57,"solutionPosition":19,"pathTag":1,"direction":2,"solutions":""}={"startingGridPosition":57,"endGridPositon":126,"solutionPosition":20,"pathTag":1,"direction":1,"solutions":""}={"startingGridPosition":126,"endGridPositon":114,"solutionPosition":21,"pathTag":1,"direction":1,"solutions":""}={"startingGridPosition":114,"endGridPositon":122,"solutionPosition":22,"pathTag":1,"direction":1,"solutions":""}