{"startingGridPosition":64,"endGridPositon":66,"solutionPosition":1,"pathTag":1,"direction":1,"solutions":""}={"startingGridPosition":66,"endGridPositon":115,"solutionPosition":2,"pathTag":1,"direction":1,"solutions":""}={"startingGridPosition":115,"endGridPositon":94,"solutionPosition":3,"pathTag":1,"direction":2,"solutions":""}={"startingGridPosition":94,"endGridPositon":107,"solutionPosition":4,"pathTag":1,"direction":1,"solutions":""}={"startingGridPosition":107,"endGridPositon":64,"solutionPosition":5,"pathTag":1,"direction":1,"solutions":""}={"startingGridPosition":64,"endGridPositon":34,"solutionPosition":6,"pathTag":2,"direction":1,"solutions":"6_s,15_o"}={"startingGridPosition":34,"endGridPositon":66,"solutionPosition":7,"pathTag":1,"direction":1,"solutions":""}={"startingGridPosition":66,"endGridPositon":14,"solutionPosition":8,"pathTag":1,"direction":1,"solutions":""}={"startingGridPosition":14,"endGridPositon":62,"solutionPosition":9,"pathTag":1,"direction":1,"solutions":""}={"startingGridPosition":62,"endGridPositon":34,"solutionPosition":10,"pathTag":1,"direction":1,"solutions":""}={"startingGridPosition":34,"endGridPositon":22,"solutionPosition":11,"pathTag":1,"direction":1,"solutions":""}={"startingGridPosition":22,"endGridPositon":94,"solutionPosition":12,"pathTag":1,"direction":1,"solutions":""}={"startingGridPosition":94,"endGridPositon":26,"solutionPosition":13,"pathTag":1,"direction":1,"solutions":""}={"startingGridPosition":26,"endGridPositon":34,"solutionPosition":14,"pathTag":1,"direction":1,"solutions":""}={"startingGridPosition":64,"endGridPositon":62,"solutionPosition":16,"pathTag":1,"direction":1,"solutions":""}={"startingGridPosition":62,"endGridPositon":113,"solutionPosition":17,"pathTag":1,"direction":1,"solutions":""}={"startingGridPosition":113,"endGridPositon":94,"solutionPosition":18,"pathTag":1,"direction":1,"solutions":""}={"startingGridPosition":94,"endGridPositon":101,"solutionPosition":19,"pathTag":1,"direction":1,"solutions":""}={"startingGridPosition":101,"endGridPositon":64,"solutionPosition":20,"pathTag":1,"direction":1,"solutions":""}