{"startingGridPosition":67,"endGridPositon":126,"solutionPosition":1,"pathTag":1,"direction":1,"solutions":""}={"startingGridPosition":126,"endGridPositon":124,"solutionPosition":2,"pathTag":1,"direction":1,"solutions":""}={"startingGridPosition":124,"endGridPositon":106,"solutionPosition":3,"pathTag":1,"direction":1,"solutions":""}={"startingGridPosition":106,"endGridPositon":55,"solutionPosition":4,"pathTag":1,"direction":2,"solutions":""}={"startingGridPosition":55,"endGridPositon":14,"solutionPosition":5,"pathTag":1,"direction":1,"solutions":""}={"startingGridPosition":14,"endGridPositon":26,"solutionPosition":6,"pathTag":1,"direction":1,"solutions":""}={"startingGridPosition":26,"endGridPositon":67,"solutionPosition":7,"pathTag":1,"direction":1,"solutions":""}={"startingGridPosition":67,"endGridPositon":55,"solutionPosition":8,"pathTag":1,"direction":1,"solutions":""}={"startingGridPosition":55,"endGridPositon":64,"solutionPosition":9,"pathTag":1,"direction":1,"solutions":""}={"startingGridPosition":64,"endGridPositon":53,"solutionPosition":10,"pathTag":1,"direction":1,"solutions":""}={"startingGridPosition":53,"endGridPositon":61,"solutionPosition":11,"pathTag":1,"direction":1,"solutions":""}={"startingGridPosition":61,"endGridPositon":22,"solutionPosition":12,"pathTag":1,"direction":1,"solutions":""}={"startingGridPosition":22,"endGridPositon":14,"solutionPosition":13,"pathTag":1,"direction":1,"solutions":""}={"startingGridPosition":14,"endGridPositon":102,"solutionPosition":14,"pathTag":1,"direction":1,"solutions":""}={"startingGridPosition":102,"endGridPositon":124,"solutionPosition":15,"pathTag":1,"direction":1,"solutions":""}={"startingGridPosition":124,"endGridPositon":122,"solutionPosition":16,"pathTag":1,"direction":1,"solutions":""}={"startingGridPosition":122,"endGridPositon":61,"solutionPosition":17,"pathTag":2,"direction":1,"solutions":"17_s,18_o"}={"startingGridPosition":122,"endGridPositon":64,"solutionPosition":19,"pathTag":1,"direction":1,"solutions":""}={"startingGridPosition":64,"endGridPositon":126,"solutionPosition":20,"pathTag":1,"direction":1,"solutions":""}