{"startingGridPosition":44,"endGridPositon":92,"solutionPosition":1,"pathTag":1,"direction":1,"solutions":""}={"startingGridPosition":92,"endGridPositon":111,"solutionPosition":2,"pathTag":1,"direction":1,"solutions":""}={"startingGridPosition":111,"endGridPositon":124,"solutionPosition":3,"pathTag":1,"direction":1,"solutions":""}={"startingGridPosition":124,"endGridPositon":104,"solutionPosition":4,"pathTag":2,"direction":1,"solutions":"4_s,8_s"}={"startingGridPosition":104,"endGridPositon":96,"solutionPosition":5,"pathTag":1,"direction":1,"solutions":""}={"startingGridPosition":96,"endGridPositon":117,"solutionPosition":6,"pathTag":1,"direction":1,"solutions":""}={"startingGridPosition":117,"endGridPositon":124,"solutionPosition":7,"pathTag":1,"direction":1,"solutions":""}={"startingGridPosition":104,"endGridPositon":92,"solutionPosition":9,"pathTag":1,"direction":1,"solutions":""}={"startingGridPosition":92,"endGridPositon":81,"solutionPosition":10,"pathTag":1,"direction":1,"solutions":""}={"startingGridPosition":81,"endGridPositon":52,"solutionPosition":11,"pathTag":1,"direction":1,"solutions":""}={"startingGridPosition":52,"endGridPositon":64,"solutionPosition":12,"pathTag":1,"direction":1,"solutions":""}={"startingGridPosition":64,"endGridPositon":56,"solutionPosition":13,"pathTag":1,"direction":1,"solutions":""}={"startingGridPosition":56,"endGridPositon":27,"solutionPosition":14,"pathTag":1,"direction":1,"solutions":""}={"startingGridPosition":27,"endGridPositon":21,"solutionPosition":15,"pathTag":1,"direction":2,"solutions":""}={"startingGridPosition":21,"endGridPositon":52,"solutionPosition":16,"pathTag":1,"direction":1,"solutions":""}={"startingGridPosition":52,"endGridPositon":44,"solutionPosition":17,"pathTag":1,"direction":1,"solutions":""}={"startingGridPosition":44,"endGridPositon":56,"solutionPosition":18,"pathTag":1,"direction":1,"solutions":""}={"startingGridPosition":56,"endGridPositon":87,"solutionPosition":19,"pathTag":1,"direction":1,"solutions":""}={"startingGridPosition":87,"endGridPositon":96,"solutionPosition":20,"pathTag":1,"direction":1,"solutions":""}={"startingGridPosition":96,"endGridPositon":44,"solutionPosition":21,"pathTag":1,"direction":1,"solutions":""}