{"startingGridPosition":37,"endGridPositon":15,"solutionPosition":1,"pathTag":1,"direction":1,"solutions":""}={"startingGridPosition":15,"endGridPositon":84,"solutionPosition":2,"pathTag":1,"direction":1,"solutions":""}={"startingGridPosition":84,"endGridPositon":56,"solutionPosition":3,"pathTag":1,"direction":1,"solutions":""}={"startingGridPosition":56,"endGridPositon":44,"solutionPosition":4,"pathTag":1,"direction":1,"solutions":""}={"startingGridPosition":44,"endGridPositon":52,"solutionPosition":5,"pathTag":1,"direction":1,"solutions":""}={"startingGridPosition":52,"endGridPositon":31,"solutionPosition":6,"pathTag":1,"direction":1,"solutions":""}={"startingGridPosition":31,"endGridPositon":12,"solutionPosition":7,"pathTag":1,"direction":1,"solutions":""}={"startingGridPosition":12,"endGridPositon":84,"solutionPosition":8,"pathTag":1,"direction":1,"solutions":""}={"startingGridPosition":84,"endGridPositon":124,"solutionPosition":9,"pathTag":2,"direction":1,"solutions":"9_s,12_s"}={"startingGridPosition":124,"endGridPositon":52,"solutionPosition":10,"pathTag":1,"direction":1,"solutions":""}={"startingGridPosition":52,"endGridPositon":84,"solutionPosition":11,"pathTag":1,"direction":1,"solutions":""}={"startingGridPosition":124,"endGridPositon":56,"solutionPosition":13,"pathTag":1,"direction":1,"solutions":""}={"startingGridPosition":56,"endGridPositon":37,"solutionPosition":14,"pathTag":1,"direction":1,"solutions":""}