{"startingGridPosition":45,"endGridPositon":14,"solutionPosition":1,"pathTag":1,"direction":1,"solutions":""}={"startingGridPosition":14,"endGridPositon":37,"solutionPosition":2,"pathTag":1,"direction":1,"solutions":""}={"startingGridPosition":37,"endGridPositon":84,"solutionPosition":3,"pathTag":1,"direction":1,"solutions":""}={"startingGridPosition":84,"endGridPositon":31,"solutionPosition":4,"pathTag":1,"direction":1,"solutions":""}={"startingGridPosition":31,"endGridPositon":14,"solutionPosition":5,"pathTag":1,"direction":1,"solutions":""}={"startingGridPosition":14,"endGridPositon":84,"solutionPosition":6,"pathTag":2,"direction":1,"solutions":"6_s,11_o"}={"startingGridPosition":84,"endGridPositon":107,"solutionPosition":7,"pathTag":1,"direction":1,"solutions":""}={"startingGridPosition":107,"endGridPositon":124,"solutionPosition":8,"pathTag":1,"direction":1,"solutions":""}={"startingGridPosition":124,"endGridPositon":101,"solutionPosition":9,"pathTag":1,"direction":2,"solutions":""}={"startingGridPosition":101,"endGridPositon":84,"solutionPosition":10,"pathTag":1,"direction":1,"solutions":""}={"startingGridPosition":14,"endGridPositon":115,"solutionPosition":12,"pathTag":1,"direction":1,"solutions":""}={"startingGridPosition":115,"endGridPositon":57,"solutionPosition":13,"pathTag":1,"direction":1,"solutions":""}={"startingGridPosition":57,"endGridPositon":45,"solutionPosition":14,"pathTag":1,"direction":1,"solutions":""}={"startingGridPosition":45,"endGridPositon":124,"solutionPosition":15,"pathTag":1,"direction":1,"solutions":""}={"startingGridPosition":124,"endGridPositon":43,"solutionPosition":16,"pathTag":1,"direction":1,"solutions":""}={"startingGridPosition":43,"endGridPositon":51,"solutionPosition":17,"pathTag":1,"direction":1,"solutions":""}={"startingGridPosition":51,"endGridPositon":113,"solutionPosition":18,"pathTag":1,"direction":1,"solutions":""}={"startingGridPosition":113,"endGridPositon":14,"solutionPosition":19,"pathTag":1,"direction":1,"solutions":""}={"startingGridPosition":14,"endGridPositon":43,"solutionPosition":20,"pathTag":1,"direction":1,"solutions":""}