{"startingGridPosition":36,"endGridPositon":14,"solutionPosition":1,"pathTag":1,"direction":1,"solutions":""}={"startingGridPosition":14,"endGridPositon":17,"solutionPosition":2,"pathTag":1,"direction":1,"solutions":""}={"startingGridPosition":17,"endGridPositon":107,"solutionPosition":3,"pathTag":1,"direction":1,"solutions":""}={"startingGridPosition":107,"endGridPositon":101,"solutionPosition":4,"pathTag":2,"direction":1,"solutions":"4_s,16_o"}={"startingGridPosition":101,"endGridPositon":124,"solutionPosition":5,"pathTag":1,"direction":1,"solutions":""}={"startingGridPosition":124,"endGridPositon":36,"solutionPosition":6,"pathTag":1,"direction":1,"solutions":""}={"startingGridPosition":36,"endGridPositon":34,"solutionPosition":7,"pathTag":1,"direction":1,"solutions":""}={"startingGridPosition":34,"endGridPositon":53,"solutionPosition":8,"pathTag":1,"direction":1,"solutions":""}={"startingGridPosition":53,"endGridPositon":64,"solutionPosition":9,"pathTag":1,"direction":1,"solutions":""}={"startingGridPosition":64,"endGridPositon":55,"solutionPosition":10,"pathTag":1,"direction":1,"solutions":""}={"startingGridPosition":55,"endGridPositon":34,"solutionPosition":11,"pathTag":1,"direction":2,"solutions":""}={"startingGridPosition":34,"endGridPositon":32,"solutionPosition":12,"pathTag":1,"direction":1,"solutions":""}={"startingGridPosition":32,"endGridPositon":14,"solutionPosition":13,"pathTag":1,"direction":1,"solutions":""}={"startingGridPosition":14,"endGridPositon":11,"solutionPosition":14,"pathTag":1,"direction":1,"solutions":""}={"startingGridPosition":11,"endGridPositon":101,"solutionPosition":15,"pathTag":1,"direction":1,"solutions":""}={"startingGridPosition":107,"endGridPositon":124,"solutionPosition":17,"pathTag":1,"direction":1,"solutions":""}={"startingGridPosition":124,"endGridPositon":32,"solutionPosition":18,"pathTag":1,"direction":1,"solutions":""}