{"startingGridPosition":106,"endGridPositon":46,"solutionPosition":1,"pathTag":1,"direction":1,"solutions":""}={"startingGridPosition":46,"endGridPositon":57,"solutionPosition":2,"pathTag":1,"direction":1,"solutions":""}={"startingGridPosition":57,"endGridPositon":117,"solutionPosition":3,"pathTag":1,"direction":1,"solutions":""}={"startingGridPosition":117,"endGridPositon":106,"solutionPosition":4,"pathTag":1,"direction":1,"solutions":""}={"startingGridPosition":106,"endGridPositon":104,"solutionPosition":5,"pathTag":1,"direction":1,"solutions":""}={"startingGridPosition":104,"endGridPositon":55,"solutionPosition":6,"pathTag":1,"direction":2,"solutions":""}={"startingGridPosition":55,"endGridPositon":44,"solutionPosition":7,"pathTag":1,"direction":1,"solutions":""}={"startingGridPosition":44,"endGridPositon":24,"solutionPosition":8,"pathTag":2,"direction":1,"solutions":"8_s,18_o"}={"startingGridPosition":24,"endGridPositon":42,"solutionPosition":9,"pathTag":1,"direction":1,"solutions":""}={"startingGridPosition":42,"endGridPositon":51,"solutionPosition":10,"pathTag":1,"direction":1,"solutions":""}={"startingGridPosition":51,"endGridPositon":111,"solutionPosition":11,"pathTag":1,"direction":1,"solutions":""}={"startingGridPosition":111,"endGridPositon":102,"solutionPosition":12,"pathTag":1,"direction":1,"solutions":""}={"startingGridPosition":102,"endGridPositon":104,"solutionPosition":13,"pathTag":1,"direction":1,"solutions":""}={"startingGridPosition":104,"endGridPositon":53,"solutionPosition":14,"pathTag":1,"direction":1,"solutions":""}={"startingGridPosition":53,"endGridPositon":44,"solutionPosition":15,"pathTag":1,"direction":1,"solutions":""}={"startingGridPosition":44,"endGridPositon":46,"solutionPosition":16,"pathTag":1,"direction":1,"solutions":""}={"startingGridPosition":46,"endGridPositon":24,"solutionPosition":17,"pathTag":1,"direction":1,"solutions":""}={"startingGridPosition":44,"endGridPositon":42,"solutionPosition":19,"pathTag":1,"direction":1,"solutions":""}={"startingGridPosition":42,"endGridPositon":102,"solutionPosition":20,"pathTag":1,"direction":1,"solutions":""}