{"startingGridPosition":67,"endGridPositon":17,"solutionPosition":1,"pathTag":2,"direction":1,"solutions":"1_s,21_s"}={"startingGridPosition":17,"endGridPositon":14,"solutionPosition":2,"pathTag":1,"direction":1,"solutions":""}={"startingGridPosition":14,"endGridPositon":11,"solutionPosition":3,"pathTag":1,"direction":1,"solutions":""}={"startingGridPosition":11,"endGridPositon":61,"solutionPosition":4,"pathTag":1,"direction":2,"solutions":""}={"startingGridPosition":61,"endGridPositon":14,"solutionPosition":5,"pathTag":1,"direction":1,"solutions":""}={"startingGridPosition":14,"endGridPositon":67,"solutionPosition":6,"pathTag":1,"direction":1,"solutions":""}={"startingGridPosition":67,"endGridPositon":44,"solutionPosition":7,"pathTag":1,"direction":1,"solutions":""}={"startingGridPosition":44,"endGridPositon":61,"solutionPosition":8,"pathTag":1,"direction":1,"solutions":""}={"startingGridPosition":61,"endGridPositon":94,"solutionPosition":9,"pathTag":1,"direction":1,"solutions":""}={"startingGridPosition":94,"endGridPositon":127,"solutionPosition":10,"pathTag":1,"direction":1,"solutions":""}={"startingGridPosition":127,"endGridPositon":124,"solutionPosition":11,"pathTag":1,"direction":1,"solutions":""}={"startingGridPosition":124,"endGridPositon":121,"solutionPosition":12,"pathTag":1,"direction":1,"solutions":""}={"startingGridPosition":121,"endGridPositon":94,"solutionPosition":13,"pathTag":1,"direction":1,"solutions":""}={"startingGridPosition":94,"endGridPositon":67,"solutionPosition":14,"pathTag":1,"direction":1,"solutions":""}={"startingGridPosition":67,"endGridPositon":127,"solutionPosition":15,"pathTag":1,"direction":1,"solutions":""}={"startingGridPosition":127,"endGridPositon":64,"solutionPosition":16,"pathTag":1,"direction":1,"solutions":""}={"startingGridPosition":64,"endGridPositon":121,"solutionPosition":17,"pathTag":1,"direction":1,"solutions":""}={"startingGridPosition":121,"endGridPositon":61,"solutionPosition":18,"pathTag":1,"direction":1,"solutions":""}={"startingGridPosition":61,"endGridPositon":64,"solutionPosition":19,"pathTag":1,"direction":1,"solutions":""}={"startingGridPosition":64,"endGridPositon":67,"solutionPosition":20,"pathTag":1,"direction":1,"solutions":""}