{"startingGridPosition":104,"endGridPositon":71,"solutionPosition":1,"pathTag":1,"direction":1,"solutions":""}={"startingGridPosition":71,"endGridPositon":32,"solutionPosition":2,"pathTag":1,"direction":1,"solutions":""}={"startingGridPosition":32,"endGridPositon":11,"solutionPosition":3,"pathTag":1,"direction":1,"solutions":""}={"startingGridPosition":11,"endGridPositon":23,"solutionPosition":4,"pathTag":1,"direction":1,"solutions":""}={"startingGridPosition":23,"endGridPositon":44,"solutionPosition":5,"pathTag":1,"direction":1,"solutions":""}={"startingGridPosition":44,"endGridPositon":25,"solutionPosition":6,"pathTag":1,"direction":1,"solutions":""}={"startingGridPosition":25,"endGridPositon":17,"solutionPosition":7,"pathTag":1,"direction":2,"solutions":""}={"startingGridPosition":17,"endGridPositon":36,"solutionPosition":8,"pathTag":1,"direction":1,"solutions":""}={"startingGridPosition":36,"endGridPositon":77,"solutionPosition":9,"pathTag":1,"direction":1,"solutions":""}={"startingGridPosition":77,"endGridPositon":104,"solutionPosition":10,"pathTag":1,"direction":1,"solutions":""}={"startingGridPosition":104,"endGridPositon":36,"solutionPosition":11,"pathTag":1,"direction":1,"solutions":""}={"startingGridPosition":36,"endGridPositon":74,"solutionPosition":12,"pathTag":1,"direction":1,"solutions":""}={"startingGridPosition":74,"endGridPositon":126,"solutionPosition":13,"pathTag":1,"direction":1,"solutions":""}={"startingGridPosition":126,"endGridPositon":122,"solutionPosition":14,"pathTag":2,"direction":1,"solutions":"14_s,17_s"}={"startingGridPosition":122,"endGridPositon":14,"solutionPosition":15,"pathTag":1,"direction":1,"solutions":""}={"startingGridPosition":14,"endGridPositon":126,"solutionPosition":16,"pathTag":1,"direction":1,"solutions":""}={"startingGridPosition":122,"endGridPositon":74,"solutionPosition":18,"pathTag":1,"direction":1,"solutions":""}={"startingGridPosition":74,"endGridPositon":32,"solutionPosition":19,"pathTag":1,"direction":1,"solutions":""}={"startingGridPosition":32,"endGridPositon":104,"solutionPosition":20,"pathTag":1,"direction":1,"solutions":""}