{"startingGridPosition":122,"endGridPositon":114,"solutionPosition":1,"pathTag":1,"direction":1,"solutions":""}={"startingGridPosition":114,"endGridPositon":107,"solutionPosition":2,"pathTag":1,"direction":1,"solutions":""}={"startingGridPosition":107,"endGridPositon":25,"solutionPosition":3,"pathTag":1,"direction":1,"solutions":""}={"startingGridPosition":25,"endGridPositon":16,"solutionPosition":4,"pathTag":1,"direction":2,"solutions":""}={"startingGridPosition":16,"endGridPositon":57,"solutionPosition":5,"pathTag":1,"direction":1,"solutions":""}={"startingGridPosition":57,"endGridPositon":65,"solutionPosition":6,"pathTag":1,"direction":1,"solutions":""}={"startingGridPosition":65,"endGridPositon":126,"solutionPosition":7,"pathTag":2,"direction":1,"solutions":"7_s,10_s"}={"startingGridPosition":126,"endGridPositon":114,"solutionPosition":8,"pathTag":1,"direction":1,"solutions":""}={"startingGridPosition":114,"endGridPositon":65,"solutionPosition":9,"pathTag":1,"direction":1,"solutions":""}={"startingGridPosition":126,"endGridPositon":122,"solutionPosition":11,"pathTag":1,"direction":1,"solutions":""}={"startingGridPosition":122,"endGridPositon":63,"solutionPosition":12,"pathTag":1,"direction":1,"solutions":""}={"startingGridPosition":63,"endGridPositon":114,"solutionPosition":13,"pathTag":1,"direction":1,"solutions":""}={"startingGridPosition":114,"endGridPositon":101,"solutionPosition":14,"pathTag":1,"direction":1,"solutions":""}={"startingGridPosition":101,"endGridPositon":23,"solutionPosition":15,"pathTag":1,"direction":1,"solutions":""}={"startingGridPosition":23,"endGridPositon":74,"solutionPosition":16,"pathTag":1,"direction":1,"solutions":""}={"startingGridPosition":74,"endGridPositon":25,"solutionPosition":17,"pathTag":1,"direction":1,"solutions":""}={"startingGridPosition":25,"endGridPositon":34,"solutionPosition":18,"pathTag":1,"direction":1,"solutions":""}={"startingGridPosition":34,"endGridPositon":23,"solutionPosition":19,"pathTag":1,"direction":1,"solutions":""}={"startingGridPosition":23,"endGridPositon":12,"solutionPosition":20,"pathTag":1,"direction":1,"solutions":""}={"startingGridPosition":12,"endGridPositon":51,"solutionPosition":21,"pathTag":1,"direction":1,"solutions":""}={"startingGridPosition":51,"endGridPositon":63,"solutionPosition":22,"pathTag":1,"direction":1,"solutions":""}