{"startingGridPosition":14,"endGridPositon":33,"solutionPosition":1,"pathTag":1,"direction":1,"solutions":""}
={"startingGridPosition":33,"endGridPositon":31,"solutionPosition":2,"pathTag":1,"direction":2,"solutions":""}
={"startingGridPosition":31,"endGridPositon":11,"solutionPosition":3,"pathTag":1,"direction":1,"solutions":""}
={"startingGridPosition":11,"endGridPositon":14,"solutionPosition":4,"pathTag":2,"direction":1,"solutions":"4_s,21_o"}
={"startingGridPosition":14,"endGridPositon":35,"solutionPosition":5,"pathTag":1,"direction":1,"solutions":""}
={"startingGridPosition":35,"endGridPositon":33,"solutionPosition":6,"pathTag":1,"direction":1,"solutions":""}
={"startingGridPosition":33,"endGridPositon":93,"solutionPosition":7,"pathTag":1,"direction":1,"solutions":""}
={"startingGridPosition":93,"endGridPositon":91,"solutionPosition":8,"pathTag":1,"direction":1,"solutions":""
}={"startingGridPosition":91,"endGridPositon":124,"solutionPosition":9,"pathTag":1,"direction":1,"solutions":""}
={"startingGridPosition":124,"endGridPositon":104,"solutionPosition":10,"pathTag":2,"direction":1,"solutions":"10_s,15_s"}
={"startingGridPosition":104,"endGridPositon":93,"solutionPosition":11,"pathTag":1,"direction":1,"solutions":""}={"startingGridPosition":93,"endGridPositon":95,"solutionPosition":12,"pathTag":1,"direction":1,"solutions":""}
={"startingGridPosition":95,"endGridPositon":97,"solutionPosition":13,"pathTag":1,"direction":1,"solutions":""}
={"startingGridPosition":97,"endGridPositon":124,"solutionPosition":14,"pathTag":1,"direction":1,"solutions":""}
={"startingGridPosition":104,"endGridPositon":95,"solutionPosition":16,"pathTag":1,"direction":1,"solutions":""}
={"startingGridPosition":95,"endGridPositon":35,"solutionPosition":17,"pathTag":1,"direction":1,"solutions":""}={"startingGridPosition":35,"endGridPositon":37,"solutionPosition":18,"pathTag":1,"direction":2,"solutions":""}
={"startingGridPosition":37,"endGridPositon":17,"solutionPosition":19,"pathTag":1,"direction":1,"solutions":""}={"startingGridPosition":17,"endGridPositon":14,"solutionPosition":20,"pathTag":1,"direction":1,"solutions":""}