{"startingGridPosition":77,"endGridPositon":37,"solutionPosition":1,"pathTag":1,"direction":1,"solutions":""}={"startingGridPosition":37,"endGridPositon":74,"solutionPosition":2,"pathTag":1,"direction":1,"solutions":""}={"startingGridPosition":74,"endGridPositon":31,"solutionPosition":3,"pathTag":1,"direction":2,"solutions":""}={"startingGridPosition":31,"endGridPositon":34,"solutionPosition":4,"pathTag":1,"direction":1,"solutions":""}={"startingGridPosition":34,"endGridPositon":74,"solutionPosition":5,"pathTag":1,"direction":1,"solutions":""}={"startingGridPosition":74,"endGridPositon":111,"solutionPosition":6,"pathTag":1,"direction":1,"solutions":""}={"startingGridPosition":111,"endGridPositon":114,"solutionPosition":7,"pathTag":1,"direction":1,"solutions":""}={"startingGridPosition":114,"endGridPositon":71,"solutionPosition":8,"pathTag":1,"direction":1,"solutions":""}={"startingGridPosition":71,"endGridPositon":74,"solutionPosition":9,"pathTag":1,"direction":1,"solutions":""}={"startingGridPosition":74,"endGridPositon":114,"solutionPosition":10,"pathTag":1,"direction":1,"solutions":""}={"startingGridPosition":114,"endGridPositon":117,"solutionPosition":11,"pathTag":2,"direction":1,"solutions":"11_s,15_s"}={"startingGridPosition":117,"endGridPositon":74,"solutionPosition":12,"pathTag":1,"direction":1,"solutions":""}={"startingGridPosition":74,"endGridPositon":77,"solutionPosition":13,"pathTag":1,"direction":1,"solutions":""}={"startingGridPosition":77,"endGridPositon":114,"solutionPosition":14,"pathTag":1,"direction":1,"solutions":""}={"startingGridPosition":117,"endGridPositon":77,"solutionPosition":16,"pathTag":1,"direction":1,"solutions":""}={"startingGridPosition":77,"endGridPositon":34,"solutionPosition":17,"pathTag":1,"direction":1,"solutions":""}={"startingGridPosition":34,"endGridPositon":71,"solutionPosition":18,"pathTag":1,"direction":1,"solutions":""}={"startingGridPosition":71,"endGridPositon":31,"solutionPosition":19,"pathTag":1,"direction":1,"solutions":""}