{"startingGridPosition":84,"endGridPositon":36,"solutionPosition":1,"pathTag":1,"direction":1,"solutions":""}={"startingGridPosition":36,"endGridPositon":67,"solutionPosition":2,"pathTag":1,"direction":1,"solutions":""}={"startingGridPosition":67,"endGridPositon":124,"solutionPosition":3,"pathTag":2,"direction":1,"solutions":"3_s,12_o"}={"startingGridPosition":124,"endGridPositon":61,"solutionPosition":4,"pathTag":1,"direction":1,"solutions":""}={"startingGridPosition":61,"endGridPositon":91,"solutionPosition":5,"pathTag":1,"direction":1,"solutions":""}={"startingGridPosition":91,"endGridPositon":84,"solutionPosition":6,"pathTag":1,"direction":1,"solutions":""}={"startingGridPosition":84,"endGridPositon":126,"solutionPosition":7,"pathTag":1,"direction":1,"solutions":""}={"startingGridPosition":126,"endGridPositon":24,"solutionPosition":8,"pathTag":1,"direction":1,"solutions":""}={"startingGridPosition":24,"endGridPositon":122,"solutionPosition":9,"pathTag":1,"direction":1,"solutions":""}={"startingGridPosition":122,"endGridPositon":84,"solutionPosition":10,"pathTag":1,"direction":1,"solutions":""}={"startingGridPosition":84,"endGridPositon":124,"solutionPosition":11,"pathTag":1,"direction":1,"solutions":""}={"startingGridPosition":67,"endGridPositon":97,"solutionPosition":13,"pathTag":1,"direction":1,"solutions":""}={"startingGridPosition":97,"endGridPositon":84,"solutionPosition":14,"pathTag":1,"direction":1,"solutions":""}={"startingGridPosition":84,"endGridPositon":32,"solutionPosition":15,"pathTag":1,"direction":1,"solutions":""}={"startingGridPosition":32,"endGridPositon":12,"solutionPosition":16,"pathTag":1,"direction":1,"solutions":""}={"startingGridPosition":12,"endGridPositon":16,"solutionPosition":17,"pathTag":1,"direction":2,"solutions":""}={"startingGridPosition":16,"endGridPositon":36,"solutionPosition":18,"pathTag":1,"direction":1,"solutions":""}={"startingGridPosition":36,"endGridPositon":24,"solutionPosition":19,"pathTag":1,"direction":1,"solutions":""}={"startingGridPosition":24,"endGridPositon":32,"solutionPosition":20,"pathTag":1,"direction":1,"solutions":""}={"startingGridPosition":32,"endGridPositon":61,"solutionPosition":21,"pathTag":1,"direction":1,"solutions":""}