{"startingGridPosition":66,"endGridPositon":77,"solutionPosition":1,"pathTag":1,"direction":1,"solutions":""}={"startingGridPosition":77,"endGridPositon":115,"solutionPosition":2,"pathTag":1,"direction":1,"solutions":""}={"startingGridPosition":115,"endGridPositon":124,"solutionPosition":3,"pathTag":1,"direction":1,"solutions":""}={"startingGridPosition":124,"endGridPositon":113,"solutionPosition":4,"pathTag":1,"direction":1,"solutions":""}={"startingGridPosition":113,"endGridPositon":62,"solutionPosition":5,"pathTag":1,"direction":2,"solutions":""}={"startingGridPosition":62,"endGridPositon":71,"solutionPosition":6,"pathTag":1,"direction":1,"solutions":""}={"startingGridPosition":71,"endGridPositon":113,"solutionPosition":7,"pathTag":1,"direction":1,"solutions":""}={"startingGridPosition":113,"endGridPositon":121,"solutionPosition":8,"pathTag":1,"direction":1,"solutions":""}={"startingGridPosition":121,"endGridPositon":43,"solutionPosition":9,"pathTag":1,"direction":1,"solutions":""}={"startingGridPosition":43,"endGridPositon":24,"solutionPosition":10,"pathTag":1,"direction":1,"solutions":""}={"startingGridPosition":24,"endGridPositon":74,"solutionPosition":11,"pathTag":2,"direction":1,"solutions":"11_s,18_s"}={"startingGridPosition":74,"endGridPositon":45,"solutionPosition":12,"pathTag":1,"direction":1,"solutions":""}={"startingGridPosition":45,"endGridPositon":127,"solutionPosition":13,"pathTag":1,"direction":1,"solutions":""}={"startingGridPosition":127,"endGridPositon":115,"solutionPosition":14,"pathTag":1,"direction":1,"solutions":""}={"startingGridPosition":115,"endGridPositon":17,"solutionPosition":15,"pathTag":1,"direction":1,"solutions":""}={"startingGridPosition":17,"endGridPositon":45,"solutionPosition":16,"pathTag":1,"direction":1,"solutions":""}={"startingGridPosition":45,"endGridPositon":24,"solutionPosition":17,"pathTag":1,"direction":1,"solutions":""}={"startingGridPosition":74,"endGridPositon":43,"solutionPosition":19,"pathTag":1,"direction":1,"solutions":""}={"startingGridPosition":43,"endGridPositon":11,"solutionPosition":20,"pathTag":1,"direction":1,"solutions":""}={"startingGridPosition":11,"endGridPositon":62,"solutionPosition":21,"pathTag":1,"direction":1,"solutions":""}