{"startingGridPosition":61,"endGridPositon":67,"solutionPosition":1,"pathTag":2,"direction":1,"solutions":"1_s,2_o"}={"startingGridPosition":61,"endGridPositon":122,"solutionPosition":3,"pathTag":1,"direction":1,"solutions":""}={"startingGridPosition":122,"endGridPositon":24,"solutionPosition":4,"pathTag":1,"direction":1,"solutions":""}={"startingGridPosition":24,"endGridPositon":111,"solutionPosition":5,"pathTag":1,"direction":1,"solutions":""}={"startingGridPosition":111,"endGridPositon":104,"solutionPosition":6,"pathTag":1,"direction":1,"solutions":""}={"startingGridPosition":104,"endGridPositon":124,"solutionPosition":7,"pathTag":2,"direction":1,"solutions":"7_s,15_o"}={"startingGridPosition":124,"endGridPositon":37,"solutionPosition":8,"pathTag":1,"direction":1,"solutions":""}={"startingGridPosition":37,"endGridPositon":26,"solutionPosition":9,"pathTag":1,"direction":1,"solutions":""}={"startingGridPosition":26,"endGridPositon":15,"solutionPosition":10,"pathTag":1,"direction":1,"solutions":""}={"startingGridPosition":15,"endGridPositon":13,"solutionPosition":11,"pathTag":1,"direction":2,"solutions":""}={"startingGridPosition":13,"endGridPositon":22,"solutionPosition":12,"pathTag":1,"direction":1,"solutions":""}={"startingGridPosition":22,"endGridPositon":31,"solutionPosition":13,"pathTag":1,"direction":1,"solutions":""}={"startingGridPosition":31,"endGridPositon":124,"solutionPosition":14,"pathTag":1,"direction":1,"solutions":""}={"startingGridPosition":104,"endGridPositon":117,"solutionPosition":16,"pathTag":1,"direction":1,"solutions":""}={"startingGridPosition":117,"endGridPositon":24,"solutionPosition":17,"pathTag":1,"direction":1,"solutions":""}={"startingGridPosition":24,"endGridPositon":126,"solutionPosition":18,"pathTag":1,"direction":1,"solutions":""}={"startingGridPosition":126,"endGridPositon":67,"solutionPosition":19,"pathTag":1,"direction":1,"solutions":""}