{"startingGridPosition":102,"endGridPositon":61,"solutionPosition":1,"pathTag":1,"direction":1,"solutions":""}={"startingGridPosition":61,"endGridPositon":22,"solutionPosition":2,"pathTag":1,"direction":1,"solutions":""}={"startingGridPosition":22,"endGridPositon":54,"solutionPosition":3,"pathTag":1,"direction":1,"solutions":""}={"startingGridPosition":54,"endGridPositon":74,"solutionPosition":4,"pathTag":2,"direction":1,"solutions":"4_s,11_o"}={"startingGridPosition":74,"endGridPositon":36,"solutionPosition":5,"pathTag":1,"direction":1,"solutions":""}={"startingGridPosition":36,"endGridPositon":95,"solutionPosition":6,"pathTag":1,"direction":1,"solutions":""}={"startingGridPosition":95,"endGridPositon":104,"solutionPosition":7,"pathTag":1,"direction":1,"solutions":""}={"startingGridPosition":104,"endGridPositon":93,"solutionPosition":8,"pathTag":1,"direction":1,"solutions":""}={"startingGridPosition":93,"endGridPositon":32,"solutionPosition":9,"pathTag":1,"direction":1,"solutions":""}={"startingGridPosition":32,"endGridPositon":74,"solutionPosition":10,"pathTag":1,"direction":1,"solutions":""}={"startingGridPosition":54,"endGridPositon":26,"solutionPosition":12,"pathTag":1,"direction":1,"solutions":""}={"startingGridPosition":26,"endGridPositon":67,"solutionPosition":13,"pathTag":1,"direction":1,"solutions":""}={"startingGridPosition":67,"endGridPositon":106,"solutionPosition":14,"pathTag":1,"direction":2,"solutions":""}={"startingGridPosition":106,"endGridPositon":115,"solutionPosition":15,"pathTag":1,"direction":1,"solutions":""}={"startingGridPosition":115,"endGridPositon":113,"solutionPosition":16,"pathTag":1,"direction":2,"solutions":""}={"startingGridPosition":113,"endGridPositon":102,"solutionPosition":17,"pathTag":1,"direction":1,"solutions":""}={"startingGridPosition":102,"endGridPositon":93,"solutionPosition":18,"pathTag":1,"direction":1,"solutions":""}={"startingGridPosition":93,"endGridPositon":74,"solutionPosition":19,"pathTag":1,"direction":1,"solutions":""}={"startingGridPosition":74,"endGridPositon":95,"solutionPosition":20,"pathTag":1,"direction":1,"solutions":""}={"startingGridPosition":95,"endGridPositon":106,"solutionPosition":21,"pathTag":1,"direction":1,"solutions":""}