{"startingGridPosition":91,"endGridPositon":61,"solutionPosition":1,"pathTag":1,"direction":1,"solutions":""}={"startingGridPosition":61,"endGridPositon":64,"solutionPosition":2,"pathTag":1,"direction":1,"solutions":""}={"startingGridPosition":64,"endGridPositon":91,"solutionPosition":3,"pathTag":1,"direction":1,"solutions":""}={"startingGridPosition":91,"endGridPositon":94,"solutionPosition":4,"pathTag":1,"direction":1,"solutions":""}={"startingGridPosition":94,"endGridPositon":61,"solutionPosition":5,"pathTag":1,"direction":1,"solutions":""}={"startingGridPosition":61,"endGridPositon":37,"solutionPosition":6,"pathTag":1,"direction":1,"solutions":""}={"startingGridPosition":37,"endGridPositon":67,"solutionPosition":7,"pathTag":1,"direction":1,"solutions":""}={"startingGridPosition":67,"endGridPositon":97,"solutionPosition":8,"pathTag":1,"direction":2,"solutions":""}={"startingGridPosition":97,"endGridPositon":94,"solutionPosition":9,"pathTag":1,"direction":1,"solutions":""}={"startingGridPosition":94,"endGridPositon":64,"solutionPosition":10,"pathTag":1,"direction":1,"solutions":""}={"startingGridPosition":64,"endGridPositon":67,"solutionPosition":11,"pathTag":1,"direction":1,"solutions":""}={"startingGridPosition":67,"endGridPositon":94,"solutionPosition":12,"pathTag":1,"direction":1,"solutions":""}={"startingGridPosition":94,"endGridPositon":37,"solutionPosition":13,"pathTag":1,"direction":1,"solutions":""}={"startingGridPosition":37,"endGridPositon":34,"solutionPosition":14,"pathTag":2,"direction":1,"solutions":"14_s,19_o"}={"startingGridPosition":34,"endGridPositon":67,"solutionPosition":15,"pathTag":1,"direction":1,"solutions":""}={"startingGridPosition":67,"endGridPositon":31,"solutionPosition":16,"pathTag":1,"direction":1,"solutions":""}={"startingGridPosition":31,"endGridPositon":61,"solutionPosition":17,"pathTag":1,"direction":1,"solutions":""}={"startingGridPosition":61,"endGridPositon":34,"solutionPosition":18,"pathTag":1,"direction":1,"solutions":""}={"startingGridPosition":37,"endGridPositon":64,"solutionPosition":20,"pathTag":1,"direction":1,"solutions":""}={"startingGridPosition":64,"endGridPositon":34,"solutionPosition":21,"pathTag":1,"direction":1,"solutions":""}={"startingGridPosition":34,"endGridPositon":31,"solutionPosition":22,"pathTag":1,"direction":1,"solutions":""}