{"startingGridPosition":74,"endGridPositon":56,"solutionPosition":1,"pathTag":2,"direction":1,"solutions":"1_s,5_s"}={"startingGridPosition":56,"endGridPositon":34,"solutionPosition":2,"pathTag":1,"direction":1,"solutions":""}={"startingGridPosition":34,"endGridPositon":52,"solutionPosition":3,"pathTag":1,"direction":2,"solutions":""}={"startingGridPosition":52,"endGridPositon":74,"solutionPosition":4,"pathTag":1,"direction":1,"solutions":""}={"startingGridPosition":56,"endGridPositon":96,"solutionPosition":6,"pathTag":2,"direction":1,"solutions":"6_s,12_s"}={"startingGridPosition":96,"endGridPositon":124,"solutionPosition":7,"pathTag":1,"direction":1,"solutions":""}={"startingGridPosition":124,"endGridPositon":51,"solutionPosition":8,"pathTag":1,"direction":1,"solutions":""}={"startingGridPosition":51,"endGridPositon":14,"solutionPosition":9,"pathTag":1,"direction":1,"solutions":""}={"startingGridPosition":14,"endGridPositon":36,"solutionPosition":10,"pathTag":1,"direction":1,"solutions":""}={"startingGridPosition":36,"endGridPositon":56,"solutionPosition":11,"pathTag":1,"direction":1,"solutions":""}={"startingGridPosition":96,"endGridPositon":126,"solutionPosition":13,"pathTag":1,"direction":2,"solutions":""}={"startingGridPosition":126,"endGridPositon":124,"solutionPosition":14,"pathTag":1,"direction":1,"solutions":""}={"startingGridPosition":124,"endGridPositon":121,"solutionPosition":15,"pathTag":1,"direction":1,"solutions":""}={"startingGridPosition":121,"endGridPositon":51,"solutionPosition":16,"pathTag":1,"direction":1,"solutions":""}={"startingGridPosition":51,"endGridPositon":11,"solutionPosition":17,"pathTag":1,"direction":1,"solutions":""}={"startingGridPosition":11,"endGridPositon":14,"solutionPosition":18,"pathTag":1,"direction":1,"solutions":""}={"startingGridPosition":14,"endGridPositon":16,"solutionPosition":19,"pathTag":1,"direction":1,"solutions":""}={"startingGridPosition":16,"endGridPositon":36,"solutionPosition":20,"pathTag":1,"direction":1,"solutions":""}