{"startingGridPosition":81,"endGridPositon":54,"solutionPosition":1,"pathTag":1,"direction":1,"solutions":""}={"startingGridPosition":54,"endGridPositon":87,"solutionPosition":2,"pathTag":2,"direction":1,"solutions":"2_s,19_o"}={"startingGridPosition":87,"endGridPositon":74,"solutionPosition":3,"pathTag":1,"direction":1,"solutions":""}={"startingGridPosition":74,"endGridPositon":51,"solutionPosition":4,"pathTag":1,"direction":1,"solutions":""}={"startingGridPosition":51,"endGridPositon":22,"solutionPosition":5,"pathTag":1,"direction":2,"solutions":""}={"startingGridPosition":22,"endGridPositon":114,"solutionPosition":6,"pathTag":1,"direction":1,"solutions":""}={"startingGridPosition":114,"endGridPositon":26,"solutionPosition":7,"pathTag":1,"direction":1,"solutions":""}={"startingGridPosition":26,"endGridPositon":57,"solutionPosition":8,"pathTag":1,"direction":1,"solutions":""}={"startingGridPosition":57,"endGridPositon":74,"solutionPosition":9,"pathTag":1,"direction":1,"solutions":""}={"startingGridPosition":74,"endGridPositon":116,"solutionPosition":10,"pathTag":1,"direction":1,"solutions":""}={"startingGridPosition":116,"endGridPositon":24,"solutionPosition":11,"pathTag":1,"direction":1,"solutions":""}={"startingGridPosition":24,"endGridPositon":112,"solutionPosition":12,"pathTag":1,"direction":1,"solutions":""}={"startingGridPosition":112,"endGridPositon":74,"solutionPosition":13,"pathTag":1,"direction":1,"solutions":""}={"startingGridPosition":74,"endGridPositon":81,"solutionPosition":14,"pathTag":1,"direction":1,"solutions":""}={"startingGridPosition":81,"endGridPositon":33,"solutionPosition":15,"pathTag":1,"direction":1,"solutions":""}={"startingGridPosition":33,"endGridPositon":54,"solutionPosition":16,"pathTag":1,"direction":1,"solutions":""}={"startingGridPosition":54,"endGridPositon":35,"solutionPosition":17,"pathTag":1,"direction":1,"solutions":""}={"startingGridPosition":35,"endGridPositon":87,"solutionPosition":18,"pathTag":1,"direction":1,"solutions":""}={"startingGridPosition":54,"endGridPositon":74,"solutionPosition":20,"pathTag":1,"direction":1,"solutions":""}