{"startingGridPosition":44,"endGridPositon":92,"solutionPosition":1,"pathTag":1,"direction":1,"solutions":""}={"startingGridPosition":92,"endGridPositon":31,"solutionPosition":2,"pathTag":1,"direction":1,"solutions":""}={"startingGridPosition":31,"endGridPositon":44,"solutionPosition":3,"pathTag":1,"direction":1,"solutions":""}={"startingGridPosition":44,"endGridPositon":37,"solutionPosition":4,"pathTag":1,"direction":2,"solutions":""}={"startingGridPosition":37,"endGridPositon":96,"solutionPosition":5,"pathTag":1,"direction":1,"solutions":""}={"startingGridPosition":96,"endGridPositon":84,"solutionPosition":6,"pathTag":1,"direction":1,"solutions":""}={"startingGridPosition":84,"endGridPositon":92,"solutionPosition":7,"pathTag":1,"direction":1,"solutions":""}={"startingGridPosition":92,"endGridPositon":103,"solutionPosition":8,"pathTag":1,"direction":1,"solutions":""}={"startingGridPosition":103,"endGridPositon":105,"solutionPosition":9,"pathTag":2,"direction":1,"solutions":"9_s,10_o"}={"startingGridPosition":103,"endGridPositon":114,"solutionPosition":11,"pathTag":1,"direction":1,"solutions":""}={"startingGridPosition":114,"endGridPositon":101,"solutionPosition":12,"pathTag":1,"direction":1,"solutions":""}={"startingGridPosition":101,"endGridPositon":12,"solutionPosition":13,"pathTag":1,"direction":1,"solutions":""}={"startingGridPosition":12,"endGridPositon":24,"solutionPosition":14,"pathTag":1,"direction":1,"solutions":""}={"startingGridPosition":24,"endGridPositon":16,"solutionPosition":15,"pathTag":1,"direction":1,"solutions":""}={"startingGridPosition":16,"endGridPositon":107,"solutionPosition":16,"pathTag":1,"direction":1,"solutions":""}={"startingGridPosition":107,"endGridPositon":114,"solutionPosition":17,"pathTag":1,"direction":1,"solutions":""}={"startingGridPosition":114,"endGridPositon":105,"solutionPosition":18,"pathTag":1,"direction":1,"solutions":""}={"startingGridPosition":105,"endGridPositon":96,"solutionPosition":19,"pathTag":1,"direction":1,"solutions":""}