{"startingGridPosition":21,"endGridPositon":41,"solutionPosition":1,"pathTag":1,"direction":1,"solutions":""}={"startingGridPosition":41,"endGridPositon":111,"solutionPosition":2,"pathTag":1,"direction":1,"solutions":""}={"startingGridPosition":111,"endGridPositon":27,"solutionPosition":3,"pathTag":2,"direction":1,"solutions":"3_s,7_o"}={"startingGridPosition":27,"endGridPositon":47,"solutionPosition":4,"pathTag":1,"direction":1,"solutions":""}={"startingGridPosition":47,"endGridPositon":25,"solutionPosition":5,"pathTag":1,"direction":1,"solutions":""}={"startingGridPosition":25,"endGridPositon":27,"solutionPosition":6,"pathTag":1,"direction":1,"solutions":""}={"startingGridPosition":111,"endGridPositon":115,"solutionPosition":8,"pathTag":1,"direction":1,"solutions":""}={"startingGridPosition":115,"endGridPositon":41,"solutionPosition":9,"pathTag":1,"direction":2,"solutions":""}={"startingGridPosition":41,"endGridPositon":43,"solutionPosition":10,"pathTag":1,"direction":1,"solutions":""}={"startingGridPosition":43,"endGridPositon":23,"solutionPosition":11,"pathTag":1,"direction":1,"solutions":""}={"startingGridPosition":23,"endGridPositon":21,"solutionPosition":12,"pathTag":1,"direction":1,"solutions":""}={"startingGridPosition":21,"endGridPositon":117,"solutionPosition":13,"pathTag":1,"direction":1,"solutions":""}={"startingGridPosition":117,"endGridPositon":97,"solutionPosition":14,"pathTag":1,"direction":1,"solutions":""}={"startingGridPosition":97,"endGridPositon":95,"solutionPosition":15,"pathTag":1,"direction":1,"solutions":""}={"startingGridPosition":95,"endGridPositon":115,"solutionPosition":16,"pathTag":1,"direction":1,"solutions":""}={"startingGridPosition":115,"endGridPositon":117,"solutionPosition":17,"pathTag":1,"direction":1,"solutions":""}