{"startingGridPosition":27,"endGridPositon":86,"solutionPosition":1,"pathTag":2,"direction":1,"solutions":"1_s,19_s"}={"startingGridPosition":86,"endGridPositon":97,"solutionPosition":2,"pathTag":1,"direction":1,"solutions":""}={"startingGridPosition":97,"endGridPositon":84,"solutionPosition":3,"pathTag":1,"direction":1,"solutions":""}={"startingGridPosition":84,"endGridPositon":91,"solutionPosition":4,"pathTag":1,"direction":1,"solutions":""}={"startingGridPosition":91,"endGridPositon":82,"solutionPosition":5,"pathTag":1,"direction":1,"solutions":""}={"startingGridPosition":82,"endGridPositon":21,"solutionPosition":6,"pathTag":1,"direction":2,"solutions":""}={"startingGridPosition":21,"endGridPositon":33,"solutionPosition":7,"pathTag":1,"direction":1,"solutions":""}={"startingGridPosition":33,"endGridPositon":104,"solutionPosition":8,"pathTag":1,"direction":1,"solutions":""}={"startingGridPosition":104,"endGridPositon":112,"solutionPosition":9,"pathTag":1,"direction":1,"solutions":""}={"startingGridPosition":112,"endGridPositon":34,"solutionPosition":10,"pathTag":1,"direction":1,"solutions":""}={"startingGridPosition":34,"endGridPositon":23,"solutionPosition":11,"pathTag":1,"direction":1,"solutions":""}={"startingGridPosition":23,"endGridPositon":54,"solutionPosition":12,"pathTag":1,"direction":1,"solutions":""}={"startingGridPosition":54,"endGridPositon":25,"solutionPosition":13,"pathTag":1,"direction":1,"solutions":""}={"startingGridPosition":25,"endGridPositon":34,"solutionPosition":14,"pathTag":1,"direction":1,"solutions":""}={"startingGridPosition":34,"endGridPositon":116,"solutionPosition":15,"pathTag":1,"direction":1,"solutions":""}={"startingGridPosition":116,"endGridPositon":104,"solutionPosition":16,"pathTag":1,"direction":1,"solutions":""}={"startingGridPosition":104,"endGridPositon":35,"solutionPosition":17,"pathTag":1,"direction":1,"solutions":""}={"startingGridPosition":35,"endGridPositon":27,"solutionPosition":18,"pathTag":1,"direction":1,"solutions":""}