{"startingGridPosition":44,"endGridPositon":24,"solutionPosition":1,"pathTag":2,"direction":1,"solutions":"1_s,21_o"}={"startingGridPosition":24,"endGridPositon":16,"solutionPosition":2,"pathTag":1,"direction":1,"solutions":""}={"startingGridPosition":16,"endGridPositon":107,"solutionPosition":3,"pathTag":1,"direction":2,"solutions":""}={"startingGridPosition":107,"endGridPositon":86,"solutionPosition":4,"pathTag":1,"direction":1,"solutions":""}={"startingGridPosition":86,"endGridPositon":24,"solutionPosition":5,"pathTag":1,"direction":1,"solutions":""}={"startingGridPosition":24,"endGridPositon":82,"solutionPosition":6,"pathTag":1,"direction":1,"solutions":""}={"startingGridPosition":82,"endGridPositon":44,"solutionPosition":7,"pathTag":1,"direction":1,"solutions":""}={"startingGridPosition":44,"endGridPositon":86,"solutionPosition":8,"pathTag":1,"direction":1,"solutions":""}={"startingGridPosition":86,"endGridPositon":94,"solutionPosition":9,"pathTag":1,"direction":1,"solutions":""}={"startingGridPosition":94,"endGridPositon":127,"solutionPosition":10,"pathTag":1,"direction":1,"solutions":""}={"startingGridPosition":127,"endGridPositon":107,"solutionPosition":11,"pathTag":1,"direction":1,"solutions":""}={"startingGridPosition":107,"endGridPositon":121,"solutionPosition":12,"pathTag":1,"direction":1,"solutions":""}={"startingGridPosition":121,"endGridPositon":127,"solutionPosition":13,"pathTag":1,"direction":1,"solutions":""}={"startingGridPosition":127,"endGridPositon":101,"solutionPosition":14,"pathTag":1,"direction":1,"solutions":""}={"startingGridPosition":101,"endGridPositon":121,"solutionPosition":15,"pathTag":1,"direction":1,"solutions":""}={"startingGridPosition":121,"endGridPositon":94,"solutionPosition":16,"pathTag":1,"direction":1,"solutions":""}={"startingGridPosition":94,"endGridPositon":82,"solutionPosition":17,"pathTag":1,"direction":1,"solutions":""}={"startingGridPosition":82,"endGridPositon":101,"solutionPosition":18,"pathTag":1,"direction":1,"solutions":""}={"startingGridPosition":101,"endGridPositon":12,"solutionPosition":19,"pathTag":1,"direction":1,"solutions":""}={"startingGridPosition":12,"endGridPositon":24,"solutionPosition":20,"pathTag":1,"direction":1,"solutions":""}