{"startingGridPosition":82,"endGridPositon":104,"solutionPosition":1,"pathTag":1,"direction":1,"solutions":""}={"startingGridPosition":104,"endGridPositon":86,"solutionPosition":2,"pathTag":1,"direction":1,"solutions":""}={"startingGridPosition":86,"endGridPositon":107,"solutionPosition":3,"pathTag":1,"direction":1,"solutions":""}={"startingGridPosition":107,"endGridPositon":116,"solutionPosition":4,"pathTag":1,"direction":1,"solutions":""}={"startingGridPosition":116,"endGridPositon":54,"solutionPosition":5,"pathTag":1,"direction":1,"solutions":""}={"startingGridPosition":54,"endGridPositon":112,"solutionPosition":6,"pathTag":1,"direction":2,"solutions":""}={"startingGridPosition":112,"endGridPositon":101,"solutionPosition":7,"pathTag":1,"direction":1,"solutions":""}={"startingGridPosition":101,"endGridPositon":82,"solutionPosition":8,"pathTag":1,"direction":1,"solutions":""}={"startingGridPosition":82,"endGridPositon":11,"solutionPosition":9,"pathTag":1,"direction":1,"solutions":""}={"startingGridPosition":11,"endGridPositon":34,"solutionPosition":10,"pathTag":1,"direction":1,"solutions":""}={"startingGridPosition":34,"endGridPositon":14,"solutionPosition":11,"pathTag":2,"direction":1,"solutions":"11_s,16_o"}={"startingGridPosition":14,"endGridPositon":32,"solutionPosition":12,"pathTag":1,"direction":1,"solutions":""}={"startingGridPosition":32,"endGridPositon":54,"solutionPosition":13,"pathTag":1,"direction":1,"solutions":""}={"startingGridPosition":54,"endGridPositon":36,"solutionPosition":14,"pathTag":1,"direction":1,"solutions":""}={"startingGridPosition":36,"endGridPositon":14,"solutionPosition":15,"pathTag":1,"direction":1,"solutions":""}={"startingGridPosition":34,"endGridPositon":17,"solutionPosition":17,"pathTag":1,"direction":1,"solutions":""}={"startingGridPosition":17,"endGridPositon":86,"solutionPosition":18,"pathTag":1,"direction":1,"solutions":""}={"startingGridPosition":86,"endGridPositon":34,"solutionPosition":19,"pathTag":1,"direction":1,"solutions":""}={"startingGridPosition":34,"endGridPositon":82,"solutionPosition":20,"pathTag":1,"direction":1,"solutions":""}