{"startingGridPosition":95,"endGridPositon":76,"solutionPosition":1,"pathTag":1,"direction":1,"solutions":""}={"startingGridPosition":76,"endGridPositon":45,"solutionPosition":2,"pathTag":1,"direction":2,"solutions":""}={"startingGridPosition":45,"endGridPositon":84,"solutionPosition":3,"pathTag":1,"direction":1,"solutions":""}={"startingGridPosition":84,"endGridPositon":43,"solutionPosition":4,"pathTag":1,"direction":1,"solutions":""}={"startingGridPosition":43,"endGridPositon":72,"solutionPosition":5,"pathTag":1,"direction":1,"solutions":""}={"startingGridPosition":72,"endGridPositon":93,"solutionPosition":6,"pathTag":1,"direction":1,"solutions":""}={"startingGridPosition":93,"endGridPositon":14,"solutionPosition":7,"pathTag":1,"direction":1,"solutions":""}={"startingGridPosition":14,"endGridPositon":22,"solutionPosition":8,"pathTag":1,"direction":1,"solutions":""}={"startingGridPosition":22,"endGridPositon":121,"solutionPosition":9,"pathTag":1,"direction":1,"solutions":""}={"startingGridPosition":121,"endGridPositon":93,"solutionPosition":10,"pathTag":1,"direction":1,"solutions":""}={"startingGridPosition":93,"endGridPositon":123,"solutionPosition":11,"pathTag":1,"direction":1,"solutions":""}={"startingGridPosition":123,"endGridPositon":114,"solutionPosition":12,"pathTag":1,"direction":1,"solutions":""}={"startingGridPosition":114,"endGridPositon":84,"solutionPosition":13,"pathTag":2,"direction":1,"solutions":"13_s,14_o"}={"startingGridPosition":114,"endGridPositon":125,"solutionPosition":15,"pathTag":1,"direction":1,"solutions":""}={"startingGridPosition":125,"endGridPositon":95,"solutionPosition":16,"pathTag":1,"direction":1,"solutions":""}={"startingGridPosition":95,"endGridPositon":14,"solutionPosition":17,"pathTag":1,"direction":1,"solutions":""}={"startingGridPosition":14,"endGridPositon":26,"solutionPosition":18,"pathTag":1,"direction":1,"solutions":""}={"startingGridPosition":26,"endGridPositon":127,"solutionPosition":19,"pathTag":1,"direction":1,"solutions":""}={"startingGridPosition":127,"endGridPositon":95,"solutionPosition":20,"pathTag":1,"direction":1,"solutions":""}