{"startingGridPosition":31,"endGridPositon":91,"solutionPosition":1,"pathTag":2,"direction":1,"solutions":"1_s,16_o"}={"startingGridPosition":91,"endGridPositon":63,"solutionPosition":2,"pathTag":1,"direction":1,"solutions":""}={"startingGridPosition":63,"endGridPositon":95,"solutionPosition":3,"pathTag":1,"direction":1,"solutions":""}={"startingGridPosition":95,"endGridPositon":117,"solutionPosition":4,"pathTag":1,"direction":2,"solutions":""}={"startingGridPosition":117,"endGridPositon":67,"solutionPosition":5,"pathTag":1,"direction":1,"solutions":""}={"startingGridPosition":67,"endGridPositon":35,"solutionPosition":6,"pathTag":1,"direction":1,"solutions":""}={"startingGridPosition":35,"endGridPositon":13,"solutionPosition":7,"pathTag":1,"direction":1,"solutions":""}={"startingGridPosition":13,"endGridPositon":31,"solutionPosition":8,"pathTag":1,"direction":1,"solutions":""}={"startingGridPosition":31,"endGridPositon":63,"solutionPosition":9,"pathTag":1,"direction":1,"solutions":""}={"startingGridPosition":63,"endGridPositon":35,"solutionPosition":10,"pathTag":1,"direction":1,"solutions":""}={"startingGridPosition":35,"endGridPositon":17,"solutionPosition":11,"pathTag":1,"direction":1,"solutions":""}={"startingGridPosition":17,"endGridPositon":67,"solutionPosition":12,"pathTag":1,"direction":1,"solutions":""}={"startingGridPosition":67,"endGridPositon":95,"solutionPosition":13,"pathTag":1,"direction":1,"solutions":""}={"startingGridPosition":95,"endGridPositon":113,"solutionPosition":14,"pathTag":1,"direction":1,"solutions":""}={"startingGridPosition":113,"endGridPositon":91,"solutionPosition":15,"pathTag":1,"direction":1,"solutions":""}