{"startingGridPosition":111,"endGridPositon":92,"solutionPosition":1,"pathTag":1,"direction":1,"solutions":""}={"startingGridPosition":92,"endGridPositon":21,"solutionPosition":2,"pathTag":1,"direction":1,"solutions":""}={"startingGridPosition":21,"endGridPositon":14,"solutionPosition":3,"pathTag":1,"direction":1,"solutions":""}={"startingGridPosition":14,"endGridPositon":27,"solutionPosition":4,"pathTag":1,"direction":1,"solutions":""}={"startingGridPosition":27,"endGridPositon":96,"solutionPosition":5,"pathTag":1,"direction":1,"solutions":""}={"startingGridPosition":96,"endGridPositon":117,"solutionPosition":6,"pathTag":1,"direction":1,"solutions":""}={"startingGridPosition":117,"endGridPositon":35,"solutionPosition":7,"pathTag":1,"direction":2,"solutions":""}={"startingGridPosition":35,"endGridPositon":44,"solutionPosition":8,"pathTag":1,"direction":1,"solutions":""}={"startingGridPosition":44,"endGridPositon":65,"solutionPosition":9,"pathTag":1,"direction":1,"solutions":""}={"startingGridPosition":65,"endGridPositon":114,"solutionPosition":10,"pathTag":1,"direction":1,"solutions":""}={"startingGridPosition":114,"endGridPositon":44,"solutionPosition":11,"pathTag":2,"direction":1,"solutions":"11_s,14_s"}={"startingGridPosition":44,"endGridPositon":63,"solutionPosition":12,"pathTag":1,"direction":1,"solutions":""}={"startingGridPosition":63,"endGridPositon":114,"solutionPosition":13,"pathTag":1,"direction":1,"solutions":""}={"startingGridPosition":44,"endGridPositon":33,"solutionPosition":15,"pathTag":1,"direction":1,"solutions":""}={"startingGridPosition":33,"endGridPositon":111,"solutionPosition":16,"pathTag":1,"direction":1,"solutions":""}={"startingGridPosition":111,"endGridPositon":123,"solutionPosition":17,"pathTag":1,"direction":1,"solutions":""}={"startingGridPosition":123,"endGridPositon":125,"solutionPosition":18,"pathTag":1,"direction":1,"solutions":""}={"startingGridPosition":125,"endGridPositon":117,"solutionPosition":19,"pathTag":1,"direction":1,"solutions":""}