{"startingGridPosition":74,"endGridPositon":32,"solutionPosition":1,"pathTag":2,"direction":1,"solutions":"1_s,9_s"}={"startingGridPosition":32,"endGridPositon":24,"solutionPosition":2,"pathTag":1,"direction":1,"solutions":""}={"startingGridPosition":24,"endGridPositon":11,"solutionPosition":3,"pathTag":1,"direction":1,"solutions":""}={"startingGridPosition":11,"endGridPositon":62,"solutionPosition":4,"pathTag":1,"direction":1,"solutions":""}={"startingGridPosition":62,"endGridPositon":91,"solutionPosition":5,"pathTag":1,"direction":1,"solutions":""}={"startingGridPosition":91,"endGridPositon":104,"solutionPosition":6,"pathTag":1,"direction":1,"solutions":""}={"startingGridPosition":104,"endGridPositon":97,"solutionPosition":7,"pathTag":1,"direction":1,"solutions":""}={"startingGridPosition":97,"endGridPositon":74,"solutionPosition":8,"pathTag":1,"direction":1,"solutions":""}={"startingGridPosition":32,"endGridPositon":44,"solutionPosition":10,"pathTag":1,"direction":1,"solutions":""}={"startingGridPosition":44,"endGridPositon":36,"solutionPosition":11,"pathTag":1,"direction":1,"solutions":""}={"startingGridPosition":36,"endGridPositon":74,"solutionPosition":12,"pathTag":1,"direction":1,"solutions":""}={"startingGridPosition":74,"endGridPositon":91,"solutionPosition":13,"pathTag":1,"direction":1,"solutions":""}={"startingGridPosition":91,"endGridPositon":122,"solutionPosition":14,"pathTag":1,"direction":1,"solutions":""}={"startingGridPosition":122,"endGridPositon":126,"solutionPosition":15,"pathTag":1,"direction":1,"solutions":""}={"startingGridPosition":126,"endGridPositon":97,"solutionPosition":16,"pathTag":1,"direction":1,"solutions":""}={"startingGridPosition":97,"endGridPositon":66,"solutionPosition":17,"pathTag":1,"direction":1,"solutions":""}={"startingGridPosition":66,"endGridPositon":17,"solutionPosition":18,"pathTag":1,"direction":2,"solutions":""}={"startingGridPosition":17,"endGridPositon":24,"solutionPosition":19,"pathTag":1,"direction":1,"solutions":""}={"startingGridPosition":24,"endGridPositon":36,"solutionPosition":20,"pathTag":1,"direction":1,"solutions":""}