{"startingGridPosition":94,"endGridPositon":27,"solutionPosition":1,"pathTag":1,"direction":1,"solutions":""}={"startingGridPosition":27,"endGridPositon":116,"solutionPosition":2,"pathTag":1,"direction":1,"solutions":""}={"startingGridPosition":116,"endGridPositon":127,"solutionPosition":3,"pathTag":1,"direction":1,"solutions":""}={"startingGridPosition":127,"endGridPositon":15,"solutionPosition":4,"pathTag":1,"direction":1,"solutions":""}={"startingGridPosition":15,"endGridPositon":45,"solutionPosition":5,"pathTag":1,"direction":2,"solutions":""}={"startingGridPosition":45,"endGridPositon":116,"solutionPosition":6,"pathTag":1,"direction":1,"solutions":""}={"startingGridPosition":116,"endGridPositon":124,"solutionPosition":7,"pathTag":1,"direction":1,"solutions":""}={"startingGridPosition":124,"endGridPositon":94,"solutionPosition":8,"pathTag":1,"direction":1,"solutions":""}={"startingGridPosition":94,"endGridPositon":45,"solutionPosition":9,"pathTag":1,"direction":1,"solutions":""}={"startingGridPosition":45,"endGridPositon":43,"solutionPosition":10,"pathTag":1,"direction":1,"solutions":""}={"startingGridPosition":43,"endGridPositon":94,"solutionPosition":11,"pathTag":1,"direction":1,"solutions":""}={"startingGridPosition":94,"endGridPositon":21,"solutionPosition":12,"pathTag":1,"direction":1,"solutions":""}={"startingGridPosition":21,"endGridPositon":124,"solutionPosition":13,"pathTag":2,"direction":1,"solutions":"13_s,14_o"}={"startingGridPosition":21,"endGridPositon":112,"solutionPosition":15,"pathTag":1,"direction":1,"solutions":""}={"startingGridPosition":112,"endGridPositon":43,"solutionPosition":16,"pathTag":1,"direction":1,"solutions":""}={"startingGridPosition":43,"endGridPositon":13,"solutionPosition":17,"pathTag":1,"direction":1,"solutions":""}={"startingGridPosition":13,"endGridPositon":121,"solutionPosition":18,"pathTag":1,"direction":1,"solutions":""}={"startingGridPosition":121,"endGridPositon":112,"solutionPosition":19,"pathTag":1,"direction":1,"solutions":""}={"startingGridPosition":112,"endGridPositon":124,"solutionPosition":20,"pathTag":1,"direction":1,"solutions":""}