{"startingGridPosition":124,"endGridPositon":46,"solutionPosition":1,"pathTag":2,"direction":1,"solutions":"1_s,19_s"}={"startingGridPosition":46,"endGridPositon":25,"solutionPosition":2,"pathTag":1,"direction":1,"solutions":""}={"startingGridPosition":25,"endGridPositon":14,"solutionPosition":3,"pathTag":1,"direction":1,"solutions":""}={"startingGridPosition":14,"endGridPositon":23,"solutionPosition":4,"pathTag":1,"direction":1,"solutions":""}={"startingGridPosition":23,"endGridPositon":42,"solutionPosition":5,"pathTag":1,"direction":1,"solutions":""}={"startingGridPosition":42,"endGridPositon":101,"solutionPosition":6,"pathTag":1,"direction":1,"solutions":""}={"startingGridPosition":101,"endGridPositon":112,"solutionPosition":7,"pathTag":1,"direction":1,"solutions":""}={"startingGridPosition":112,"endGridPositon":104,"solutionPosition":8,"pathTag":1,"direction":1,"solutions":""}={"startingGridPosition":104,"endGridPositon":116,"solutionPosition":9,"pathTag":1,"direction":1,"solutions":""}={"startingGridPosition":116,"endGridPositon":107,"solutionPosition":10,"pathTag":1,"direction":1,"solutions":""}={"startingGridPosition":107,"endGridPositon":46,"solutionPosition":11,"pathTag":1,"direction":1,"solutions":""}={"startingGridPosition":46,"endGridPositon":34,"solutionPosition":12,"pathTag":1,"direction":1,"solutions":""}={"startingGridPosition":34,"endGridPositon":55,"solutionPosition":13,"pathTag":1,"direction":1,"solutions":""}={"startingGridPosition":55,"endGridPositon":104,"solutionPosition":14,"pathTag":1,"direction":1,"solutions":""}={"startingGridPosition":104,"endGridPositon":53,"solutionPosition":15,"pathTag":1,"direction":1,"solutions":""}={"startingGridPosition":53,"endGridPositon":34,"solutionPosition":16,"pathTag":1,"direction":1,"solutions":""}={"startingGridPosition":34,"endGridPositon":42,"solutionPosition":17,"pathTag":1,"direction":2,"solutions":""}={"startingGridPosition":42,"endGridPositon":124,"solutionPosition":18,"pathTag":1,"direction":1,"solutions":""}