{"startingGridPosition":37,"endGridPositon":77,"solutionPosition":1,"pathTag":1,"direction":1,"solutions":""}={"startingGridPosition":77,"endGridPositon":117,"solutionPosition":2,"pathTag":1,"direction":1,"solutions":""}={"startingGridPosition":117,"endGridPositon":114,"solutionPosition":3,"pathTag":1,"direction":2,"solutions":""}={"startingGridPosition":114,"endGridPositon":111,"solutionPosition":4,"pathTag":1,"direction":1,"solutions":""}={"startingGridPosition":111,"endGridPositon":71,"solutionPosition":5,"pathTag":1,"direction":1,"solutions":""}={"startingGridPosition":71,"endGridPositon":31,"solutionPosition":6,"pathTag":1,"direction":2,"solutions":""}={"startingGridPosition":31,"endGridPositon":34,"solutionPosition":7,"pathTag":1,"direction":1,"solutions":""}={"startingGridPosition":34,"endGridPositon":62,"solutionPosition":8,"pathTag":1,"direction":1,"solutions":""}={"startingGridPosition":62,"endGridPositon":82,"solutionPosition":9,"pathTag":1,"direction":1,"solutions":""}={"startingGridPosition":82,"endGridPositon":71,"solutionPosition":10,"pathTag":1,"direction":1,"solutions":""}={"startingGridPosition":71,"endGridPositon":62,"solutionPosition":11,"pathTag":1,"direction":1,"solutions":""}={"startingGridPosition":62,"endGridPositon":64,"solutionPosition":12,"pathTag":1,"direction":1,"solutions":""}={"startingGridPosition":64,"endGridPositon":84,"solutionPosition":13,"pathTag":2,"direction":1,"solutions":"13_s,18_o"}={"startingGridPosition":84,"endGridPositon":82,"solutionPosition":14,"pathTag":1,"direction":1,"solutions":""}={"startingGridPosition":82,"endGridPositon":114,"solutionPosition":15,"pathTag":1,"direction":1,"solutions":""}={"startingGridPosition":114,"endGridPositon":86,"solutionPosition":16,"pathTag":1,"direction":1,"solutions":""}={"startingGridPosition":86,"endGridPositon":84,"solutionPosition":17,"pathTag":1,"direction":1,"solutions":""}={"startingGridPosition":64,"endGridPositon":66,"solutionPosition":19,"pathTag":1,"direction":1,"solutions":""}={"startingGridPosition":66,"endGridPositon":86,"solutionPosition":20,"pathTag":1,"direction":1,"solutions":""}={"startingGridPosition":86,"endGridPositon":77,"solutionPosition":21,"pathTag":1,"direction":1,"solutions":""}={"startingGridPosition":77,"endGridPositon":66,"solutionPosition":22,"pathTag":1,"direction":1,"solutions":""}={"startingGridPosition":66,"endGridPositon":34,"solutionPosition":23,"pathTag":1,"direction":1,"solutions":""}={"startingGridPosition":34,"endGridPositon":37,"solutionPosition":24,"pathTag":2,"direction":1,"solutions":"24_s,25_o"}