{"startingGridPosition":103,"endGridPositon":106,"solutionPosition":1,"pathTag":1,"direction":1,"solutions":""}={"startingGridPosition":106,"endGridPositon":64,"solutionPosition":2,"pathTag":2,"direction":1,"solutions":"2_s,9_s"}={"startingGridPosition":64,"endGridPositon":34,"solutionPosition":3,"pathTag":1,"direction":1,"solutions":""}={"startingGridPosition":34,"endGridPositon":13,"solutionPosition":4,"pathTag":1,"direction":1,"solutions":""}={"startingGridPosition":13,"endGridPositon":11,"solutionPosition":5,"pathTag":1,"direction":2,"solutions":""}={"startingGridPosition":11,"endGridPositon":32,"solutionPosition":6,"pathTag":1,"direction":1,"solutions":""}={"startingGridPosition":32,"endGridPositon":34,"solutionPosition":7,"pathTag":1,"direction":1,"solutions":""}={"startingGridPosition":34,"endGridPositon":106,"solutionPosition":8,"pathTag":1,"direction":1,"solutions":""}={"startingGridPosition":64,"endGridPositon":62,"solutionPosition":10,"pathTag":1,"direction":1,"solutions":""}={"startingGridPosition":62,"endGridPositon":32,"solutionPosition":11,"pathTag":1,"direction":1,"solutions":""}={"startingGridPosition":32,"endGridPositon":103,"solutionPosition":12,"pathTag":1,"direction":1,"solutions":""}={"startingGridPosition":103,"endGridPositon":62,"solutionPosition":13,"pathTag":2,"direction":1,"solutions":"13_s,21_s"}={"startingGridPosition":62,"endGridPositon":11,"solutionPosition":14,"pathTag":1,"direction":1,"solutions":""}={"startingGridPosition":11,"endGridPositon":81,"solutionPosition":15,"pathTag":1,"direction":1,"solutions":""}={"startingGridPosition":81,"endGridPositon":123,"solutionPosition":16,"pathTag":1,"direction":1,"solutions":""}={"startingGridPosition":123,"endGridPositon":106,"solutionPosition":17,"pathTag":1,"direction":1,"solutions":""}={"startingGridPosition":106,"endGridPositon":126,"solutionPosition":18,"pathTag":1,"direction":1,"solutions":""}={"startingGridPosition":126,"endGridPositon":123,"solutionPosition":19,"pathTag":1,"direction":1,"solutions":""}={"startingGridPosition":123,"endGridPositon":103,"solutionPosition":20,"pathTag":1,"direction":1,"solutions":""}