{"startingGridPosition":63,"endGridPositon":122,"solutionPosition":1,"pathTag":1,"direction":1,"solutions":""}={"startingGridPosition":122,"endGridPositon":114,"solutionPosition":2,"pathTag":1,"direction":1,"solutions":""}={"startingGridPosition":114,"endGridPositon":126,"solutionPosition":3,"pathTag":1,"direction":1,"solutions":""}={"startingGridPosition":126,"endGridPositon":65,"solutionPosition":4,"pathTag":1,"direction":1,"solutions":""}={"startingGridPosition":65,"endGridPositon":74,"solutionPosition":5,"pathTag":1,"direction":1,"solutions":""}={"startingGridPosition":74,"endGridPositon":16,"solutionPosition":6,"pathTag":1,"direction":1,"solutions":""}={"startingGridPosition":16,"endGridPositon":37,"solutionPosition":7,"pathTag":1,"direction":1,"solutions":""}={"startingGridPosition":37,"endGridPositon":34,"solutionPosition":8,"pathTag":1,"direction":1,"solutions":""}={"startingGridPosition":34,"endGridPositon":74,"solutionPosition":9,"pathTag":2,"direction":1,"solutions":"9_s,13_s"}={"startingGridPosition":74,"endGridPositon":12,"solutionPosition":10,"pathTag":1,"direction":1,"solutions":""}={"startingGridPosition":12,"endGridPositon":31,"solutionPosition":11,"pathTag":1,"direction":1,"solutions":""}={"startingGridPosition":31,"endGridPositon":34,"solutionPosition":12,"pathTag":1,"direction":1,"solutions":""}={"startingGridPosition":74,"endGridPositon":63,"solutionPosition":14,"pathTag":1,"direction":1,"solutions":""}={"startingGridPosition":63,"endGridPositon":61,"solutionPosition":15,"pathTag":1,"direction":1,"solutions":""}={"startingGridPosition":61,"endGridPositon":91,"solutionPosition":16,"pathTag":1,"direction":1,"solutions":""}={"startingGridPosition":91,"endGridPositon":122,"solutionPosition":17,"pathTag":1,"direction":1,"solutions":""}={"startingGridPosition":122,"endGridPositon":126,"solutionPosition":18,"pathTag":1,"direction":1,"solutions":""}={"startingGridPosition":126,"endGridPositon":97,"solutionPosition":19,"pathTag":1,"direction":1,"solutions":""}={"startingGridPosition":97,"endGridPositon":67,"solutionPosition":20,"pathTag":1,"direction":2,"solutions":""}={"startingGridPosition":67,"endGridPositon":65,"solutionPosition":21,"pathTag":1,"direction":1,"solutions":""}