{"startingGridPosition":41,"endGridPositon":24,"solutionPosition":1,"pathTag":1,"direction":1,"solutions":""}={"startingGridPosition":24,"endGridPositon":47,"solutionPosition":2,"pathTag":1,"direction":1,"solutions":""}={"startingGridPosition":47,"endGridPositon":127,"solutionPosition":3,"pathTag":1,"direction":2,"solutions":""}={"startingGridPosition":127,"endGridPositon":44,"solutionPosition":4,"pathTag":1,"direction":1,"solutions":""}={"startingGridPosition":44,"endGridPositon":26,"solutionPosition":5,"pathTag":1,"direction":1,"solutions":""}={"startingGridPosition":26,"endGridPositon":15,"solutionPosition":6,"pathTag":1,"direction":1,"solutions":""}={"startingGridPosition":15,"endGridPositon":56,"solutionPosition":7,"pathTag":1,"direction":1,"solutions":""}={"startingGridPosition":56,"endGridPositon":74,"solutionPosition":8,"pathTag":1,"direction":1,"solutions":""}={"startingGridPosition":74,"endGridPositon":127,"solutionPosition":9,"pathTag":1,"direction":1,"solutions":""}={"startingGridPosition":127,"endGridPositon":124,"solutionPosition":10,"pathTag":1,"direction":1,"solutions":""}={"startingGridPosition":124,"endGridPositon":74,"solutionPosition":11,"pathTag":2,"direction":1,"solutions":"11_s,18_o"}={"startingGridPosition":74,"endGridPositon":52,"solutionPosition":12,"pathTag":1,"direction":1,"solutions":""}={"startingGridPosition":52,"endGridPositon":13,"solutionPosition":13,"pathTag":1,"direction":1,"solutions":""}={"startingGridPosition":13,"endGridPositon":22,"solutionPosition":14,"pathTag":1,"direction":1,"solutions":""}={"startingGridPosition":22,"endGridPositon":44,"solutionPosition":15,"pathTag":1,"direction":1,"solutions":""}={"startingGridPosition":44,"endGridPositon":121,"solutionPosition":16,"pathTag":1,"direction":1,"solutions":""}={"startingGridPosition":121,"endGridPositon":74,"solutionPosition":19,"pathTag":1,"direction":1,"solutions":""}={"startingGridPosition":124,"endGridPositon":121,"solutionPosition":20,"pathTag":1,"direction":1,"solutions":""}={"startingGridPosition":121,"endGridPositon":41,"solutionPosition":21,"pathTag":1,"direction":1,"solutions":""}