{"startingGridPosition":116,"endGridPositon":36,"solutionPosition":1,"pathTag":1,"direction":1,"solutions":""}={"startingGridPosition":36,"endGridPositon":32,"solutionPosition":2,"pathTag":1,"direction":1,"solutions":""}={"startingGridPosition":32,"endGridPositon":13,"solutionPosition":3,"pathTag":1,"direction":1,"solutions":""}={"startingGridPosition":13,"endGridPositon":24,"solutionPosition":4,"pathTag":1,"direction":1,"solutions":""}={"startingGridPosition":24,"endGridPositon":15,"solutionPosition":5,"pathTag":1,"direction":1,"solutions":""}={"startingGridPosition":15,"endGridPositon":36,"solutionPosition":6,"pathTag":1,"direction":1,"solutions":""}={"startingGridPosition":36,"endGridPositon":44,"solutionPosition":7,"pathTag":1,"direction":1,"solutions":""}={"startingGridPosition":44,"endGridPositon":67,"solutionPosition":8,"pathTag":1,"direction":2,"solutions":""}={"startingGridPosition":67,"endGridPositon":85,"solutionPosition":9,"pathTag":1,"direction":1,"solutions":""}={"startingGridPosition":85,"endGridPositon":94,"solutionPosition":10,"pathTag":1,"direction":1,"solutions":""}={"startingGridPosition":94,"endGridPositon":112,"solutionPosition":11,"pathTag":2,"direction":1,"solutions":"11_s,15_s"}={"startingGridPosition":112,"endGridPositon":124,"solutionPosition":12,"pathTag":1,"direction":1,"solutions":""}={"startingGridPosition":124,"endGridPositon":116,"solutionPosition":13,"pathTag":1,"direction":1,"solutions":""}={"startingGridPosition":116,"endGridPositon":94,"solutionPosition":14,"pathTag":1,"direction":1,"solutions":""}={"startingGridPosition":112,"endGridPositon":32,"solutionPosition":16,"pathTag":1,"direction":1,"solutions":""}={"startingGridPosition":32,"endGridPositon":44,"solutionPosition":17,"pathTag":1,"direction":1,"solutions":""}={"startingGridPosition":44,"endGridPositon":61,"solutionPosition":18,"pathTag":1,"direction":1,"solutions":""}={"startingGridPosition":61,"endGridPositon":83,"solutionPosition":19,"pathTag":1,"direction":1,"solutions":""}={"startingGridPosition":83,"endGridPositon":94,"solutionPosition":20,"pathTag":1,"direction":1,"solutions":""}={"startingGridPosition":94,"endGridPositon":44,"solutionPosition":21,"pathTag":1,"direction":1,"solutions":""}