{"startingGridPosition":97,"endGridPositon":55,"solutionPosition":1,"pathTag":1,"direction":1,"solutions":""}={"startingGridPosition":55,"endGridPositon":26,"solutionPosition":2,"pathTag":1,"direction":1,"solutions":""}={"startingGridPosition":26,"endGridPositon":97,"solutionPosition":3,"pathTag":1,"direction":1,"solutions":""}={"startingGridPosition":97,"endGridPositon":126,"solutionPosition":4,"pathTag":1,"direction":1,"solutions":""}={"startingGridPosition":126,"endGridPositon":55,"solutionPosition":5,"pathTag":1,"direction":1,"solutions":""}={"startingGridPosition":55,"endGridPositon":44,"solutionPosition":6,"pathTag":1,"direction":1,"solutions":""}={"startingGridPosition":44,"endGridPositon":115,"solutionPosition":7,"pathTag":1,"direction":1,"solutions":""}={"startingGridPosition":115,"endGridPositon":124,"solutionPosition":8,"pathTag":1,"direction":1,"solutions":""}={"startingGridPosition":124,"endGridPositon":113,"solutionPosition":9,"pathTag":1,"direction":1,"solutions":""}={"startingGridPosition":113,"endGridPositon":44,"solutionPosition":10,"pathTag":1,"direction":1,"solutions":""}={"startingGridPosition":44,"endGridPositon":53,"solutionPosition":11,"pathTag":1,"direction":1,"solutions":""}={"startingGridPosition":53,"endGridPositon":91,"solutionPosition":12,"pathTag":2,"direction":1,"solutions":"12_s,17_o"}={"startingGridPosition":91,"endGridPositon":122,"solutionPosition":13,"pathTag":1,"direction":1,"solutions":""}={"startingGridPosition":122,"endGridPositon":53,"solutionPosition":14,"pathTag":1,"direction":1,"solutions":""}={"startingGridPosition":53,"endGridPositon":22,"solutionPosition":15,"pathTag":1,"direction":1,"solutions":""}={"startingGridPosition":22,"endGridPositon":91,"solutionPosition":16,"pathTag":1,"direction":1,"solutions":""}={"startingGridPosition":53,"endGridPositon":14,"solutionPosition":18,"pathTag":1,"direction":1,"solutions":""}={"startingGridPosition":14,"endGridPositon":55,"solutionPosition":19,"pathTag":1,"direction":2,"solutions":""}