{"startingGridPosition":64,"endGridPositon":83,"solutionPosition":1,"pathTag":1,"direction":1,"solutions":""}={"startingGridPosition":83,"endGridPositon":85,"solutionPosition":2,"pathTag":2,"direction":1,"solutions":"2_s,16_s"}={"startingGridPosition":85,"endGridPositon":27,"solutionPosition":3,"pathTag":1,"direction":1,"solutions":""}={"startingGridPosition":27,"endGridPositon":21,"solutionPosition":4,"pathTag":1,"direction":2,"solutions":""}={"startingGridPosition":21,"endGridPositon":64,"solutionPosition":5,"pathTag":1,"direction":1,"solutions":""}={"startingGridPosition":64,"endGridPositon":27,"solutionPosition":6,"pathTag":1,"direction":1,"solutions":""}={"startingGridPosition":27,"endGridPositon":87,"solutionPosition":7,"pathTag":1,"direction":1,"solutions":""}={"startingGridPosition":87,"endGridPositon":64,"solutionPosition":8,"pathTag":1,"direction":1,"solutions":""}={"startingGridPosition":64,"endGridPositon":81,"solutionPosition":9,"pathTag":1,"direction":1,"solutions":""}={"startingGridPosition":81,"endGridPositon":21,"solutionPosition":10,"pathTag":1,"direction":1,"solutions":""}={"startingGridPosition":21,"endGridPositon":83,"solutionPosition":11,"pathTag":1,"direction":1,"solutions":""}={"startingGridPosition":83,"endGridPositon":81,"solutionPosition":12,"pathTag":1,"direction":1,"solutions":""}={"startingGridPosition":81,"endGridPositon":111,"solutionPosition":13,"pathTag":1,"direction":1,"solutions":""}={"startingGridPosition":111,"endGridPositon":114,"solutionPosition":14,"pathTag":1,"direction":1,"solutions":""}={"startingGridPosition":114,"endGridPositon":83,"solutionPosition":15,"pathTag":1,"direction":1,"solutions":""}={"startingGridPosition":85,"endGridPositon":114,"solutionPosition":17,"pathTag":1,"direction":1,"solutions":""}={"startingGridPosition":114,"endGridPositon":117,"solutionPosition":18,"pathTag":1,"direction":1,"solutions":""}={"startingGridPosition":117,"endGridPositon":87,"solutionPosition":19,"pathTag":1,"direction":1,"solutions":""}={"startingGridPosition":87,"endGridPositon":85,"solutionPosition":20,"pathTag":1,"direction":1,"solutions":""}={"startingGridPosition":85,"endGridPositon":64,"solutionPosition":21,"pathTag":1,"direction":1,"solutions":""}