{"startingGridPosition":35,"endGridPositon":46,"solutionPosition":1,"pathTag":1,"direction":1,"solutions":""}={"startingGridPosition":46,"endGridPositon":37,"solutionPosition":2,"pathTag":1,"direction":1,"solutions":""}={"startingGridPosition":37,"endGridPositon":16,"solutionPosition":3,"pathTag":1,"direction":2,"solutions":""}={"startingGridPosition":16,"endGridPositon":35,"solutionPosition":4,"pathTag":1,"direction":1,"solutions":""}={"startingGridPosition":35,"endGridPositon":14,"solutionPosition":5,"pathTag":1,"direction":1,"solutions":""}={"startingGridPosition":14,"endGridPositon":33,"solutionPosition":6,"pathTag":1,"direction":1,"solutions":""}={"startingGridPosition":33,"endGridPositon":12,"solutionPosition":7,"pathTag":1,"direction":1,"solutions":""}={"startingGridPosition":12,"endGridPositon":31,"solutionPosition":8,"pathTag":1,"direction":1,"solutions":""}={"startingGridPosition":31,"endGridPositon":42,"solutionPosition":9,"pathTag":1,"direction":1,"solutions":""}={"startingGridPosition":42,"endGridPositon":114,"solutionPosition":10,"pathTag":1,"direction":1,"solutions":""}={"startingGridPosition":114,"endGridPositon":84,"solutionPosition":11,"pathTag":2,"direction":1,"solutions":"11_s,17_s"}={"startingGridPosition":84,"endGridPositon":65,"solutionPosition":12,"pathTag":1,"direction":1,"solutions":""}={"startingGridPosition":65,"endGridPositon":86,"solutionPosition":13,"pathTag":1,"direction":1,"solutions":""}={"startingGridPosition":86,"endGridPositon":77,"solutionPosition":14,"pathTag":1,"direction":1,"solutions":""}={"startingGridPosition":77,"endGridPositon":46,"solutionPosition":15,"pathTag":1,"direction":1,"solutions":""}={"startingGridPosition":46,"endGridPositon":114,"solutionPosition":16,"pathTag":1,"direction":1,"solutions":""}={"startingGridPosition":84,"endGridPositon":63,"solutionPosition":18,"pathTag":1,"direction":1,"solutions":""}={"startingGridPosition":63,"endGridPositon":82,"solutionPosition":19,"pathTag":1,"direction":1,"solutions":""}={"startingGridPosition":82,"endGridPositon":71,"solutionPosition":20,"pathTag":1,"direction":1,"solutions":""}={"startingGridPosition":71,"endGridPositon":42,"solutionPosition":21,"pathTag":1,"direction":1,"solutions":""}={"startingGridPosition":42,"endGridPositon":33,"solutionPosition":22,"pathTag":1,"direction":1,"solutions":""}