{"startingGridPosition":102,"endGridPositon":23,"solutionPosition":1,"pathTag":1,"direction":1,"solutions":""}={"startingGridPosition":23,"endGridPositon":25,"solutionPosition":2,"pathTag":1,"direction":1,"solutions":""}={"startingGridPosition":25,"endGridPositon":106,"solutionPosition":3,"pathTag":1,"direction":2,"solutions":""}={"startingGridPosition":106,"endGridPositon":37,"solutionPosition":4,"pathTag":1,"direction":1,"solutions":""}={"startingGridPosition":37,"endGridPositon":44,"solutionPosition":5,"pathTag":1,"direction":1,"solutions":""}={"startingGridPosition":44,"endGridPositon":106,"solutionPosition":6,"pathTag":1,"direction":1,"solutions":""}={"startingGridPosition":106,"endGridPositon":127,"solutionPosition":7,"pathTag":1,"direction":1,"solutions":""}={"startingGridPosition":127,"endGridPositon":104,"solutionPosition":8,"pathTag":1,"direction":1,"solutions":""}={"startingGridPosition":104,"endGridPositon":44,"solutionPosition":9,"pathTag":2,"direction":1,"solutions":"9_s,13_o"}={"startingGridPosition":44,"endGridPositon":31,"solutionPosition":10,"pathTag":1,"direction":1,"solutions":""}={"startingGridPosition":31,"endGridPositon":102,"solutionPosition":11,"pathTag":1,"direction":1,"solutions":""}={"startingGridPosition":102,"endGridPositon":44,"solutionPosition":12,"pathTag":1,"direction":1,"solutions":""}={"startingGridPosition":104,"endGridPositon":106,"solutionPosition":14,"pathTag":1,"direction":1,"solutions":""}={"startingGridPosition":106,"endGridPositon":125,"solutionPosition":15,"pathTag":1,"direction":1,"solutions":""}={"startingGridPosition":125,"endGridPositon":104,"solutionPosition":16,"pathTag":1,"direction":1,"solutions":""}={"startingGridPosition":104,"endGridPositon":102,"solutionPosition":17,"pathTag":1,"direction":1,"solutions":""}={"startingGridPosition":102,"endGridPositon":121,"solutionPosition":18,"pathTag":1,"direction":1,"solutions":""}={"startingGridPosition":121,"endGridPositon":104,"solutionPosition":19,"pathTag":1,"direction":1,"solutions":""}={"startingGridPosition":104,"endGridPositon":123,"solutionPosition":20,"pathTag":1,"direction":1,"solutions":""}={"startingGridPosition":123,"endGridPositon":102,"solutionPosition":21,"pathTag":1,"direction":1,"solutions":""}