{"startingGridPosition":94,"endGridPositon":72,"solutionPosition":1,"pathTag":1,"direction":1,"solutions":""}={"startingGridPosition":72,"endGridPositon":31,"solutionPosition":2,"pathTag":1,"direction":1,"solutions":""}={"startingGridPosition":31,"endGridPositon":64,"solutionPosition":3,"pathTag":2,"direction":1,"solutions":"3_s,11_s"}={"startingGridPosition":64,"endGridPositon":37,"solutionPosition":4,"pathTag":1,"direction":2,"solutions":""}={"startingGridPosition":37,"endGridPositon":26,"solutionPosition":5,"pathTag":1,"direction":1,"solutions":""}={"startingGridPosition":26,"endGridPositon":35,"solutionPosition":6,"pathTag":1,"direction":1,"solutions":""}={"startingGridPosition":35,"endGridPositon":14,"solutionPosition":7,"pathTag":1,"direction":1,"solutions":""}={"startingGridPosition":14,"endGridPositon":33,"solutionPosition":8,"pathTag":1,"direction":1,"solutions":""}={"startingGridPosition":33,"endGridPositon":22,"solutionPosition":9,"pathTag":1,"direction":1,"solutions":""}={"startingGridPosition":22,"endGridPositon":31,"solutionPosition":10,"pathTag":1,"direction":1,"solutions":""}={"startingGridPosition":64,"endGridPositon":94,"solutionPosition":12,"pathTag":1,"direction":1,"solutions":""}={"startingGridPosition":94,"endGridPositon":76,"solutionPosition":13,"pathTag":1,"direction":1,"solutions":""}={"startingGridPosition":76,"endGridPositon":97,"solutionPosition":14,"pathTag":1,"direction":1,"solutions":""}={"startingGridPosition":97,"endGridPositon":115,"solutionPosition":15,"pathTag":1,"direction":1,"solutions":""}={"startingGridPosition":115,"endGridPositon":94,"solutionPosition":16,"pathTag":1,"direction":1,"solutions":""}={"startingGridPosition":94,"endGridPositon":113,"solutionPosition":17,"pathTag":1,"direction":1,"solutions":""}={"startingGridPosition":113,"endGridPositon":91,"solutionPosition":18,"pathTag":1,"direction":1,"solutions":""}={"startingGridPosition":91,"endGridPositon":72,"solutionPosition":19,"pathTag":1,"direction":1,"solutions":""}={"startingGridPosition":72,"endGridPositon":76,"solutionPosition":20,"pathTag":1,"direction":1,"solutions":""}={"startingGridPosition":76,"endGridPositon":37,"solutionPosition":21,"pathTag":1,"direction":1,"solutions":""}