{"startingGridPosition":42,"endGridPositon":74,"solutionPosition":1,"pathTag":2,"direction":1,"solutions":"1_s,2_o"}={"startingGridPosition":42,"endGridPositon":22,"solutionPosition":3,"pathTag":1,"direction":1,"solutions":""}={"startingGridPosition":22,"endGridPositon":24,"solutionPosition":4,"pathTag":1,"direction":2,"solutions":""}={"startingGridPosition":24,"endGridPositon":74,"solutionPosition":5,"pathTag":2,"direction":1,"solutions":"5_s,9_s"}={"startingGridPosition":74,"endGridPositon":46,"solutionPosition":6,"pathTag":1,"direction":1,"solutions":""}={"startingGridPosition":46,"endGridPositon":26,"solutionPosition":7,"pathTag":1,"direction":1,"solutions":""}={"startingGridPosition":26,"endGridPositon":24,"solutionPosition":8,"pathTag":1,"direction":1,"solutions":""}={"startingGridPosition":74,"endGridPositon":106,"solutionPosition":10,"pathTag":1,"direction":1,"solutions":""}={"startingGridPosition":106,"endGridPositon":77,"solutionPosition":11,"pathTag":1,"direction":1,"solutions":""}={"startingGridPosition":77,"endGridPositon":46,"solutionPosition":12,"pathTag":1,"direction":1,"solutions":""}={"startingGridPosition":46,"endGridPositon":106,"solutionPosition":13,"pathTag":1,"direction":1,"solutions":""}={"startingGridPosition":106,"endGridPositon":126,"solutionPosition":14,"pathTag":1,"direction":1,"solutions":""}={"startingGridPosition":126,"endGridPositon":124,"solutionPosition":15,"pathTag":1,"direction":2,"solutions":""}={"startingGridPosition":124,"endGridPositon":74,"solutionPosition":16,"pathTag":1,"direction":1,"solutions":""}={"startingGridPosition":74,"endGridPositon":102,"solutionPosition":17,"pathTag":1,"direction":1,"solutions":""}={"startingGridPosition":102,"endGridPositon":71,"solutionPosition":18,"pathTag":1,"direction":1,"solutions":""}={"startingGridPosition":71,"endGridPositon":42,"solutionPosition":19,"pathTag":1,"direction":1,"solutions":""}={"startingGridPosition":42,"endGridPositon":102,"solutionPosition":20,"pathTag":1,"direction":1,"solutions":""}={"startingGridPosition":102,"endGridPositon":122,"solutionPosition":21,"pathTag":1,"direction":1,"solutions":""}={"startingGridPosition":122,"endGridPositon":124,"solutionPosition":22,"pathTag":1,"direction":1,"solutions":""}