{"startingGridPosition":53,"endGridPositon":62,"solutionPosition":1,"pathTag":1,"direction":1,"solutions":""}={"startingGridPosition":62,"endGridPositon":102,"solutionPosition":2,"pathTag":1,"direction":1,"solutions":""}={"startingGridPosition":102,"endGridPositon":113,"solutionPosition":3,"pathTag":1,"direction":1,"solutions":""}={"startingGridPosition":113,"endGridPositon":115,"solutionPosition":4,"pathTag":1,"direction":1,"solutions":""}={"startingGridPosition":115,"endGridPositon":106,"solutionPosition":5,"pathTag":1,"direction":1,"solutions":""}={"startingGridPosition":106,"endGridPositon":77,"solutionPosition":6,"pathTag":2,"direction":1,"solutions":"6_s,10_o"}={"startingGridPosition":77,"endGridPositon":66,"solutionPosition":7,"pathTag":1,"direction":1,"solutions":""}={"startingGridPosition":66,"endGridPositon":47,"solutionPosition":8,"pathTag":1,"direction":1,"solutions":""}={"startingGridPosition":47,"endGridPositon":77,"solutionPosition":9,"pathTag":1,"direction":2,"solutions":""}={"startingGridPosition":106,"endGridPositon":66,"solutionPosition":11,"pathTag":1,"direction":1,"solutions":""}={"startingGridPosition":66,"endGridPositon":55,"solutionPosition":12,"pathTag":1,"direction":1,"solutions":""}={"startingGridPosition":55,"endGridPositon":47,"solutionPosition":13,"pathTag":1,"direction":1,"solutions":""}={"startingGridPosition":47,"endGridPositon":36,"solutionPosition":14,"pathTag":1,"direction":1,"solutions":""}={"startingGridPosition":36,"endGridPositon":55,"solutionPosition":15,"pathTag":1,"direction":1,"solutions":""}={"startingGridPosition":55,"endGridPositon":53,"solutionPosition":16,"pathTag":1,"direction":1,"solutions":""}={"startingGridPosition":53,"endGridPositon":36,"solutionPosition":17,"pathTag":1,"direction":1,"solutions":""}={"startingGridPosition":36,"endGridPositon":34,"solutionPosition":18,"pathTag":1,"direction":1,"solutions":""}={"startingGridPosition":34,"endGridPositon":53,"solutionPosition":19,"pathTag":1,"direction":1,"solutions":""}