{"startingGridPosition":31,"endGridPositon":24,"solutionPosition":1,"pathTag":1,"direction":1,"solutions":""}={"startingGridPosition":24,"endGridPositon":37,"solutionPosition":2,"pathTag":2,"direction":1,"solutions":"2_s,5_s"}={"startingGridPosition":37,"endGridPositon":44,"solutionPosition":3,"pathTag":1,"direction":1,"solutions":""}={"startingGridPosition":44,"endGridPositon":24,"solutionPosition":4,"pathTag":1,"direction":1,"solutions":""}={"startingGridPosition":37,"endGridPositon":55,"solutionPosition":6,"pathTag":1,"direction":1,"solutions":""}={"startingGridPosition":55,"endGridPositon":44,"solutionPosition":7,"pathTag":1,"direction":1,"solutions":""}={"startingGridPosition":44,"endGridPositon":31,"solutionPosition":8,"pathTag":1,"direction":1,"solutions":""}={"startingGridPosition":31,"endGridPositon":53,"solutionPosition":9,"pathTag":1,"direction":1,"solutions":""}={"startingGridPosition":53,"endGridPositon":44,"solutionPosition":10,"pathTag":1,"direction":1,"solutions":""}={"startingGridPosition":44,"endGridPositon":74,"solutionPosition":11,"pathTag":1,"direction":1,"solutions":""}={"startingGridPosition":74,"endGridPositon":122,"solutionPosition":12,"pathTag":1,"direction":1,"solutions":""}={"startingGridPosition":122,"endGridPositon":61,"solutionPosition":13,"pathTag":1,"direction":2,"solutions":""}={"startingGridPosition":61,"endGridPositon":53,"solutionPosition":14,"pathTag":1,"direction":1,"solutions":""}={"startingGridPosition":53,"endGridPositon":114,"solutionPosition":15,"pathTag":1,"direction":1,"solutions":""}={"startingGridPosition":114,"endGridPositon":55,"solutionPosition":16,"pathTag":1,"direction":1,"solutions":""}={"startingGridPosition":55,"endGridPositon":67,"solutionPosition":17,"pathTag":1,"direction":1,"solutions":""}={"startingGridPosition":67,"endGridPositon":126,"solutionPosition":18,"pathTag":1,"direction":1,"solutions":""}={"startingGridPosition":126,"endGridPositon":74,"solutionPosition":19,"pathTag":1,"direction":1,"solutions":""}