{"startingGridPosition":127,"endGridPositon":121,"solutionPosition":1,"pathTag":2,"direction":1,"solutions":"1_s,2_o"}={"startingGridPosition":127,"endGridPositon":105,"solutionPosition":3,"pathTag":1,"direction":1,"solutions":""}={"startingGridPosition":105,"endGridPositon":54,"solutionPosition":4,"pathTag":1,"direction":1,"solutions":""}={"startingGridPosition":54,"endGridPositon":31,"solutionPosition":5,"pathTag":1,"direction":1,"solutions":""}={"startingGridPosition":31,"endGridPositon":12,"solutionPosition":6,"pathTag":1,"direction":1,"solutions":""}={"startingGridPosition":12,"endGridPositon":33,"solutionPosition":7,"pathTag":1,"direction":1,"solutions":""}={"startingGridPosition":33,"endGridPositon":61,"solutionPosition":8,"pathTag":1,"direction":2,"solutions":""}={"startingGridPosition":61,"endGridPositon":54,"solutionPosition":9,"pathTag":1,"direction":1,"solutions":""}={"startingGridPosition":54,"endGridPositon":37,"solutionPosition":10,"pathTag":1,"direction":1,"solutions":""}={"startingGridPosition":37,"endGridPositon":16,"solutionPosition":11,"pathTag":1,"direction":1,"solutions":""}={"startingGridPosition":16,"endGridPositon":35,"solutionPosition":12,"pathTag":1,"direction":1,"solutions":""}={"startingGridPosition":35,"endGridPositon":14,"solutionPosition":13,"pathTag":1,"direction":1,"solutions":""}={"startingGridPosition":14,"endGridPositon":33,"solutionPosition":14,"pathTag":1,"direction":1,"solutions":""}={"startingGridPosition":33,"endGridPositon":121,"solutionPosition":15,"pathTag":1,"direction":1,"solutions":""}={"startingGridPosition":121,"endGridPositon":103,"solutionPosition":16,"pathTag":1,"direction":1,"solutions":""}={"startingGridPosition":103,"endGridPositon":54,"solutionPosition":17,"pathTag":1,"direction":1,"solutions":""}={"startingGridPosition":54,"endGridPositon":67,"solutionPosition":18,"pathTag":1,"direction":1,"solutions":""}={"startingGridPosition":67,"endGridPositon":35,"solutionPosition":19,"pathTag":1,"direction":1,"solutions":""}={"startingGridPosition":35,"endGridPositon":127,"solutionPosition":20,"pathTag":1,"direction":1,"solutions":""}