{"startingGridPosition":84,"endGridPositon":114,"solutionPosition":1,"pathTag":2,"direction":1,"solutions":"1_s,10_o"}={"startingGridPosition":114,"endGridPositon":126,"solutionPosition":2,"pathTag":1,"direction":1,"solutions":""}={"startingGridPosition":126,"endGridPositon":117,"solutionPosition":3,"pathTag":1,"direction":1,"solutions":""}={"startingGridPosition":117,"endGridPositon":97,"solutionPosition":4,"pathTag":1,"direction":1,"solutions":""}={"startingGridPosition":97,"endGridPositon":114,"solutionPosition":5,"pathTag":1,"direction":1,"solutions":""}={"startingGridPosition":114,"endGridPositon":122,"solutionPosition":6,"pathTag":1,"direction":1,"solutions":""}={"startingGridPosition":122,"endGridPositon":111,"solutionPosition":7,"pathTag":1,"direction":1,"solutions":""}={"startingGridPosition":111,"endGridPositon":91,"solutionPosition":8,"pathTag":1,"direction":1,"solutions":""}={"startingGridPosition":91,"endGridPositon":114,"solutionPosition":9,"pathTag":1,"direction":1,"solutions":""}={"startingGridPosition":84,"endGridPositon":17,"solutionPosition":11,"pathTag":1,"direction":1,"solutions":""}={"startingGridPosition":17,"endGridPositon":76,"solutionPosition":12,"pathTag":1,"direction":1,"solutions":""}={"startingGridPosition":76,"endGridPositon":84,"solutionPosition":13,"pathTag":1,"direction":1,"solutions":""}={"startingGridPosition":84,"endGridPositon":72,"solutionPosition":14,"pathTag":1,"direction":1,"solutions":""}={"startingGridPosition":72,"endGridPositon":11,"solutionPosition":15,"pathTag":1,"direction":1,"solutions":""}={"startingGridPosition":11,"endGridPositon":44,"solutionPosition":16,"pathTag":1,"direction":1,"solutions":""}={"startingGridPosition":44,"endGridPositon":17,"solutionPosition":17,"pathTag":1,"direction":2,"solutions":""}={"startingGridPosition":17,"endGridPositon":24,"solutionPosition":18,"pathTag":1,"direction":1,"solutions":""}={"startingGridPosition":24,"endGridPositon":11,"solutionPosition":19,"pathTag":1,"direction":1,"solutions":""}={"startingGridPosition":11,"endGridPositon":84,"solutionPosition":20,"pathTag":1,"direction":1,"solutions":""}