{"startingGridPosition":32,"endGridPositon":94,"solutionPosition":1,"pathTag":1,"direction":1,"solutions":""}={"startingGridPosition":94,"endGridPositon":36,"solutionPosition":2,"pathTag":1,"direction":1,"solutions":""}={"startingGridPosition":36,"endGridPositon":44,"solutionPosition":3,"pathTag":1,"direction":1,"solutions":""}={"startingGridPosition":44,"endGridPositon":32,"solutionPosition":4,"pathTag":1,"direction":1,"solutions":""}={"startingGridPosition":32,"endGridPositon":124,"solutionPosition":5,"pathTag":1,"direction":1,"solutions":""}={"startingGridPosition":124,"endGridPositon":36,"solutionPosition":6,"pathTag":1,"direction":1,"solutions":""}={"startingGridPosition":36,"endGridPositon":27,"solutionPosition":7,"pathTag":1,"direction":1,"solutions":""}={"startingGridPosition":27,"endGridPositon":126,"solutionPosition":8,"pathTag":1,"direction":1,"solutions":""}={"startingGridPosition":126,"endGridPositon":94,"solutionPosition":9,"pathTag":1,"direction":1,"solutions":""}={"startingGridPosition":94,"endGridPositon":122,"solutionPosition":10,"pathTag":1,"direction":1,"solutions":""}={"startingGridPosition":122,"endGridPositon":21,"solutionPosition":11,"pathTag":1,"direction":1,"solutions":""}={"startingGridPosition":21,"endGridPositon":32,"solutionPosition":12,"pathTag":1,"direction":1,"solutions":""}