{"startingGridPosition":81,"endGridPositon":84,"solutionPosition":1,"pathTag":1,"direction":1,"solutions":""}={"startingGridPosition":84,"endGridPositon":87,"solutionPosition":2,"pathTag":1,"direction":1,"solutions":""}={"startingGridPosition":87,"endGridPositon":117,"solutionPosition":3,"pathTag":1,"direction":1,"solutions":""}={"startingGridPosition":117,"endGridPositon":84,"solutionPosition":4,"pathTag":1,"direction":1,"solutions":""}={"startingGridPosition":84,"endGridPositon":51,"solutionPosition":5,"pathTag":1,"direction":1,"solutions":""}={"startingGridPosition":51,"endGridPositon":81,"solutionPosition":6,"pathTag":1,"direction":1,"solutions":""}={"startingGridPosition":81,"endGridPositon":111,"solutionPosition":7,"pathTag":1,"direction":1,"solutions":""}={"startingGridPosition":111,"endGridPositon":84,"solutionPosition":8,"pathTag":1,"direction":1,"solutions":""}={"startingGridPosition":84,"endGridPositon":57,"solutionPosition":9,"pathTag":1,"direction":2,"solutions":""}={"startingGridPosition":57,"endGridPositon":87,"solutionPosition":10,"pathTag":1,"direction":1,"solutions":""}