{"startingGridPosition":104,"endGridPositon":77,"solutionPosition":1,"pathTag":1,"direction":1,"solutions":""}={"startingGridPosition":77,"endGridPositon":57,"solutionPosition":2,"pathTag":1,"direction":1,"solutions":""}={"startingGridPosition":57,"endGridPositon":24,"solutionPosition":3,"pathTag":1,"direction":1,"solutions":""}={"startingGridPosition":24,"endGridPositon":51,"solutionPosition":4,"pathTag":1,"direction":1,"solutions":""}={"startingGridPosition":51,"endGridPositon":71,"solutionPosition":5,"pathTag":1,"direction":1,"solutions":""}={"startingGridPosition":71,"endGridPositon":104,"solutionPosition":6,"pathTag":1,"direction":1,"solutions":""}={"startingGridPosition":104,"endGridPositon":74,"solutionPosition":7,"pathTag":1,"direction":1,"solutions":""}={"startingGridPosition":74,"endGridPositon":57,"solutionPosition":8,"pathTag":1,"direction":1,"solutions":""}={"startingGridPosition":57,"endGridPositon":51,"solutionPosition":9,"pathTag":1,"direction":1,"solutions":""}={"startingGridPosition":51,"endGridPositon":74,"solutionPosition":10,"pathTag":1,"direction":1,"solutions":""}