{"startingGridPosition":14,"endGridPositon":117,"solutionPosition":1,"pathTag":1,"direction":1,"solutions":""}={"startingGridPosition":117,"endGridPositon":44,"solutionPosition":2,"pathTag":1,"direction":1,"solutions":""}={"startingGridPosition":44,"endGridPositon":111,"solutionPosition":3,"pathTag":1,"direction":1,"solutions":""}={"startingGridPosition":111,"endGridPositon":14,"solutionPosition":4,"pathTag":1,"direction":1,"solutions":""}={"startingGridPosition":14,"endGridPositon":36,"solutionPosition":5,"pathTag":1,"direction":1,"solutions":""}={"startingGridPosition":36,"endGridPositon":104,"solutionPosition":6,"pathTag":1,"direction":1,"solutions":""}={"startingGridPosition":104,"endGridPositon":126,"solutionPosition":7,"pathTag":1,"direction":1,"solutions":""}={"startingGridPosition":126,"endGridPositon":84,"solutionPosition":8,"pathTag":1,"direction":1,"solutions":""}={"startingGridPosition":84,"endGridPositon":122,"solutionPosition":9,"pathTag":1,"direction":1,"solutions":""}={"startingGridPosition":122,"endGridPositon":104,"solutionPosition":10,"pathTag":1,"direction":1,"solutions":""}={"startingGridPosition":104,"endGridPositon":32,"solutionPosition":11,"pathTag":1,"direction":1,"solutions":""}={"startingGridPosition":32,"endGridPositon":14,"solutionPosition":12,"pathTag":1,"direction":1,"solutions":""}