{"startingGridPosition":35,"endGridPositon":74,"solutionPosition":1,"pathTag":1,"direction":1,"solutions":""}={"startingGridPosition":74,"endGridPositon":33,"solutionPosition":2,"pathTag":1,"direction":1,"solutions":""}={"startingGridPosition":33,"endGridPositon":101,"solutionPosition":3,"pathTag":1,"direction":1,"solutions":""}={"startingGridPosition":101,"endGridPositon":74,"solutionPosition":4,"pathTag":1,"direction":1,"solutions":""}={"startingGridPosition":74,"endGridPositon":107,"solutionPosition":5,"pathTag":1,"direction":1,"solutions":""}={"startingGridPosition":107,"endGridPositon":35,"solutionPosition":6,"pathTag":1,"direction":1,"solutions":""}={"startingGridPosition":35,"endGridPositon":14,"solutionPosition":7,"pathTag":1,"direction":1,"solutions":""}={"startingGridPosition":14,"endGridPositon":126,"solutionPosition":8,"pathTag":1,"direction":1,"solutions":""}={"startingGridPosition":126,"endGridPositon":114,"solutionPosition":9,"pathTag":1,"direction":1,"solutions":""}={"startingGridPosition":114,"endGridPositon":122,"solutionPosition":10,"pathTag":1,"direction":1,"solutions":""}={"startingGridPosition":122,"endGridPositon":14,"solutionPosition":11,"pathTag":1,"direction":1,"solutions":""}={"startingGridPosition":14,"endGridPositon":33,"solutionPosition":12,"pathTag":1,"direction":1,"solutions":""}