{"startingGridPosition":116,"endGridPositon":74,"solutionPosition":1,"pathTag":1,"direction":1,"solutions":""}={"startingGridPosition":74,"endGridPositon":35,"solutionPosition":2,"pathTag":1,"direction":1,"solutions":""}={"startingGridPosition":35,"endGridPositon":81,"solutionPosition":3,"pathTag":1,"direction":1,"solutions":""}={"startingGridPosition":81,"endGridPositon":43,"solutionPosition":4,"pathTag":1,"direction":1,"solutions":""}={"startingGridPosition":43,"endGridPositon":35,"solutionPosition":5,"pathTag":1,"direction":1,"solutions":""}={"startingGridPosition":35,"endGridPositon":26,"solutionPosition":6,"pathTag":1,"direction":1,"solutions":""}={"startingGridPosition":26,"endGridPositon":57,"solutionPosition":7,"pathTag":1,"direction":1,"solutions":""}={"startingGridPosition":57,"endGridPositon":116,"solutionPosition":8,"pathTag":1,"direction":1,"solutions":""}={"startingGridPosition":116,"endGridPositon":123,"solutionPosition":9,"pathTag":1,"direction":1,"solutions":""}={"startingGridPosition":123,"endGridPositon":81,"solutionPosition":10,"pathTag":1,"direction":1,"solutions":""}={"startingGridPosition":81,"endGridPositon":74,"solutionPosition":11,"pathTag":1,"direction":1,"solutions":""}