{"startingGridPosition":57,"endGridPositon":77,"solutionPosition":1,"pathTag":1,"direction":1,"solutions":""}={"startingGridPosition":77,"endGridPositon":105,"solutionPosition":2,"pathTag":1,"direction":1,"solutions":""}={"startingGridPosition":105,"endGridPositon":103,"solutionPosition":3,"pathTag":1,"direction":1,"solutions":""}={"startingGridPosition":103,"endGridPositon":92,"solutionPosition":4,"pathTag":1,"direction":1,"solutions":""}={"startingGridPosition":92,"endGridPositon":71,"solutionPosition":5,"pathTag":1,"direction":1,"solutions":""}={"startingGridPosition":71,"endGridPositon":51,"solutionPosition":6,"pathTag":1,"direction":1,"solutions":""}={"startingGridPosition":51,"endGridPositon":33,"solutionPosition":7,"pathTag":1,"direction":1,"solutions":""}={"startingGridPosition":33,"endGridPositon":35,"solutionPosition":8,"pathTag":1,"direction":1,"solutions":""}={"startingGridPosition":35,"endGridPositon":57,"solutionPosition":9,"pathTag":1,"direction":1,"solutions":""}={"startingGridPosition":57,"endGridPositon":92,"solutionPosition":10,"pathTag":1,"direction":1,"solutions":""}={"startingGridPosition":92,"endGridPositon":35,"solutionPosition":11,"pathTag":1,"direction":2,"solutions":""}