{"startingGridPosition":95,"endGridPositon":74,"solutionPosition":1,"pathTag":1,"direction":1,"solutions":""}={"startingGridPosition":74,"endGridPositon":93,"solutionPosition":2,"pathTag":1,"direction":1,"solutions":""}={"startingGridPosition":93,"endGridPositon":114,"solutionPosition":3,"pathTag":1,"direction":1,"solutions":""}={"startingGridPosition":114,"endGridPositon":95,"solutionPosition":4,"pathTag":1,"direction":1,"solutions":""}={"startingGridPosition":95,"endGridPositon":57,"solutionPosition":5,"pathTag":1,"direction":1,"solutions":""}={"startingGridPosition":57,"endGridPositon":74,"solutionPosition":6,"pathTag":1,"direction":1,"solutions":""}={"startingGridPosition":74,"endGridPositon":51,"solutionPosition":7,"pathTag":1,"direction":1,"solutions":""}={"startingGridPosition":51,"endGridPositon":93,"solutionPosition":8,"pathTag":1,"direction":1,"solutions":""}={"startingGridPosition":93,"endGridPositon":71,"solutionPosition":9,"pathTag":1,"direction":1,"solutions":""}={"startingGridPosition":71,"endGridPositon":34,"solutionPosition":10,"pathTag":1,"direction":1,"solutions":""}={"startingGridPosition":34,"endGridPositon":77,"solutionPosition":11,"pathTag":1,"direction":1,"solutions":""}={"startingGridPosition":77,"endGridPositon":95,"solutionPosition":12,"pathTag":1,"direction":1,"solutions":""}