{"startingGridPosition":103,"endGridPositon":122,"solutionPosition":1,"pathTag":1,"direction":1,"solutions":""}={"startingGridPosition":122,"endGridPositon":101,"solutionPosition":2,"pathTag":1,"direction":1,"solutions":""}={"startingGridPosition":101,"endGridPositon":51,"solutionPosition":3,"pathTag":1,"direction":1,"solutions":""}={"startingGridPosition":51,"endGridPositon":32,"solutionPosition":4,"pathTag":1,"direction":1,"solutions":""}={"startingGridPosition":32,"endGridPositon":77,"solutionPosition":5,"pathTag":1,"direction":1,"solutions":""}={"startingGridPosition":77,"endGridPositon":122,"solutionPosition":6,"pathTag":1,"direction":1,"solutions":""}={"startingGridPosition":122,"endGridPositon":32,"solutionPosition":7,"pathTag":1,"direction":1,"solutions":""}={"startingGridPosition":32,"endGridPositon":53,"solutionPosition":8,"pathTag":1,"direction":1,"solutions":""}={"startingGridPosition":53,"endGridPositon":103,"solutionPosition":9,"pathTag":1,"direction":1,"solutions":""}={"startingGridPosition":103,"endGridPositon":77,"solutionPosition":10,"pathTag":1,"direction":1,"solutions":""}={"startingGridPosition":77,"endGridPositon":53,"solutionPosition":11,"pathTag":1,"direction":1,"solutions":""}