{"startingGridPosition":53,"endGridPositon":73,"solutionPosition":1,"pathTag":1,"direction":1,"solutions":""}={"startingGridPosition":73,"endGridPositon":75,"solutionPosition":2,"pathTag":1,"direction":1,"solutions":""}={"startingGridPosition":75,"endGridPositon":55,"solutionPosition":3,"pathTag":1,"direction":1,"solutions":""}={"startingGridPosition":55,"endGridPositon":53,"solutionPosition":4,"pathTag":1,"direction":1,"solutions":""}={"startingGridPosition":53,"endGridPositon":21,"solutionPosition":5,"pathTag":2,"direction":1,"solutions":"5_s,13_o"}={"startingGridPosition":21,"endGridPositon":55,"solutionPosition":7,"pathTag":1,"direction":1,"solutions":""}={"startingGridPosition":55,"endGridPositon":36,"solutionPosition":8,"pathTag":1,"direction":1,"solutions":""}={"startingGridPosition":36,"endGridPositon":75,"solutionPosition":9,"pathTag":1,"direction":1,"solutions":""}={"startingGridPosition":75,"endGridPositon":117,"solutionPosition":10,"pathTag":1,"direction":1,"solutions":""}={"startingGridPosition":117,"endGridPositon":73,"solutionPosition":11,"pathTag":1,"direction":1,"solutions":""}={"startingGridPosition":73,"endGridPositon":102,"solutionPosition":12,"pathTag":1,"direction":1,"solutions":""}={"startingGridPosition":102,"endGridPositon":53,"solutionPosition":14,"pathTag":1,"direction":1,"solutions":""}