{"startingGridPosition":84,"endGridPositon":125,"solutionPosition":1,"pathTag":1,"direction":1,"solutions":""}={"startingGridPosition":125,"endGridPositon":47,"solutionPosition":2,"pathTag":1,"direction":1,"solutions":""}={"startingGridPosition":47,"endGridPositon":54,"solutionPosition":3,"pathTag":1,"direction":1,"solutions":""}={"startingGridPosition":54,"endGridPositon":41,"solutionPosition":4,"pathTag":1,"direction":1,"solutions":""}={"startingGridPosition":41,"endGridPositon":123,"solutionPosition":5,"pathTag":1,"direction":1,"solutions":""}={"startingGridPosition":123,"endGridPositon":84,"solutionPosition":6,"pathTag":1,"direction":1,"solutions":""}={"startingGridPosition":84,"endGridPositon":26,"solutionPosition":7,"pathTag":1,"direction":1,"solutions":""}={"startingGridPosition":26,"endGridPositon":97,"solutionPosition":8,"pathTag":1,"direction":1,"solutions":""}={"startingGridPosition":97,"endGridPositon":34,"solutionPosition":9,"pathTag":1,"direction":1,"solutions":""}={"startingGridPosition":34,"endGridPositon":91,"solutionPosition":10,"pathTag":1,"direction":1,"solutions":""}={"startingGridPosition":91,"endGridPositon":22,"solutionPosition":11,"pathTag":1,"direction":1,"solutions":""}={"startingGridPosition":22,"endGridPositon":84,"solutionPosition":12,"pathTag":1,"direction":1,"solutions":""}