{"startingGridPosition":126,"endGridPositon":56,"solutionPosition":1,"pathTag":1,"direction":1,"solutions":""}={"startingGridPosition":56,"endGridPositon":51,"solutionPosition":2,"pathTag":1,"direction":1,"solutions":""}={"startingGridPosition":51,"endGridPositon":27,"solutionPosition":3,"pathTag":1,"direction":1,"solutions":""}={"startingGridPosition":27,"endGridPositon":21,"solutionPosition":4,"pathTag":1,"direction":1,"solutions":""}={"startingGridPosition":21,"endGridPositon":51,"solutionPosition":5,"pathTag":1,"direction":1,"solutions":""}={"startingGridPosition":51,"endGridPositon":71,"solutionPosition":6,"pathTag":1,"direction":1,"solutions":""}={"startingGridPosition":71,"endGridPositon":73,"solutionPosition":7,"pathTag":1,"direction":1,"solutions":""}={"startingGridPosition":73,"endGridPositon":123,"solutionPosition":8,"pathTag":1,"direction":1,"solutions":""}={"startingGridPosition":123,"endGridPositon":126,"solutionPosition":9,"pathTag":1,"direction":1,"solutions":""}={"startingGridPosition":126,"endGridPositon":97,"solutionPosition":10,"pathTag":1,"direction":1,"solutions":""}={"startingGridPosition":97,"endGridPositon":27,"solutionPosition":11,"pathTag":1,"direction":1,"solutions":""}={"startingGridPosition":27,"endGridPositon":56,"solutionPosition":12,"pathTag":1,"direction":1,"solutions":""}