{"startingGridPosition":14,"endGridPositon":42,"solutionPosition":3,"pathTag":1,"direction":1,"solutions":""}={"startingGridPosition":42,"endGridPositon":123,"solutionPosition":4,"pathTag":1,"direction":1,"solutions":""}={"startingGridPosition":123,"endGridPositon":46,"solutionPosition":1,"pathTag":1,"direction":1,"solutions":""}={"startingGridPosition":46,"endGridPositon":14,"solutionPosition":2,"pathTag":1,"direction":1,"solutions":""}={"startingGridPosition":123,"endGridPositon":14,"solutionPosition":5,"pathTag":1,"direction":1,"solutions":""}={"startingGridPosition":14,"endGridPositon":125,"solutionPosition":6,"pathTag":1,"direction":1,"solutions":""}={"startingGridPosition":125,"endGridPositon":46,"solutionPosition":7,"pathTag":1,"direction":1,"solutions":""}