{"startingGridPosition":104,"endGridPositon":44,"solutionPosition":1,"pathTag":1,"direction":1,"solutions":""}={"startingGridPosition":44,"endGridPositon":71,"solutionPosition":2,"pathTag":1,"direction":1,"solutions":""}={"startingGridPosition":71,"endGridPositon":104,"solutionPosition":3,"pathTag":1,"direction":1,"solutions":""}={"startingGridPosition":104,"endGridPositon":77,"solutionPosition":4,"pathTag":1,"direction":1,"solutions":""}={"startingGridPosition":77,"endGridPositon":44,"solutionPosition":5,"pathTag":1,"direction":1,"solutions":""}={"startingGridPosition":44,"endGridPositon":126,"solutionPosition":6,"pathTag":1,"direction":1,"solutions":""}={"startingGridPosition":126,"endGridPositon":26,"solutionPosition":7,"pathTag":1,"direction":1,"solutions":""}={"startingGridPosition":26,"endGridPositon":44,"solutionPosition":8,"pathTag":1,"direction":1,"solutions":""}={"startingGridPosition":44,"endGridPositon":22,"solutionPosition":9,"pathTag":1,"direction":1,"solutions":""}={"startingGridPosition":22,"endGridPositon":122,"solutionPosition":10,"pathTag":1,"direction":1,"solutions":""}={"startingGridPosition":122,"endGridPositon":44,"solutionPosition":11,"pathTag":1,"direction":1,"solutions":""}