{"startingGridPosition":21,"endGridPositon":101,"solutionPosition":7,"pathTag":1,"direction":1,"solutions":""}={"startingGridPosition":74,"endGridPositon":101,"solutionPosition":6,"pathTag":1,"direction":1,"solutions":""}={"startingGridPosition":21,"endGridPositon":54,"solutionPosition":8,"pathTag":1,"direction":1,"solutions":""}={"startingGridPosition":74,"endGridPositon":54,"solutionPosition":1,"pathTag":1,"direction":1,"solutions":""}={"startingGridPosition":54,"endGridPositon":34,"solutionPosition":2,"pathTag":1,"direction":1,"solutions":""}={"startingGridPosition":34,"endGridPositon":67,"solutionPosition":3,"pathTag":1,"direction":1,"solutions":""}={"startingGridPosition":67,"endGridPositon":94,"solutionPosition":4,"pathTag":1,"direction":1,"solutions":""}={"startingGridPosition":94,"endGridPositon":74,"solutionPosition":5,"pathTag":1,"direction":1,"solutions":""}={"startingGridPosition":54,"endGridPositon":65,"solutionPosition":9,"pathTag":1,"direction":1,"solutions":""}={"startingGridPosition":65,"endGridPositon":74,"solutionPosition":10,"pathTag":1,"direction":1,"solutions":""}