{"startingGridPosition":94,"endGridPositon":57,"solutionPosition":1,"pathTag":1,"direction":1,"solutions":""}={"startingGridPosition":57,"endGridPositon":36,"solutionPosition":2,"pathTag":1,"direction":1,"solutions":""}={"startingGridPosition":36,"endGridPositon":32,"solutionPosition":3,"pathTag":1,"direction":1,"solutions":""}={"startingGridPosition":32,"endGridPositon":51,"solutionPosition":4,"pathTag":1,"direction":1,"solutions":""}={"startingGridPosition":51,"endGridPositon":94,"solutionPosition":5,"pathTag":1,"direction":1,"solutions":""}={"startingGridPosition":94,"endGridPositon":65,"solutionPosition":6,"pathTag":1,"direction":1,"solutions":""}={"startingGridPosition":65,"endGridPositon":63,"solutionPosition":7,"pathTag":1,"direction":1,"solutions":""}={"startingGridPosition":63,"endGridPositon":32,"solutionPosition":8,"pathTag":1,"direction":1,"solutions":""}={"startingGridPosition":32,"endGridPositon":65,"solutionPosition":9,"pathTag":1,"direction":1,"solutions":""}={"startingGridPosition":65,"endGridPositon":36,"solutionPosition":10,"pathTag":1,"direction":1,"solutions":""}={"startingGridPosition":36,"endGridPositon":63,"solutionPosition":11,"pathTag":1,"direction":1,"solutions":""}={"startingGridPosition":63,"endGridPositon":94,"solutionPosition":12,"pathTag":1,"direction":1,"solutions":""}