{"startingGridPosition":64,"endGridPositon":126,"solutionPosition":1,"pathTag":1,"direction":1,"solutions":""}={"startingGridPosition":126,"endGridPositon":14,"solutionPosition":2,"pathTag":1,"direction":1,"solutions":""}={"startingGridPosition":14,"endGridPositon":122,"solutionPosition":3,"pathTag":1,"direction":1,"solutions":""}={"startingGridPosition":122,"endGridPositon":64,"solutionPosition":4,"pathTag":1,"direction":1,"solutions":""}={"startingGridPosition":64,"endGridPositon":107,"solutionPosition":5,"pathTag":1,"direction":1,"solutions":""}={"startingGridPosition":107,"endGridPositon":45,"solutionPosition":6,"pathTag":1,"direction":1,"solutions":""}={"startingGridPosition":45,"endGridPositon":17,"solutionPosition":7,"pathTag":1,"direction":1,"solutions":""}={"startingGridPosition":17,"endGridPositon":124,"solutionPosition":8,"pathTag":1,"direction":1,"solutions":""}={"startingGridPosition":124,"endGridPositon":11,"solutionPosition":9,"pathTag":1,"direction":1,"solutions":""}={"startingGridPosition":11,"endGridPositon":43,"solutionPosition":10,"pathTag":1,"direction":1,"solutions":""}={"startingGridPosition":43,"endGridPositon":101,"solutionPosition":11,"pathTag":1,"direction":1,"solutions":""}={"startingGridPosition":101,"endGridPositon":64,"solutionPosition":12,"pathTag":1,"direction":1,"solutions":""}