{"startingGridPosition":14,"endGridPositon":42,"solutionPosition":1,"pathTag":1,"direction":1,"solutions":""}={"startingGridPosition":42,"endGridPositon":46,"solutionPosition":2,"pathTag":1,"direction":1,"solutions":""}={"startingGridPosition":46,"endGridPositon":14,"solutionPosition":3,"pathTag":1,"direction":1,"solutions":""}={"startingGridPosition":14,"endGridPositon":124,"solutionPosition":4,"pathTag":1,"direction":1,"solutions":""}={"startingGridPosition":124,"endGridPositon":42,"solutionPosition":5,"pathTag":1,"direction":1,"solutions":""}={"startingGridPosition":42,"endGridPositon":101,"solutionPosition":6,"pathTag":1,"direction":1,"solutions":""}={"startingGridPosition":101,"endGridPositon":107,"solutionPosition":7,"pathTag":1,"direction":1,"solutions":""}={"startingGridPosition":107,"endGridPositon":46,"solutionPosition":8,"pathTag":1,"direction":1,"solutions":""}={"startingGridPosition":46,"endGridPositon":124,"solutionPosition":9,"pathTag":1,"direction":1,"solutions":""}