{"startingGridPosition":56,"endGridPositon":51,"solutionPosition":1,"pathTag":1,"direction":1,"solutions":""}={"startingGridPosition":51,"endGridPositon":126,"solutionPosition":2,"pathTag":1,"direction":1,"solutions":""}={"startingGridPosition":126,"endGridPositon":121,"solutionPosition":3,"pathTag":1,"direction":1,"solutions":""}={"startingGridPosition":121,"endGridPositon":51,"solutionPosition":4,"pathTag":1,"direction":1,"solutions":""}={"startingGridPosition":51,"endGridPositon":32,"solutionPosition":5,"pathTag":1,"direction":1,"solutions":""}={"startingGridPosition":32,"endGridPositon":37,"solutionPosition":6,"pathTag":1,"direction":1,"solutions":""}={"startingGridPosition":37,"endGridPositon":56,"solutionPosition":7,"pathTag":1,"direction":1,"solutions":""}={"startingGridPosition":56,"endGridPositon":126,"solutionPosition":8,"pathTag":1,"direction":1,"solutions":""}={"startingGridPosition":126,"endGridPositon":107,"solutionPosition":9,"pathTag":1,"direction":1,"solutions":""}={"startingGridPosition":107,"endGridPositon":37,"solutionPosition":10,"pathTag":1,"direction":1,"solutions":""}