{"startingGridPosition":51,"endGridPositon":57,"solutionPosition":1,"pathTag":1,"direction":1,"solutions":""}={"startingGridPosition":57,"endGridPositon":57,"solutionPosition":2,"pathTag":1,"direction":1,"solutions":""}={"startingGridPosition":57,"endGridPositon":111,"solutionPosition":3,"pathTag":1,"direction":1,"solutions":""}={"startingGridPosition":111,"endGridPositon":24,"solutionPosition":4,"pathTag":1,"direction":1,"solutions":""}={"startingGridPosition":24,"endGridPositon":117,"solutionPosition":5,"pathTag":1,"direction":1,"solutions":""}={"startingGridPosition":117,"endGridPositon":111,"solutionPosition":6,"pathTag":1,"direction":1,"solutions":""}={"startingGridPosition":111,"endGridPositon":51,"solutionPosition":7,"pathTag":1,"direction":1,"solutions":""}={"startingGridPosition":51,"endGridPositon":24,"solutionPosition":8,"pathTag":1,"direction":1,"solutions":""}={"startingGridPosition":24,"endGridPositon":57,"solutionPosition":9,"pathTag":1,"direction":1,"solutions":""}={"startingGridPosition":57,"endGridPositon":117,"solutionPosition":10,"pathTag":1,"direction":1,"solutions":""}