{"startingGridPosition":114,"endGridPositon":74,"solutionPosition":1,"pathTag":1,"direction":1,"solutions":""}={"startingGridPosition":74,"endGridPositon":55,"solutionPosition":2,"pathTag":1,"direction":1,"solutions":""}={"startingGridPosition":55,"endGridPositon":44,"solutionPosition":3,"pathTag":1,"direction":1,"solutions":""}={"startingGridPosition":44,"endGridPositon":27,"solutionPosition":4,"pathTag":1,"direction":1,"solutions":""}={"startingGridPosition":27,"endGridPositon":106,"solutionPosition":5,"pathTag":1,"direction":1,"solutions":""}={"startingGridPosition":106,"endGridPositon":114,"solutionPosition":6,"pathTag":1,"direction":1,"solutions":""}={"startingGridPosition":114,"endGridPositon":102,"solutionPosition":7,"pathTag":1,"direction":1,"solutions":""}={"startingGridPosition":102,"endGridPositon":21,"solutionPosition":8,"pathTag":1,"direction":1,"solutions":""}={"startingGridPosition":21,"endGridPositon":44,"solutionPosition":9,"pathTag":1,"direction":1,"solutions":""}={"startingGridPosition":44,"endGridPositon":53,"solutionPosition":10,"pathTag":1,"direction":1,"solutions":""}={"startingGridPosition":53,"endGridPositon":74,"solutionPosition":11,"pathTag":1,"direction":1,"solutions":""}