{"startingGridPosition":31,"endGridPositon":74,"solutionPosition":5,"pathTag":1,"direction":1,"solutions":""}={"startingGridPosition":74,"endGridPositon":37,"solutionPosition":2,"pathTag":1,"direction":1,"solutions":""}={"startingGridPosition":37,"endGridPositon":117,"solutionPosition":3,"pathTag":1,"direction":1,"solutions":""}={"startingGridPosition":111,"endGridPositon":117,"solutionPosition":7,"pathTag":1,"direction":1,"solutions":""}={"startingGridPosition":31,"endGridPositon":111,"solutionPosition":6,"pathTag":1,"direction":1,"solutions":""}={"startingGridPosition":117,"endGridPositon":74,"solutionPosition":4,"pathTag":1,"direction":1,"solutions":""}={"startingGridPosition":111,"endGridPositon":74,"solutionPosition":1,"pathTag":1,"direction":1,"solutions":""}