{"startingGridPosition":106,"endGridPositon":67,"solutionPosition":1,"pathTag":1,"direction":1,"solutions":""}={"startingGridPosition":67,"endGridPositon":26,"solutionPosition":2,"pathTag":1,"direction":1,"solutions":""}={"startingGridPosition":26,"endGridPositon":106,"solutionPosition":3,"pathTag":1,"direction":1,"solutions":""}={"startingGridPosition":106,"endGridPositon":102,"solutionPosition":4,"pathTag":1,"direction":1,"solutions":""}={"startingGridPosition":102,"endGridPositon":63,"solutionPosition":5,"pathTag":1,"direction":1,"solutions":""}={"startingGridPosition":63,"endGridPositon":22,"solutionPosition":6,"pathTag":1,"direction":1,"solutions":""}={"startingGridPosition":22,"endGridPositon":102,"solutionPosition":7,"pathTag":1,"direction":1,"solutions":""}={"startingGridPosition":102,"endGridPositon":61,"solutionPosition":8,"pathTag":1,"direction":1,"solutions":""}={"startingGridPosition":61,"endGridPositon":22,"solutionPosition":9,"pathTag":1,"direction":1,"solutions":""}={"startingGridPosition":22,"endGridPositon":26,"solutionPosition":10,"pathTag":1,"direction":1,"solutions":""}