{"startingGridPosition":112,"endGridPositon":34,"solutionPosition":1,"pathTag":1,"direction":1,"solutions":""}={"startingGridPosition":34,"endGridPositon":116,"solutionPosition":2,"pathTag":1,"direction":1,"solutions":""}={"startingGridPosition":116,"endGridPositon":124,"solutionPosition":3,"pathTag":1,"direction":1,"solutions":""}={"startingGridPosition":124,"endGridPositon":112,"solutionPosition":4,"pathTag":1,"direction":1,"solutions":""}={"startingGridPosition":112,"endGridPositon":104,"solutionPosition":5,"pathTag":1,"direction":1,"solutions":""}={"startingGridPosition":104,"endGridPositon":57,"solutionPosition":6,"pathTag":1,"direction":1,"solutions":""}={"startingGridPosition":57,"endGridPositon":26,"solutionPosition":7,"pathTag":1,"direction":1,"solutions":""}={"startingGridPosition":26,"endGridPositon":34,"solutionPosition":8,"pathTag":1,"direction":1,"solutions":""}={"startingGridPosition":34,"endGridPositon":22,"solutionPosition":9,"pathTag":1,"direction":1,"solutions":""}={"startingGridPosition":22,"endGridPositon":51,"solutionPosition":10,"pathTag":1,"direction":1,"solutions":""}={"startingGridPosition":51,"endGridPositon":104,"solutionPosition":11,"pathTag":1,"direction":1,"solutions":""}={"startingGridPosition":104,"endGridPositon":116,"solutionPosition":12,"pathTag":1,"direction":1,"solutions":""}