{"startingGridPosition":124,"endGridPositon":71,"solutionPosition":11,"pathTag":1,"direction":1,"solutions":""}={"startingGridPosition":77,"endGridPositon":124,"solutionPosition":10,"pathTag":1,"direction":1,"solutions":""}={"startingGridPosition":71,"endGridPositon":42,"solutionPosition":12,"pathTag":1,"direction":1,"solutions":""}={"startingGridPosition":42,"endGridPositon":13,"solutionPosition":5,"pathTag":1,"direction":1,"solutions":""}={"startingGridPosition":46,"endGridPositon":77,"solutionPosition":9,"pathTag":1,"direction":1,"solutions":""}={"startingGridPosition":15,"endGridPositon":46,"solutionPosition":8,"pathTag":1,"direction":1,"solutions":""}={"startingGridPosition":42,"endGridPositon":94,"solutionPosition":1,"pathTag":1,"direction":1,"solutions":""}={"startingGridPosition":94,"endGridPositon":46,"solutionPosition":2,"pathTag":1,"direction":1,"solutions":""}={"startingGridPosition":46,"endGridPositon":64,"solutionPosition":3,"pathTag":1,"direction":1,"solutions":""}={"startingGridPosition":64,"endGridPositon":42,"solutionPosition":4,"pathTag":1,"direction":1,"solutions":""}={"startingGridPosition":13,"endGridPositon":64,"solutionPosition":6,"pathTag":1,"direction":1,"solutions":""}={"startingGridPosition":64,"endGridPositon":15,"solutionPosition":7,"pathTag":1,"direction":1,"solutions":""}