{"startingGridPosition":101,"endGridPositon":104,"solutionPosition":1,"pathTag":1,"direction":1,"solutions":""}={"startingGridPosition":104,"endGridPositon":87,"solutionPosition":2,"pathTag":1,"direction":1,"solutions":""}={"startingGridPosition":87,"endGridPositon":101,"solutionPosition":3,"pathTag":1,"direction":1,"solutions":""}={"startingGridPosition":101,"endGridPositon":35,"solutionPosition":4,"pathTag":1,"direction":1,"solutions":""}={"startingGridPosition":35,"endGridPositon":87,"solutionPosition":5,"pathTag":1,"direction":1,"solutions":""}={"startingGridPosition":87,"endGridPositon":124,"solutionPosition":6,"pathTag":1,"direction":1,"solutions":""}={"startingGridPosition":124,"endGridPositon":121,"solutionPosition":7,"pathTag":1,"direction":1,"solutions":""}={"startingGridPosition":121,"endGridPositon":101,"solutionPosition":8,"pathTag":1,"direction":1,"solutions":""}={"startingGridPosition":101,"endGridPositon":124,"solutionPosition":9,"pathTag":1,"direction":1,"solutions":""}={"startingGridPosition":124,"endGridPositon":104,"solutionPosition":10,"pathTag":1,"direction":1,"solutions":""}={"startingGridPosition":104,"endGridPositon":35,"solutionPosition":11,"pathTag":1,"direction":1,"solutions":""}