{"startingGridPosition":124,"endGridPositon":121,"solutionPosition":1,"pathTag":1,"direction":1,"solutions":""}={"startingGridPosition":121,"endGridPositon":91,"solutionPosition":2,"pathTag":1,"direction":1,"solutions":""}={"startingGridPosition":91,"endGridPositon":63,"solutionPosition":3,"pathTag":2,"direction":1,"solutions":"3_s,10_o"}={"startingGridPosition":63,"endGridPositon":45,"solutionPosition":4,"pathTag":1,"direction":1,"solutions":""}={"startingGridPosition":45,"endGridPositon":77,"solutionPosition":5,"pathTag":1,"direction":2,"solutions":""}={"startingGridPosition":77,"endGridPositon":117,"solutionPosition":6,"pathTag":1,"direction":1,"solutions":""}={"startingGridPosition":117,"endGridPositon":124,"solutionPosition":7,"pathTag":1,"direction":1,"solutions":""}={"startingGridPosition":124,"endGridPositon":94,"solutionPosition":8,"pathTag":1,"direction":1,"solutions":""}={"startingGridPosition":94,"endGridPositon":91,"solutionPosition":9,"pathTag":1,"direction":1,"solutions":""}={"startingGridPosition":63,"endGridPositon":94,"solutionPosition":11,"pathTag":1,"direction":1,"solutions":""}={"startingGridPosition":94,"endGridPositon":77,"solutionPosition":12,"pathTag":1,"direction":1,"solutions":""}