{"startingGridPosition":34,"endGridPositon":67,"solutionPosition":1,"pathTag":1,"direction":1,"solutions":""}={"startingGridPosition":67,"endGridPositon":117,"solutionPosition":2,"pathTag":1,"direction":1,"solutions":""}={"startingGridPosition":117,"endGridPositon":111,"solutionPosition":3,"pathTag":1,"direction":1,"solutions":""}={"startingGridPosition":111,"endGridPositon":61,"solutionPosition":4,"pathTag":1,"direction":1,"solutions":""}={"startingGridPosition":61,"endGridPositon":34,"solutionPosition":5,"pathTag":1,"direction":1,"solutions":""}