{"startingGridPosition":22,"endGridPositon":26,"solutionPosition":8,"pathTag":1,"direction":1,"solutions":""}={"startingGridPosition":92,"endGridPositon":22,"solutionPosition":7,"pathTag":1,"direction":1,"solutions":""}={"startingGridPosition":114,"endGridPositon":92,"solutionPosition":6,"pathTag":1,"direction":1,"solutions":""}={"startingGridPosition":26,"endGridPositon":96,"solutionPosition":9,"pathTag":1,"direction":1,"solutions":""}={"startingGridPosition":96,"endGridPositon":114,"solutionPosition":10,"pathTag":1,"direction":1,"solutions":""}={"startingGridPosition":44,"endGridPositon":22,"solutionPosition":1,"pathTag":1,"direction":1,"solutions":""}={"startingGridPosition":22,"endGridPositon":114,"solutionPosition":2,"pathTag":1,"direction":1,"solutions":""}={"startingGridPosition":114,"endGridPositon":26,"solutionPosition":3,"pathTag":1,"direction":1,"solutions":""}={"startingGridPosition":26,"endGridPositon":44,"solutionPosition":4,"pathTag":1,"direction":1,"solutions":""}={"startingGridPosition":44,"endGridPositon":114,"solutionPosition":5,"pathTag":1,"direction":1,"solutions":""}