{"startingGridPosition":37,"endGridPositon":34,"solutionPosition":4,"pathTag":1,"direction":1,"solutions":""}={"startingGridPosition":34,"endGridPositon":31,"solutionPosition":5,"pathTag":1,"direction":1,"solutions":""}={"startingGridPosition":31,"endGridPositon":111,"solutionPosition":6,"pathTag":1,"direction":1,"solutions":""}={"startingGridPosition":111,"endGridPositon":117,"solutionPosition":7,"pathTag":1,"direction":1,"solutions":""}={"startingGridPosition":34,"endGridPositon":64,"solutionPosition":1,"pathTag":1,"direction":1,"solutions":""}={"startingGridPosition":64,"endGridPositon":67,"solutionPosition":2,"pathTag":1,"direction":1,"solutions":""}={"startingGridPosition":67,"endGridPositon":37,"solutionPosition":3,"pathTag":1,"direction":1,"solutions":""}={"startingGridPosition":117,"endGridPositon":67,"solutionPosition":8,"pathTag":1,"direction":1,"solutions":""}={"startingGridPosition":67,"endGridPositon":111,"solutionPosition":9,"pathTag":1,"direction":1,"solutions":""}