{"startingGridPosition":14,"endGridPositon":34,"solutionPosition":1,"pathTag":1,"direction":1,"solutions":""}={"startingGridPosition":34,"endGridPositon":36,"solutionPosition":2,"pathTag":1,"direction":1,"solutions":""}={"startingGridPosition":36,"endGridPositon":14,"solutionPosition":3,"pathTag":1,"direction":1,"solutions":""}={"startingGridPosition":14,"endGridPositon":32,"solutionPosition":4,"pathTag":1,"direction":1,"solutions":""}={"startingGridPosition":32,"endGridPositon":102,"solutionPosition":5,"pathTag":1,"direction":1,"solutions":""}={"startingGridPosition":102,"endGridPositon":124,"solutionPosition":6,"pathTag":1,"direction":1,"solutions":""}={"startingGridPosition":124,"endGridPositon":106,"solutionPosition":7,"pathTag":1,"direction":1,"solutions":""}={"startingGridPosition":106,"endGridPositon":102,"solutionPosition":8,"pathTag":1,"direction":1,"solutions":""}={"startingGridPosition":102,"endGridPositon":36,"solutionPosition":9,"pathTag":1,"direction":1,"solutions":""}={"startingGridPosition":36,"endGridPositon":106,"solutionPosition":10,"pathTag":1,"direction":1,"solutions":""}={"startingGridPosition":106,"endGridPositon":32,"solutionPosition":11,"pathTag":1,"direction":1,"solutions":""}={"startingGridPosition":32,"endGridPositon":34,"solutionPosition":12,"pathTag":1,"direction":1,"solutions":""}