{"startingGridPosition":66,"endGridPositon":44,"solutionPosition":1,"pathTag":1,"direction":1,"solutions":""}={"startingGridPosition":44,"endGridPositon":62,"solutionPosition":2,"pathTag":1,"direction":1,"solutions":""}={"startingGridPosition":62,"endGridPositon":124,"solutionPosition":3,"pathTag":1,"direction":1,"solutions":""}={"startingGridPosition":124,"endGridPositon":66,"solutionPosition":4,"pathTag":1,"direction":1,"solutions":""}={"startingGridPosition":66,"endGridPositon":117,"solutionPosition":5,"pathTag":1,"direction":1,"solutions":""}={"startingGridPosition":117,"endGridPositon":74,"solutionPosition":6,"pathTag":1,"direction":1,"solutions":""}={"startingGridPosition":74,"endGridPositon":22,"solutionPosition":7,"pathTag":1,"direction":1,"solutions":""}={"startingGridPosition":22,"endGridPositon":94,"solutionPosition":8,"pathTag":1,"direction":1,"solutions":""}={"startingGridPosition":94,"endGridPositon":26,"solutionPosition":9,"pathTag":1,"direction":1,"solutions":""}={"startingGridPosition":26,"endGridPositon":74,"solutionPosition":10,"pathTag":1,"direction":1,"solutions":""}={"startingGridPosition":74,"endGridPositon":111,"solutionPosition":11,"pathTag":1,"direction":1,"solutions":""}={"startingGridPosition":111,"endGridPositon":62,"solutionPosition":12,"pathTag":1,"direction":1,"solutions":""}