{"startingGridPosition":104,"endGridPositon":111,"solutionPosition":1,"pathTag":1,"direction":1,"solutions":""}={"startingGridPosition":111,"endGridPositon":44,"solutionPosition":2,"pathTag":1,"direction":1,"solutions":""}={"startingGridPosition":44,"endGridPositon":117,"solutionPosition":3,"pathTag":1,"direction":1,"solutions":""}={"startingGridPosition":117,"endGridPositon":104,"solutionPosition":4,"pathTag":1,"direction":1,"solutions":""}={"startingGridPosition":104,"endGridPositon":44,"solutionPosition":5,"pathTag":1,"direction":1,"solutions":""}={"startingGridPosition":44,"endGridPositon":23,"solutionPosition":6,"pathTag":1,"direction":1,"solutions":""}={"startingGridPosition":23,"endGridPositon":32,"solutionPosition":7,"pathTag":1,"direction":1,"solutions":""}={"startingGridPosition":32,"endGridPositon":124,"solutionPosition":8,"pathTag":1,"direction":1,"solutions":""}={"startingGridPosition":124,"endGridPositon":36,"solutionPosition":9,"pathTag":1,"direction":1,"solutions":""}={"startingGridPosition":36,"endGridPositon":25,"solutionPosition":10,"pathTag":1,"direction":1,"solutions":""}={"startingGridPosition":25,"endGridPositon":44,"solutionPosition":11,"pathTag":1,"direction":1,"solutions":""}