{"startingGridPosition":63,"endGridPositon":65,"solutionPosition":1,"pathTag":1,"direction":1,"solutions":""}={"startingGridPosition":65,"endGridPositon":14,"solutionPosition":2,"pathTag":1,"direction":1,"solutions":""}={"startingGridPosition":14,"endGridPositon":63,"solutionPosition":3,"pathTag":1,"direction":1,"solutions":""}={"startingGridPosition":63,"endGridPositon":114,"solutionPosition":4,"pathTag":1,"direction":1,"solutions":""}={"startingGridPosition":114,"endGridPositon":106,"solutionPosition":5,"pathTag":1,"direction":1,"solutions":""}={"startingGridPosition":106,"endGridPositon":47,"solutionPosition":6,"pathTag":1,"direction":1,"solutions":""}={"startingGridPosition":47,"endGridPositon":54,"solutionPosition":7,"pathTag":1,"direction":1,"solutions":""}={"startingGridPosition":54,"endGridPositon":41,"solutionPosition":8,"pathTag":1,"direction":1,"solutions":""}={"startingGridPosition":41,"endGridPositon":102,"solutionPosition":9,"pathTag":1,"direction":1,"solutions":""}={"startingGridPosition":102,"endGridPositon":114,"solutionPosition":10,"pathTag":1,"direction":1,"solutions":""}={"startingGridPosition":114,"endGridPositon":65,"solutionPosition":11,"pathTag":1,"direction":1,"solutions":""}