{"startingGridPosition":41,"endGridPositon":44,"solutionPosition":1,"pathTag":1,"direction":1,"solutions":""}={"startingGridPosition":44,"endGridPositon":47,"solutionPosition":2,"pathTag":1,"direction":1,"solutions":""}={"startingGridPosition":47,"endGridPositon":17,"solutionPosition":3,"pathTag":1,"direction":1,"solutions":""}={"startingGridPosition":17,"endGridPositon":44,"solutionPosition":4,"pathTag":1,"direction":1,"solutions":""}={"startingGridPosition":44,"endGridPositon":11,"solutionPosition":5,"pathTag":1,"direction":1,"solutions":""}={"startingGridPosition":11,"endGridPositon":41,"solutionPosition":6,"pathTag":1,"direction":1,"solutions":""}={"startingGridPosition":41,"endGridPositon":121,"solutionPosition":7,"pathTag":1,"direction":1,"solutions":""}={"startingGridPosition":121,"endGridPositon":127,"solutionPosition":8,"pathTag":1,"direction":1,"solutions":""}={"startingGridPosition":127,"endGridPositon":47,"solutionPosition":9,"pathTag":1,"direction":1,"solutions":""}