{"startingGridPosition":14,"endGridPositon":11,"solutionPosition":1,"pathTag":1,"direction":1,"solutions":""}={"startingGridPosition":11,"endGridPositon":61,"solutionPosition":2,"pathTag":1,"direction":1,"solutions":""}={"startingGridPosition":61,"endGridPositon":64,"solutionPosition":3,"pathTag":1,"direction":1,"solutions":""}={"startingGridPosition":64,"endGridPositon":14,"solutionPosition":4,"pathTag":1,"direction":1,"solutions":""}={"startingGridPosition":14,"endGridPositon":61,"solutionPosition":5,"pathTag":1,"direction":1,"solutions":""}={"startingGridPosition":61,"endGridPositon":111,"solutionPosition":6,"pathTag":1,"direction":1,"solutions":""}={"startingGridPosition":111,"endGridPositon":64,"solutionPosition":7,"pathTag":1,"direction":1,"solutions":""}={"startingGridPosition":64,"endGridPositon":17,"solutionPosition":8,"pathTag":1,"direction":1,"solutions":""}={"startingGridPosition":17,"endGridPositon":117,"solutionPosition":9,"pathTag":1,"direction":1,"solutions":""}={"startingGridPosition":117,"endGridPositon":64,"solutionPosition":10,"pathTag":1,"direction":1,"solutions":""}={"startingGridPosition":64,"endGridPositon":114,"solutionPosition":11,"pathTag":1,"direction":1,"solutions":""}={"startingGridPosition":114,"endGridPositon":111,"solutionPosition":12,"pathTag":1,"direction":1,"solutions":""}