{"startingGridPosition":53,"endGridPositon":94,"solutionPosition":1,"pathTag":1,"direction":1,"solutions":""}={"startingGridPosition":94,"endGridPositon":114,"solutionPosition":2,"pathTag":2,"direction":1,"solutions":"2_s,3_o"}={"startingGridPosition":94,"endGridPositon":55,"solutionPosition":4,"pathTag":1,"direction":1,"solutions":""}={"startingGridPosition":55,"endGridPositon":53,"solutionPosition":5,"pathTag":1,"direction":1,"solutions":""}={"startingGridPosition":53,"endGridPositon":24,"solutionPosition":6,"pathTag":1,"direction":1,"solutions":""}={"startingGridPosition":24,"endGridPositon":55,"solutionPosition":7,"pathTag":1,"direction":1,"solutions":""}={"startingGridPosition":55,"endGridPositon":117,"solutionPosition":8,"pathTag":1,"direction":1,"solutions":""}={"startingGridPosition":117,"endGridPositon":114,"solutionPosition":9,"pathTag":1,"direction":1,"solutions":""}={"startingGridPosition":114,"endGridPositon":111,"solutionPosition":10,"pathTag":1,"direction":1,"solutions":""}={"startingGridPosition":111,"endGridPositon":53,"solutionPosition":11,"pathTag":1,"direction":1,"solutions":""}