{"startingGridPosition":44,"endGridPositon":63,"solutionPosition":1,"pathTag":1,"direction":1,"solutions":""}={"startingGridPosition":63,"endGridPositon":31,"solutionPosition":2,"pathTag":1,"direction":1,"solutions":""}={"startingGridPosition":31,"endGridPositon":124,"solutionPosition":3,"pathTag":1,"direction":1,"solutions":""}={"startingGridPosition":124,"endGridPositon":37,"solutionPosition":4,"pathTag":1,"direction":1,"solutions":""}={"startingGridPosition":37,"endGridPositon":65,"solutionPosition":5,"pathTag":1,"direction":1,"solutions":""}={"startingGridPosition":65,"endGridPositon":44,"solutionPosition":6,"pathTag":1,"direction":1,"solutions":""}={"startingGridPosition":44,"endGridPositon":25,"solutionPosition":7,"pathTag":1,"direction":1,"solutions":""}={"startingGridPosition":25,"endGridPositon":87,"solutionPosition":8,"pathTag":1,"direction":1,"solutions":""}={"startingGridPosition":87,"endGridPositon":94,"solutionPosition":9,"pathTag":1,"direction":1,"solutions":""}={"startingGridPosition":94,"endGridPositon":81,"solutionPosition":10,"pathTag":1,"direction":1,"solutions":""}={"startingGridPosition":81,"endGridPositon":23,"solutionPosition":11,"pathTag":1,"direction":1,"solutions":""}={"startingGridPosition":23,"endGridPositon":44,"solutionPosition":12,"pathTag":1,"direction":1,"solutions":""}