{"startingGridPosition":52,"endGridPositon":44,"solutionPosition":1,"pathTag":1,"direction":1,"solutions":""}={"startingGridPosition":44,"endGridPositon":56,"solutionPosition":2,"pathTag":1,"direction":1,"solutions":""}={"startingGridPosition":56,"endGridPositon":27,"solutionPosition":3,"pathTag":1,"direction":1,"solutions":""}={"startingGridPosition":27,"endGridPositon":44,"solutionPosition":4,"pathTag":1,"direction":1,"solutions":""}={"startingGridPosition":44,"endGridPositon":21,"solutionPosition":5,"pathTag":1,"direction":1,"solutions":""}={"startingGridPosition":21,"endGridPositon":52,"solutionPosition":6,"pathTag":1,"direction":1,"solutions":""}={"startingGridPosition":52,"endGridPositon":112,"solutionPosition":7,"pathTag":1,"direction":1,"solutions":""}={"startingGridPosition":112,"endGridPositon":104,"solutionPosition":8,"pathTag":1,"direction":1,"solutions":""}={"startingGridPosition":104,"endGridPositon":116,"solutionPosition":9,"pathTag":1,"direction":1,"solutions":""}={"startingGridPosition":116,"endGridPositon":56,"solutionPosition":10,"pathTag":1,"direction":1,"solutions":""}={"startingGridPosition":56,"endGridPositon":24,"solutionPosition":11,"pathTag":1,"direction":1,"solutions":""}={"startingGridPosition":24,"endGridPositon":52,"solutionPosition":12,"pathTag":1,"direction":1,"solutions":""}