{"startingGridPosition":63,"endGridPositon":84,"solutionPosition":1,"pathTag":1,"direction":1,"solutions":""}={"startingGridPosition":84,"endGridPositon":65,"solutionPosition":2,"pathTag":1,"direction":1,"solutions":""}={"startingGridPosition":65,"endGridPositon":37,"solutionPosition":3,"pathTag":1,"direction":1,"solutions":""}={"startingGridPosition":37,"endGridPositon":44,"solutionPosition":4,"pathTag":1,"direction":1,"solutions":""}={"startingGridPosition":44,"endGridPositon":31,"solutionPosition":5,"pathTag":1,"direction":1,"solutions":""}={"startingGridPosition":31,"endGridPositon":63,"solutionPosition":6,"pathTag":1,"direction":1,"solutions":""}={"startingGridPosition":63,"endGridPositon":91,"solutionPosition":7,"pathTag":1,"direction":1,"solutions":""}={"startingGridPosition":91,"endGridPositon":84,"solutionPosition":8,"pathTag":1,"direction":1,"solutions":""}={"startingGridPosition":84,"endGridPositon":97,"solutionPosition":9,"pathTag":1,"direction":1,"solutions":""}={"startingGridPosition":97,"endGridPositon":65,"solutionPosition":10,"pathTag":1,"direction":1,"solutions":""}={"startingGridPosition":65,"endGridPositon":114,"solutionPosition":11,"pathTag":1,"direction":1,"solutions":""}={"startingGridPosition":114,"endGridPositon":63,"solutionPosition":12,"pathTag":1,"direction":1,"solutions":""}