{"startingGridPosition":73,"endGridPositon":121,"solutionPosition":1,"pathTag":1,"direction":1,"solutions":""}={"startingGridPosition":121,"endGridPositon":94,"solutionPosition":2,"pathTag":1,"direction":1,"solutions":""}={"startingGridPosition":94,"endGridPositon":127,"solutionPosition":3,"pathTag":1,"direction":1,"solutions":""}={"startingGridPosition":127,"endGridPositon":75,"solutionPosition":4,"pathTag":1,"direction":1,"solutions":""}={"startingGridPosition":75,"endGridPositon":14,"solutionPosition":5,"pathTag":1,"direction":1,"solutions":""}={"startingGridPosition":14,"endGridPositon":101,"solutionPosition":6,"pathTag":1,"direction":1,"solutions":""}={"startingGridPosition":101,"endGridPositon":124,"solutionPosition":7,"pathTag":1,"direction":1,"solutions":""}={"startingGridPosition":124,"endGridPositon":73,"solutionPosition":8,"pathTag":1,"direction":1,"solutions":""}={"startingGridPosition":73,"endGridPositon":14,"solutionPosition":9,"pathTag":1,"direction":1,"solutions":""}={"startingGridPosition":14,"endGridPositon":107,"solutionPosition":10,"pathTag":1,"direction":1,"solutions":""}={"startingGridPosition":107,"endGridPositon":124,"solutionPosition":11,"pathTag":1,"direction":1,"solutions":""}={"startingGridPosition":124,"endGridPositon":75,"solutionPosition":12,"pathTag":1,"direction":1,"solutions":""}