{"startingGridPosition":54,"endGridPositon":34,"solutionPosition":1,"pathTag":1,"direction":1,"solutions":""}={"startingGridPosition":34,"endGridPositon":51,"solutionPosition":2,"pathTag":1,"direction":1,"solutions":""}={"startingGridPosition":51,"endGridPositon":122,"solutionPosition":3,"pathTag":1,"direction":1,"solutions":""}={"startingGridPosition":122,"endGridPositon":54,"solutionPosition":4,"pathTag":1,"direction":1,"solutions":""}={"startingGridPosition":54,"endGridPositon":126,"solutionPosition":5,"pathTag":1,"direction":1,"solutions":""}={"startingGridPosition":126,"endGridPositon":57,"solutionPosition":6,"pathTag":1,"direction":1,"solutions":""}={"startingGridPosition":57,"endGridPositon":34,"solutionPosition":7,"pathTag":1,"direction":1,"solutions":""}={"startingGridPosition":34,"endGridPositon":11,"solutionPosition":8,"pathTag":1,"direction":1,"solutions":""}={"startingGridPosition":11,"endGridPositon":124,"solutionPosition":9,"pathTag":1,"direction":1,"solutions":""}={"startingGridPosition":124,"endGridPositon":17,"solutionPosition":10,"pathTag":1,"direction":1,"solutions":""}={"startingGridPosition":17,"endGridPositon":34,"solutionPosition":11,"pathTag":1,"direction":1,"solutions":""}