{"startingGridPosition":61,"endGridPositon":64,"solutionPosition":7,"pathTag":1,"direction":1,"solutions":""}={"startingGridPosition":64,"endGridPositon":67,"solutionPosition":8,"pathTag":1,"direction":1,"solutions":""}={"startingGridPosition":67,"endGridPositon":35,"solutionPosition":9,"pathTag":1,"direction":1,"solutions":""}={"startingGridPosition":35,"endGridPositon":14,"solutionPosition":10,"pathTag":1,"direction":1,"solutions":""}={"startingGridPosition":14,"endGridPositon":33,"solutionPosition":11,"pathTag":1,"direction":1,"solutions":""}={"startingGridPosition":33,"endGridPositon":61,"solutionPosition":6,"pathTag":1,"direction":1,"solutions":""}={"startingGridPosition":64,"endGridPositon":33,"solutionPosition":5,"pathTag":1,"direction":1,"solutions":""}={"startingGridPosition":35,"endGridPositon":64,"solutionPosition":4,"pathTag":1,"direction":1,"solutions":""}={"startingGridPosition":33,"endGridPositon":112,"solutionPosition":12,"pathTag":1,"direction":1,"solutions":""}={"startingGridPosition":112,"endGridPositon":104,"solutionPosition":1,"pathTag":1,"direction":1,"solutions":""}={"startingGridPosition":104,"endGridPositon":116,"solutionPosition":2,"pathTag":1,"direction":1,"solutions":""}={"startingGridPosition":116,"endGridPositon":35,"solutionPosition":3,"pathTag":1,"direction":1,"solutions":""}