{"startingGridPosition":84,"endGridPositon":47,"solutionPosition":1,"pathTag":1,"direction":1,"solutions":""}={"startingGridPosition":47,"endGridPositon":127,"solutionPosition":2,"pathTag":1,"direction":1,"solutions":""}={"startingGridPosition":127,"endGridPositon":84,"solutionPosition":3,"pathTag":1,"direction":1,"solutions":""}={"startingGridPosition":84,"endGridPositon":44,"solutionPosition":4,"pathTag":1,"direction":1,"solutions":""}={"startingGridPosition":44,"endGridPositon":41,"solutionPosition":5,"pathTag":1,"direction":1,"solutions":""}={"startingGridPosition":41,"endGridPositon":81,"solutionPosition":6,"pathTag":1,"direction":1,"solutions":""}={"startingGridPosition":81,"endGridPositon":84,"solutionPosition":7,"pathTag":1,"direction":1,"solutions":""}={"startingGridPosition":84,"endGridPositon":124,"solutionPosition":8,"pathTag":1,"direction":1,"solutions":""}={"startingGridPosition":124,"endGridPositon":121,"solutionPosition":9,"pathTag":1,"direction":1,"solutions":""}={"startingGridPosition":121,"endGridPositon":81,"solutionPosition":10,"pathTag":1,"direction":1,"solutions":""}