{"startingGridPosition":76,"endGridPositon":104,"solutionPosition":1,"pathTag":1,"direction":1,"solutions":""}={"startingGridPosition":104,"endGridPositon":72,"solutionPosition":2,"pathTag":1,"direction":1,"solutions":""}={"startingGridPosition":72,"endGridPositon":22,"solutionPosition":3,"pathTag":1,"direction":1,"solutions":""}={"startingGridPosition":22,"endGridPositon":34,"solutionPosition":4,"pathTag":1,"direction":1,"solutions":""}={"startingGridPosition":34,"endGridPositon":26,"solutionPosition":5,"pathTag":1,"direction":1,"solutions":""}={"startingGridPosition":26,"endGridPositon":76,"solutionPosition":6,"pathTag":1,"direction":1,"solutions":""}={"startingGridPosition":76,"endGridPositon":124,"solutionPosition":7,"pathTag":1,"direction":1,"solutions":""}={"startingGridPosition":124,"endGridPositon":72,"solutionPosition":8,"pathTag":1,"direction":1,"solutions":""}={"startingGridPosition":72,"endGridPositon":111,"solutionPosition":9,"pathTag":1,"direction":1,"solutions":""}={"startingGridPosition":111,"endGridPositon":124,"solutionPosition":10,"pathTag":1,"direction":1,"solutions":""}={"startingGridPosition":124,"endGridPositon":117,"solutionPosition":11,"pathTag":1,"direction":1,"solutions":""}={"startingGridPosition":117,"endGridPositon":76,"solutionPosition":12,"pathTag":1,"direction":1,"solutions":""}