{"startingGridPosition":52,"endGridPositon":34,"solutionPosition":1,"pathTag":1,"direction":1,"solutions":""}={"startingGridPosition":34,"endGridPositon":56,"solutionPosition":2,"pathTag":1,"direction":1,"solutions":""}={"startingGridPosition":52,"endGridPositon":14,"solutionPosition":5,"pathTag":1,"direction":1,"solutions":""}={"startingGridPosition":14,"endGridPositon":56,"solutionPosition":6,"pathTag":1,"direction":1,"solutions":""}={"startingGridPosition":56,"endGridPositon":94,"solutionPosition":3,"pathTag":1,"direction":1,"solutions":""}={"startingGridPosition":94,"endGridPositon":52,"solutionPosition":4,"pathTag":1,"direction":1,"solutions":""}={"startingGridPosition":56,"endGridPositon":77,"solutionPosition":7,"pathTag":1,"direction":1,"solutions":""}={"startingGridPosition":77,"endGridPositon":116,"solutionPosition":8,"pathTag":1,"direction":1,"solutions":""}={"startingGridPosition":116,"endGridPositon":94,"solutionPosition":9,"pathTag":1,"direction":1,"solutions":""}={"startingGridPosition":94,"endGridPositon":112,"solutionPosition":10,"pathTag":1,"direction":1,"solutions":""}={"startingGridPosition":112,"endGridPositon":71,"solutionPosition":11,"pathTag":1,"direction":1,"solutions":""}={"startingGridPosition":71,"endGridPositon":52,"solutionPosition":12,"pathTag":1,"direction":1,"solutions":""}