{"startingGridPosition":112,"endGridPositon":24,"solutionPosition":1,"pathTag":1,"direction":1,"solutions":""}={"startingGridPosition":24,"endGridPositon":116,"solutionPosition":2,"pathTag":1,"direction":1,"solutions":""}={"startingGridPosition":116,"endGridPositon":114,"solutionPosition":3,"pathTag":1,"direction":1,"solutions":""}={"startingGridPosition":114,"endGridPositon":127,"solutionPosition":4,"pathTag":1,"direction":1,"solutions":""}={"startingGridPosition":127,"endGridPositon":46,"solutionPosition":5,"pathTag":1,"direction":1,"solutions":""}={"startingGridPosition":46,"endGridPositon":54,"solutionPosition":6,"pathTag":1,"direction":1,"solutions":""}={"startingGridPosition":54,"endGridPositon":42,"solutionPosition":7,"pathTag":1,"direction":1,"solutions":""}={"startingGridPosition":42,"endGridPositon":121,"solutionPosition":8,"pathTag":1,"direction":1,"solutions":""}={"startingGridPosition":121,"endGridPositon":114,"solutionPosition":9,"pathTag":1,"direction":1,"solutions":""}={"startingGridPosition":114,"endGridPositon":112,"solutionPosition":10,"pathTag":1,"direction":1,"solutions":""}={"startingGridPosition":112,"endGridPositon":54,"solutionPosition":11,"pathTag":1,"direction":1,"solutions":""}={"startingGridPosition":54,"endGridPositon":116,"solutionPosition":12,"pathTag":1,"direction":1,"solutions":""}