{"startingGridPosition":14,"endGridPositon":23,"solutionPosition":1,"pathTag":1,"direction":1,"solutions":""}={"startingGridPosition":23,"endGridPositon":44,"solutionPosition":2,"pathTag":1,"direction":1,"solutions":""}={"startingGridPosition":44,"endGridPositon":25,"solutionPosition":3,"pathTag":1,"direction":1,"solutions":""}={"startingGridPosition":25,"endGridPositon":14,"solutionPosition":4,"pathTag":1,"direction":1,"solutions":""}={"startingGridPosition":14,"endGridPositon":115,"solutionPosition":5,"pathTag":1,"direction":1,"solutions":""}={"startingGridPosition":115,"endGridPositon":124,"solutionPosition":6,"pathTag":1,"direction":1,"solutions":""}={"startingGridPosition":124,"endGridPositon":111,"solutionPosition":7,"pathTag":1,"direction":1,"solutions":""}={"startingGridPosition":111,"endGridPositon":94,"solutionPosition":8,"pathTag":1,"direction":1,"solutions":""}={"startingGridPosition":94,"endGridPositon":117,"solutionPosition":9,"pathTag":1,"direction":1,"solutions":""}={"startingGridPosition":117,"endGridPositon":124,"solutionPosition":10,"pathTag":1,"direction":1,"solutions":""}={"startingGridPosition":124,"endGridPositon":113,"solutionPosition":11,"pathTag":1,"direction":1,"solutions":""}={"startingGridPosition":113,"endGridPositon":14,"solutionPosition":12,"pathTag":1,"direction":1,"solutions":""}