{"startingGridPosition":86,"endGridPositon":74,"solutionPosition":1,"pathTag":1,"direction":1,"solutions":""}={"startingGridPosition":74,"endGridPositon":82,"solutionPosition":2,"pathTag":1,"direction":1,"solutions":""}={"startingGridPosition":82,"endGridPositon":14,"solutionPosition":3,"pathTag":1,"direction":1,"solutions":""}={"startingGridPosition":14,"endGridPositon":22,"solutionPosition":4,"pathTag":1,"direction":1,"solutions":""}={"startingGridPosition":22,"endGridPositon":63,"solutionPosition":5,"pathTag":1,"direction":1,"solutions":""}={"startingGridPosition":63,"endGridPositon":54,"solutionPosition":6,"pathTag":1,"direction":1,"solutions":""}={"startingGridPosition":54,"endGridPositon":65,"solutionPosition":7,"pathTag":1,"direction":1,"solutions":""}={"startingGridPosition":65,"endGridPositon":26,"solutionPosition":8,"pathTag":1,"direction":1,"solutions":""}={"startingGridPosition":26,"endGridPositon":14,"solutionPosition":9,"pathTag":1,"direction":1,"solutions":""}={"startingGridPosition":14,"endGridPositon":86,"solutionPosition":10,"pathTag":1,"direction":1,"solutions":""}={"startingGridPosition":86,"endGridPositon":117,"solutionPosition":11,"pathTag":1,"direction":1,"solutions":""}={"startingGridPosition":117,"endGridPositon":105,"solutionPosition":12,"pathTag":1,"direction":1,"solutions":""}={"startingGridPosition":105,"endGridPositon":114,"solutionPosition":13,"pathTag":1,"direction":1,"solutions":""}={"startingGridPosition":114,"endGridPositon":103,"solutionPosition":14,"pathTag":1,"direction":1,"solutions":""}={"startingGridPosition":103,"endGridPositon":111,"solutionPosition":15,"pathTag":1,"direction":1,"solutions":""}={"startingGridPosition":111,"endGridPositon":82,"solutionPosition":16,"pathTag":1,"direction":1,"solutions":""}