{"startingGridPosition":35,"endGridPositon":37,"solutionPosition":1,"pathTag":1,"direction":1,"solutions":""}={"startingGridPosition":37,"endGridPositon":106,"solutionPosition":2,"pathTag":1,"direction":1,"solutions":""}={"startingGridPosition":106,"endGridPositon":127,"solutionPosition":3,"pathTag":1,"direction":1,"solutions":""}={"startingGridPosition":127,"endGridPositon":114,"solutionPosition":4,"pathTag":1,"direction":1,"solutions":""}={"startingGridPosition":114,"endGridPositon":35,"solutionPosition":5,"pathTag":1,"direction":1,"solutions":""}={"startingGridPosition":35,"endGridPositon":106,"solutionPosition":6,"pathTag":1,"direction":1,"solutions":""}={"startingGridPosition":106,"endGridPositon":102,"solutionPosition":7,"pathTag":1,"direction":1,"solutions":""}={"startingGridPosition":102,"endGridPositon":121,"solutionPosition":8,"pathTag":1,"direction":1,"solutions":""}={"startingGridPosition":121,"endGridPositon":114,"solutionPosition":9,"pathTag":1,"direction":1,"solutions":""}={"startingGridPosition":114,"endGridPositon":33,"solutionPosition":10,"pathTag":1,"direction":1,"solutions":""}={"startingGridPosition":33,"endGridPositon":35,"solutionPosition":11,"pathTag":1,"direction":1,"solutions":""}={"startingGridPosition":35,"endGridPositon":14,"solutionPosition":12,"pathTag":1,"direction":1,"solutions":""}={"startingGridPosition":14,"endGridPositon":33,"solutionPosition":13,"pathTag":1,"direction":1,"solutions":""}={"startingGridPosition":33,"endGridPositon":31,"solutionPosition":14,"pathTag":1,"direction":1,"solutions":""}={"startingGridPosition":31,"endGridPositon":102,"solutionPosition":15,"pathTag":1,"direction":1,"solutions":""}={"startingGridPosition":102,"endGridPositon":33,"solutionPosition":16,"pathTag":1,"direction":1,"solutions":""}