{"startingGridPosition":86,"endGridPositon":126,"solutionPosition":1,"pathTag":1,"direction":1,"solutions":""}={"startingGridPosition":126,"endGridPositon":122,"solutionPosition":2,"pathTag":1,"direction":1,"solutions":""}={"startingGridPosition":122,"endGridPositon":82,"solutionPosition":3,"pathTag":1,"direction":1,"solutions":""}={"startingGridPosition":82,"endGridPositon":103,"solutionPosition":4,"pathTag":1,"direction":1,"solutions":""}={"startingGridPosition":103,"endGridPositon":22,"solutionPosition":5,"pathTag":1,"direction":1,"solutions":""}={"startingGridPosition":22,"endGridPositon":14,"solutionPosition":6,"pathTag":1,"direction":1,"solutions":""}={"startingGridPosition":14,"endGridPositon":45,"solutionPosition":7,"pathTag":1,"direction":1,"solutions":""}={"startingGridPosition":45,"endGridPositon":43,"solutionPosition":8,"pathTag":1,"direction":1,"solutions":""}={"startingGridPosition":43,"endGridPositon":14,"solutionPosition":9,"pathTag":1,"direction":1,"solutions":""}={"startingGridPosition":14,"endGridPositon":26,"solutionPosition":10,"pathTag":1,"direction":1,"solutions":""}={"startingGridPosition":26,"endGridPositon":105,"solutionPosition":11,"pathTag":1,"direction":1,"solutions":""}={"startingGridPosition":105,"endGridPositon":86,"solutionPosition":12,"pathTag":1,"direction":1,"solutions":""}={"startingGridPosition":86,"endGridPositon":45,"solutionPosition":13,"pathTag":1,"direction":1,"solutions":""}={"startingGridPosition":45,"endGridPositon":94,"solutionPosition":14,"pathTag":1,"direction":1,"solutions":""}={"startingGridPosition":94,"endGridPositon":43,"solutionPosition":15,"pathTag":1,"direction":1,"solutions":""}={"startingGridPosition":43,"endGridPositon":82,"solutionPosition":16,"pathTag":1,"direction":1,"solutions":""}