{"startingGridPosition":104,"endGridPositon":66,"solutionPosition":1,"pathTag":1,"direction":1,"solutions":""}={"startingGridPosition":66,"endGridPositon":44,"solutionPosition":2,"pathTag":1,"direction":1,"solutions":""}={"startingGridPosition":44,"endGridPositon":62,"solutionPosition":3,"pathTag":1,"direction":1,"solutions":""}={"startingGridPosition":62,"endGridPositon":104,"solutionPosition":4,"pathTag":1,"direction":1,"solutions":""}={"startingGridPosition":104,"endGridPositon":12,"solutionPosition":5,"pathTag":1,"direction":1,"solutions":""}={"startingGridPosition":12,"endGridPositon":111,"solutionPosition":6,"pathTag":1,"direction":1,"solutions":""}={"startingGridPosition":111,"endGridPositon":123,"solutionPosition":7,"pathTag":1,"direction":1,"solutions":""}={"startingGridPosition":123,"endGridPositon":62,"solutionPosition":8,"pathTag":1,"direction":1,"solutions":""}={"startingGridPosition":62,"endGridPositon":14,"solutionPosition":9,"pathTag":1,"direction":1,"solutions":""}={"startingGridPosition":14,"endGridPositon":66,"solutionPosition":10,"pathTag":1,"direction":1,"solutions":""}={"startingGridPosition":66,"endGridPositon":125,"solutionPosition":11,"pathTag":1,"direction":1,"solutions":""}={"startingGridPosition":125,"endGridPositon":117,"solutionPosition":12,"pathTag":1,"direction":1,"solutions":""}={"startingGridPosition":117,"endGridPositon":16,"solutionPosition":13,"pathTag":1,"direction":1,"solutions":""}={"startingGridPosition":16,"endGridPositon":104,"solutionPosition":14,"pathTag":1,"direction":1,"solutions":""}