{"startingGridPosition":34,"endGridPositon":84,"solutionPosition":1,"pathTag":2,"direction":1,"solutions":"1_s,8_o"}={"startingGridPosition":84,"endGridPositon":75,"solutionPosition":4,"pathTag":1,"direction":1,"solutions":""}={"startingGridPosition":75,"endGridPositon":107,"solutionPosition":5,"pathTag":1,"direction":1,"solutions":""}={"startingGridPosition":107,"endGridPositon":124,"solutionPosition":6,"pathTag":1,"direction":1,"solutions":""}={"startingGridPosition":124,"endGridPositon":101,"solutionPosition":7,"pathTag":1,"direction":2,"solutions":""}={"startingGridPosition":101,"endGridPositon":73,"solutionPosition":9,"pathTag":1,"direction":1,"solutions":""}={"startingGridPosition":73,"endGridPositon":84,"solutionPosition":10,"pathTag":1,"direction":1,"solutions":""}={"startingGridPosition":34,"endGridPositon":51,"solutionPosition":11,"pathTag":1,"direction":1,"solutions":""}={"startingGridPosition":51,"endGridPositon":57,"solutionPosition":12,"pathTag":1,"direction":1,"solutions":""}={"startingGridPosition":57,"endGridPositon":124,"solutionPosition":13,"pathTag":1,"direction":1,"solutions":""}={"startingGridPosition":124,"endGridPositon":51,"solutionPosition":14,"pathTag":1,"direction":1,"solutions":""}={"startingGridPosition":51,"endGridPositon":14,"solutionPosition":15,"pathTag":1,"direction":1,"solutions":""}={"startingGridPosition":14,"endGridPositon":57,"solutionPosition":16,"pathTag":1,"direction":1,"solutions":""}={"startingGridPosition":57,"endGridPositon":34,"solutionPosition":17,"pathTag":1,"direction":1,"solutions":""}