{"startingGridPosition":46,"endGridPositon":115,"solutionPosition":1,"pathTag":1,"direction":1,"solutions":""}={"startingGridPosition":115,"endGridPositon":126,"solutionPosition":2,"pathTag":1,"direction":1,"solutions":""}={"startingGridPosition":126,"endGridPositon":27,"solutionPosition":3,"pathTag":1,"direction":1,"solutions":""}={"startingGridPosition":27,"endGridPositon":44,"solutionPosition":4,"pathTag":1,"direction":1,"solutions":""}={"startingGridPosition":44,"endGridPositon":21,"solutionPosition":5,"pathTag":1,"direction":1,"solutions":""}={"startingGridPosition":21,"endGridPositon":122,"solutionPosition":6,"pathTag":1,"direction":1,"solutions":""}={"startingGridPosition":122,"endGridPositon":113,"solutionPosition":7,"pathTag":1,"direction":1,"solutions":""}={"startingGridPosition":113,"endGridPositon":42,"solutionPosition":8,"pathTag":1,"direction":1,"solutions":""}={"startingGridPosition":42,"endGridPositon":74,"solutionPosition":9,"pathTag":1,"direction":1,"solutions":""}={"startingGridPosition":74,"endGridPositon":46,"solutionPosition":10,"pathTag":1,"direction":1,"solutions":""}={"startingGridPosition":46,"endGridPositon":14,"solutionPosition":11,"pathTag":1,"direction":1,"solutions":""}={"startingGridPosition":14,"endGridPositon":42,"solutionPosition":12,"pathTag":1,"direction":1,"solutions":""}={"startingGridPosition":42,"endGridPositon":44,"solutionPosition":13,"pathTag":1,"direction":1,"solutions":""}={"startingGridPosition":44,"endGridPositon":46,"solutionPosition":14,"pathTag":1,"direction":1,"solutions":""}