{"startingGridPosition":55,"endGridPositon":124,"solutionPosition":1,"pathTag":1,"direction":1,"solutions":""}={"startingGridPosition":124,"endGridPositon":53,"solutionPosition":2,"pathTag":1,"direction":1,"solutions":""}={"startingGridPosition":53,"endGridPositon":32,"solutionPosition":3,"pathTag":1,"direction":1,"solutions":""}={"startingGridPosition":32,"endGridPositon":101,"solutionPosition":4,"pathTag":1,"direction":1,"solutions":""}={"startingGridPosition":101,"endGridPositon":92,"solutionPosition":5,"pathTag":1,"direction":1,"solutions":""}={"startingGridPosition":92,"endGridPositon":113,"solutionPosition":6,"pathTag":1,"direction":1,"solutions":""}={"startingGridPosition":113,"endGridPositon":14,"solutionPosition":7,"pathTag":1,"direction":1,"solutions":""}={"startingGridPosition":14,"endGridPositon":115,"solutionPosition":8,"pathTag":1,"direction":1,"solutions":""}={"startingGridPosition":115,"endGridPositon":96,"solutionPosition":9,"pathTag":1,"direction":1,"solutions":""}={"startingGridPosition":96,"endGridPositon":107,"solutionPosition":10,"pathTag":1,"direction":1,"solutions":""}={"startingGridPosition":107,"endGridPositon":36,"solutionPosition":11,"pathTag":1,"direction":1,"solutions":""}={"startingGridPosition":36,"endGridPositon":55,"solutionPosition":12,"pathTag":1,"direction":1,"solutions":""}={"startingGridPosition":55,"endGridPositon":74,"solutionPosition":13,"pathTag":1,"direction":1,"solutions":""}={"startingGridPosition":74,"endGridPositon":53,"solutionPosition":14,"pathTag":1,"direction":1,"solutions":""}