{"startingGridPosition":82,"endGridPositon":41,"solutionPosition":1,"pathTag":2,"direction":1,"solutions":"1_s,18_s"}={"startingGridPosition":41,"endGridPositon":54,"solutionPosition":2,"pathTag":1,"direction":1,"solutions":""}={"startingGridPosition":54,"endGridPositon":47,"solutionPosition":3,"pathTag":1,"direction":1,"solutions":""}={"startingGridPosition":47,"endGridPositon":86,"solutionPosition":4,"pathTag":1,"direction":1,"solutions":""}={"startingGridPosition":86,"endGridPositon":75,"solutionPosition":5,"pathTag":1,"direction":1,"solutions":""}={"startingGridPosition":75,"endGridPositon":16,"solutionPosition":6,"pathTag":1,"direction":1,"solutions":""}={"startingGridPosition":16,"endGridPositon":84,"solutionPosition":7,"pathTag":1,"direction":1,"solutions":""}={"startingGridPosition":84,"endGridPositon":124,"solutionPosition":8,"pathTag":2,"direction":1,"solutions":"8_s,14_o"}={"startingGridPosition":124,"endGridPositon":121,"solutionPosition":9,"pathTag":1,"direction":1,"solutions":""}={"startingGridPosition":121,"endGridPositon":101,"solutionPosition":10,"pathTag":1,"direction":1,"solutions":""}={"startingGridPosition":101,"endGridPositon":107,"solutionPosition":11,"pathTag":1,"direction":2,"solutions":""}={"startingGridPosition":107,"endGridPositon":127,"solutionPosition":12,"pathTag":1,"direction":1,"solutions":""}={"startingGridPosition":127,"endGridPositon":124,"solutionPosition":13,"pathTag":1,"direction":1,"solutions":""}={"startingGridPosition":84,"endGridPositon":12,"solutionPosition":15,"pathTag":1,"direction":1,"solutions":""}={"startingGridPosition":12,"endGridPositon":73,"solutionPosition":16,"pathTag":1,"direction":1,"solutions":""}={"startingGridPosition":73,"endGridPositon":82,"solutionPosition":17,"pathTag":1,"direction":1,"solutions":""}