{"startingGridPosition":44,"endGridPositon":122,"solutionPosition":1,"pathTag":1,"direction":1,"solutions":""}={"startingGridPosition":122,"endGridPositon":126,"solutionPosition":2,"pathTag":1,"direction":1,"solutions":""}={"startingGridPosition":126,"endGridPositon":44,"solutionPosition":3,"pathTag":1,"direction":1,"solutions":""}={"startingGridPosition":44,"endGridPositon":77,"solutionPosition":4,"pathTag":1,"direction":1,"solutions":""}={"startingGridPosition":77,"endGridPositon":94,"solutionPosition":5,"pathTag":1,"direction":1,"solutions":""}={"startingGridPosition":94,"endGridPositon":71,"solutionPosition":6,"pathTag":1,"direction":1,"solutions":""}={"startingGridPosition":71,"endGridPositon":44,"solutionPosition":7,"pathTag":1,"direction":1,"solutions":""}={"startingGridPosition":44,"endGridPositon":21,"solutionPosition":8,"pathTag":1,"direction":1,"solutions":""}={"startingGridPosition":21,"endGridPositon":14,"solutionPosition":9,"pathTag":1,"direction":1,"solutions":""}={"startingGridPosition":14,"endGridPositon":107,"solutionPosition":10,"pathTag":1,"direction":1,"solutions":""}={"startingGridPosition":107,"endGridPositon":101,"solutionPosition":11,"pathTag":1,"direction":1,"solutions":""}={"startingGridPosition":101,"endGridPositon":14,"solutionPosition":12,"pathTag":1,"direction":1,"solutions":""}={"startingGridPosition":14,"endGridPositon":27,"solutionPosition":13,"pathTag":1,"direction":1,"solutions":""}={"startingGridPosition":27,"endGridPositon":44,"solutionPosition":14,"pathTag":1,"direction":1,"solutions":""}