{"startingGridPosition":27,"endGridPositon":34,"solutionPosition":1,"pathTag":1,"direction":1,"solutions":""}={"startingGridPosition":34,"endGridPositon":105,"solutionPosition":2,"pathTag":1,"direction":1,"solutions":""}={"startingGridPosition":105,"endGridPositon":124,"solutionPosition":3,"pathTag":1,"direction":1,"solutions":""}={"startingGridPosition":124,"endGridPositon":103,"solutionPosition":4,"pathTag":1,"direction":1,"solutions":""}={"startingGridPosition":103,"endGridPositon":34,"solutionPosition":5,"pathTag":1,"direction":1,"solutions":""}={"startingGridPosition":34,"endGridPositon":21,"solutionPosition":6,"pathTag":1,"direction":1,"solutions":""}={"startingGridPosition":21,"endGridPositon":62,"solutionPosition":7,"pathTag":1,"direction":1,"solutions":""}={"startingGridPosition":62,"endGridPositon":101,"solutionPosition":8,"pathTag":1,"direction":1,"solutions":""}={"startingGridPosition":101,"endGridPositon":84,"solutionPosition":9,"pathTag":1,"direction":1,"solutions":""}={"startingGridPosition":84,"endGridPositon":107,"solutionPosition":10,"pathTag":1,"direction":1,"solutions":""}={"startingGridPosition":107,"endGridPositon":66,"solutionPosition":11,"pathTag":1,"direction":1,"solutions":""}={"startingGridPosition":66,"endGridPositon":27,"solutionPosition":12,"pathTag":1,"direction":1,"solutions":""}={"startingGridPosition":27,"endGridPositon":16,"solutionPosition":13,"pathTag":1,"direction":1,"solutions":""}={"startingGridPosition":16,"endGridPositon":24,"solutionPosition":14,"pathTag":1,"direction":1,"solutions":""}={"startingGridPosition":24,"endGridPositon":12,"solutionPosition":15,"pathTag":1,"direction":1,"solutions":""}={"startingGridPosition":12,"endGridPositon":21,"solutionPosition":16,"pathTag":1,"direction":1,"solutions":""}