{"startingGridPosition":86,"endGridPositon":127,"solutionPosition":1,"pathTag":1,"direction":1,"solutions":""}={"startingGridPosition":127,"endGridPositon":104,"solutionPosition":2,"pathTag":1,"direction":1,"solutions":""}={"startingGridPosition":104,"endGridPositon":82,"solutionPosition":3,"pathTag":1,"direction":1,"solutions":""}={"startingGridPosition":82,"endGridPositon":121,"solutionPosition":4,"pathTag":1,"direction":1,"solutions":""}={"startingGridPosition":121,"endGridPositon":104,"solutionPosition":5,"pathTag":1,"direction":1,"solutions":""}={"startingGridPosition":104,"endGridPositon":86,"solutionPosition":6,"pathTag":1,"direction":1,"solutions":""}={"startingGridPosition":86,"endGridPositon":55,"solutionPosition":7,"pathTag":1,"direction":1,"solutions":""}={"startingGridPosition":55,"endGridPositon":44,"solutionPosition":8,"pathTag":1,"direction":1,"solutions":""}={"startingGridPosition":44,"endGridPositon":53,"solutionPosition":9,"pathTag":1,"direction":1,"solutions":""}={"startingGridPosition":53,"endGridPositon":82,"solutionPosition":10,"pathTag":1,"direction":1,"solutions":""}={"startingGridPosition":82,"endGridPositon":86,"solutionPosition":11,"pathTag":1,"direction":1,"solutions":""}={"startingGridPosition":86,"endGridPositon":97,"solutionPosition":12,"pathTag":1,"direction":1,"solutions":""}={"startingGridPosition":97,"endGridPositon":14,"solutionPosition":13,"pathTag":1,"direction":1,"solutions":""}={"startingGridPosition":14,"endGridPositon":91,"solutionPosition":14,"pathTag":1,"direction":1,"solutions":""}={"startingGridPosition":91,"endGridPositon":82,"solutionPosition":15,"pathTag":1,"direction":1,"solutions":""}