{"startingGridPosition":12,"endGridPositon":73,"solutionPosition":1,"pathTag":2,"direction":1,"solutions":"1_s,2_0"}={"startingGridPosition":12,"endGridPositon":44,"solutionPosition":4,"pathTag":1,"direction":1,"solutions":""}={"startingGridPosition":44,"endGridPositon":16,"solutionPosition":5,"pathTag":1,"direction":1,"solutions":""}={"startingGridPosition":16,"endGridPositon":75,"solutionPosition":6,"pathTag":1,"direction":1,"solutions":""}={"startingGridPosition":75,"endGridPositon":66,"solutionPosition":7,"pathTag":1,"direction":1,"solutions":""}={"startingGridPosition":66,"endGridPositon":97,"solutionPosition":8,"pathTag":1,"direction":1,"solutions":""}={"startingGridPosition":97,"endGridPositon":115,"solutionPosition":9,"pathTag":1,"direction":1,"solutions":""}={"startingGridPosition":115,"endGridPositon":75,"solutionPosition":10,"pathTag":1,"direction":1,"solutions":""}={"startingGridPosition":75,"endGridPositon":73,"solutionPosition":12,"pathTag":1,"direction":1,"solutions":""}={"startingGridPosition":73,"endGridPositon":62,"solutionPosition":13,"pathTag":1,"direction":1,"solutions":""}={"startingGridPosition":62,"endGridPositon":91,"solutionPosition":14,"pathTag":1,"direction":1,"solutions":""}={"startingGridPosition":91,"endGridPositon":113,"solutionPosition":15,"pathTag":1,"direction":1,"solutions":""}={"startingGridPosition":113,"endGridPositon":124,"solutionPosition":16,"pathTag":1,"direction":1,"solutions":""}={"startingGridPosition":124,"endGridPositon":115,"solutionPosition":17,"pathTag":1,"direction":1,"solutions":""}={"startingGridPosition":115,"endGridPositon":113,"solutionPosition":18,"pathTag":1,"direction":1,"solutions":""}={"startingGridPosition":113,"endGridPositon":73,"solutionPosition":19,"pathTag":1,"direction":2,"solutions":""}