{"startingGridPosition":117,"endGridPositon":84,"solutionPosition":1,"pathTag":2,"direction":1,"solutions":"1_s,17_o"}={"startingGridPosition":84,"endGridPositon":51,"solutionPosition":2,"pathTag":2,"direction":1,"solutions":"2_s,16_o"}={"startingGridPosition":51,"endGridPositon":101,"solutionPosition":3,"pathTag":1,"direction":1,"solutions":""}={"startingGridPosition":101,"endGridPositon":57,"solutionPosition":4,"pathTag":1,"direction":1,"solutions":""}={"startingGridPosition":57,"endGridPositon":16,"solutionPosition":5,"pathTag":1,"direction":1,"solutions":""}={"startingGridPosition":16,"endGridPositon":44,"solutionPosition":6,"pathTag":1,"direction":1,"solutions":""}={"startingGridPosition":44,"endGridPositon":51,"solutionPosition":7,"pathTag":1,"direction":2,"solutions":""}={"startingGridPosition":51,"endGridPositon":12,"solutionPosition":8,"pathTag":1,"direction":1,"solutions":""}={"startingGridPosition":12,"endGridPositon":44,"solutionPosition":9,"pathTag":1,"direction":1,"solutions":""}={"startingGridPosition":44,"endGridPositon":57,"solutionPosition":10,"pathTag":1,"direction":1,"solutions":""}={"startingGridPosition":57,"endGridPositon":126,"solutionPosition":11,"pathTag":1,"direction":1,"solutions":""}={"startingGridPosition":126,"endGridPositon":114,"solutionPosition":12,"pathTag":1,"direction":1,"solutions":""}={"startingGridPosition":114,"endGridPositon":122,"solutionPosition":13,"pathTag":1,"direction":1,"solutions":""}={"startingGridPosition":122,"endGridPositon":51,"solutionPosition":14,"pathTag":1,"direction":2,"solutions":""}={"startingGridPosition":117,"endGridPositon":57,"solutionPosition":15,"pathTag":1,"direction":1,"solutions":""}