{"startingGridPosition":17,"endGridPositon":124,"solutionPosition":1,"pathTag":1,"direction":1,"solutions":""}={"startingGridPosition":124,"endGridPositon":14,"solutionPosition":2,"pathTag":1,"direction":1,"solutions":""}={"startingGridPosition":14,"endGridPositon":71,"solutionPosition":3,"pathTag":1,"direction":1,"solutions":""}={"startingGridPosition":71,"endGridPositon":77,"solutionPosition":4,"pathTag":1,"direction":1,"solutions":""}={"startingGridPosition":77,"endGridPositon":17,"solutionPosition":5,"pathTag":1,"direction":1,"solutions":""}={"startingGridPosition":17,"endGridPositon":121,"solutionPosition":6,"pathTag":1,"direction":1,"solutions":""}={"startingGridPosition":121,"endGridPositon":14,"solutionPosition":7,"pathTag":1,"direction":1,"solutions":""}={"startingGridPosition":14,"endGridPositon":77,"solutionPosition":8,"pathTag":1,"direction":1,"solutions":""}={"startingGridPosition":77,"endGridPositon":127,"solutionPosition":9,"pathTag":1,"direction":1,"solutions":""}={"startingGridPosition":127,"endGridPositon":124,"solutionPosition":10,"pathTag":1,"direction":1,"solutions":""}={"startingGridPosition":124,"endGridPositon":121,"solutionPosition":11,"pathTag":1,"direction":1,"solutions":""}={"startingGridPosition":121,"endGridPositon":71,"solutionPosition":12,"pathTag":1,"direction":1,"solutions":""}={"startingGridPosition":71,"endGridPositon":11,"solutionPosition":13,"pathTag":1,"direction":1,"solutions":""}={"startingGridPosition":11,"endGridPositon":14,"solutionPosition":14,"pathTag":1,"direction":1,"solutions":""}={"startingGridPosition":14,"endGridPositon":17,"solutionPosition":15,"pathTag":1,"direction":1,"solutions":""}