{"startingGridPosition":106,"endGridPositon":124,"solutionPosition":1,"pathTag":1,"direction":1,"solutions":""}={"startingGridPosition":124,"endGridPositon":102,"solutionPosition":2,"pathTag":1,"direction":1,"solutions":""}={"startingGridPosition":102,"endGridPositon":64,"solutionPosition":3,"pathTag":1,"direction":1,"solutions":""}={"startingGridPosition":64,"endGridPositon":55,"solutionPosition":4,"pathTag":1,"direction":1,"solutions":""}={"startingGridPosition":55,"endGridPositon":14,"solutionPosition":5,"pathTag":1,"direction":1,"solutions":""}={"startingGridPosition":14,"endGridPositon":37,"solutionPosition":6,"pathTag":1,"direction":1,"solutions":""}={"startingGridPosition":37,"endGridPositon":94,"solutionPosition":7,"pathTag":1,"direction":1,"solutions":""}={"startingGridPosition":94,"endGridPositon":31,"solutionPosition":8,"pathTag":1,"direction":1,"solutions":""}={"startingGridPosition":31,"endGridPositon":14,"solutionPosition":9,"pathTag":1,"direction":1,"solutions":""}={"startingGridPosition":14,"endGridPositon":53,"solutionPosition":10,"pathTag":1,"direction":1,"solutions":""}={"startingGridPosition":53,"endGridPositon":64,"solutionPosition":11,"pathTag":1,"direction":1,"solutions":""}={"startingGridPosition":64,"endGridPositon":106,"solutionPosition":12,"pathTag":1,"direction":1,"solutions":""}={"startingGridPosition":106,"endGridPositon":116,"solutionPosition":13,"pathTag":1,"direction":1,"solutions":""}={"startingGridPosition":116,"endGridPositon":124,"solutionPosition":14,"pathTag":1,"direction":1,"solutions":""}={"startingGridPosition":124,"endGridPositon":112,"solutionPosition":15,"pathTag":1,"direction":1,"solutions":""}={"startingGridPosition":112,"endGridPositon":102,"solutionPosition":16,"pathTag":1,"direction":1,"solutions":""}