{"startingGridPosition":125,"endGridPositon":123,"solutionPosition":1,"pathTag":2,"direction":1,"solutions":"1_s,2_o"}={"startingGridPosition":125,"endGridPositon":84,"solutionPosition":3,"pathTag":1,"direction":1,"solutions":""}={"startingGridPosition":84,"endGridPositon":75,"solutionPosition":4,"pathTag":1,"direction":1,"solutions":""}={"startingGridPosition":75,"endGridPositon":57,"solutionPosition":5,"pathTag":1,"direction":2,"solutions":""}={"startingGridPosition":57,"endGridPositon":87,"solutionPosition":6,"pathTag":1,"direction":1,"solutions":""}={"startingGridPosition":87,"endGridPositon":75,"solutionPosition":7,"pathTag":1,"direction":1,"solutions":""}={"startingGridPosition":75,"endGridPositon":54,"solutionPosition":8,"pathTag":1,"direction":1,"solutions":""}={"startingGridPosition":54,"endGridPositon":15,"solutionPosition":9,"pathTag":1,"direction":1,"solutions":""}={"startingGridPosition":15,"endGridPositon":13,"solutionPosition":10,"pathTag":1,"direction":1,"solutions":""}={"startingGridPosition":13,"endGridPositon":54,"solutionPosition":11,"pathTag":1,"direction":1,"solutions":""}={"startingGridPosition":54,"endGridPositon":73,"solutionPosition":12,"pathTag":1,"direction":1,"solutions":""}={"startingGridPosition":73,"endGridPositon":51,"solutionPosition":13,"pathTag":1,"direction":2,"solutions":""}={"startingGridPosition":51,"endGridPositon":81,"solutionPosition":14,"pathTag":1,"direction":1,"solutions":""}={"startingGridPosition":81,"endGridPositon":73,"solutionPosition":15,"pathTag":1,"direction":1,"solutions":""}={"startingGridPosition":73,"endGridPositon":84,"solutionPosition":16,"pathTag":1,"direction":1,"solutions":""}={"startingGridPosition":84,"endGridPositon":123,"solutionPosition":17,"pathTag":1,"direction":1,"solutions":""}