{"startingGridPosition":63,"endGridPositon":84,"solutionPosition":1,"pathTag":1,"direction":1,"solutions":""}={"startingGridPosition":84,"endGridPositon":76,"solutionPosition":2,"pathTag":1,"direction":1,"solutions":""}={"startingGridPosition":76,"endGridPositon":117,"solutionPosition":3,"pathTag":1,"direction":1,"solutions":""}={"startingGridPosition":117,"endGridPositon":124,"solutionPosition":4,"pathTag":1,"direction":1,"solutions":""}={"startingGridPosition":124,"endGridPositon":111,"solutionPosition":5,"pathTag":1,"direction":1,"solutions":""}={"startingGridPosition":111,"endGridPositon":72,"solutionPosition":6,"pathTag":1,"direction":1,"solutions":""}={"startingGridPosition":72,"endGridPositon":84,"solutionPosition":7,"pathTag":1,"direction":1,"solutions":""}={"startingGridPosition":84,"endGridPositon":65,"solutionPosition":8,"pathTag":1,"direction":1,"solutions":""}={"startingGridPosition":65,"endGridPositon":14,"solutionPosition":9,"pathTag":1,"direction":1,"solutions":""}={"startingGridPosition":14,"endGridPositon":63,"solutionPosition":10,"pathTag":1,"direction":1,"solutions":""}={"startingGridPosition":63,"endGridPositon":61,"solutionPosition":11,"pathTag":1,"direction":1,"solutions":""}={"startingGridPosition":61,"endGridPositon":11,"solutionPosition":12,"pathTag":1,"direction":1,"solutions":""}={"startingGridPosition":11,"endGridPositon":14,"solutionPosition":13,"pathTag":1,"direction":1,"solutions":""}={"startingGridPosition":14,"endGridPositon":17,"solutionPosition":14,"pathTag":1,"direction":1,"solutions":""}={"startingGridPosition":17,"endGridPositon":67,"solutionPosition":15,"pathTag":1,"direction":1,"solutions":""}={"startingGridPosition":67,"endGridPositon":65,"solutionPosition":16,"pathTag":1,"direction":1,"solutions":""}