{"startingGridPosition":97,"endGridPositon":74,"solutionPosition":1,"pathTag":1,"direction":1,"solutions":""}={"startingGridPosition":74,"endGridPositon":121,"solutionPosition":2,"pathTag":2,"direction":1,"solutions":"2_s,18_o"}={"startingGridPosition":121,"endGridPositon":81,"solutionPosition":3,"pathTag":1,"direction":1,"solutions":""}={"startingGridPosition":81,"endGridPositon":74,"solutionPosition":4,"pathTag":2,"direction":1,"solutions":"4_s,11_o"}={"startingGridPosition":74,"endGridPositon":17,"solutionPosition":5,"pathTag":1,"direction":1,"solutions":""}={"startingGridPosition":17,"endGridPositon":25,"solutionPosition":6,"pathTag":1,"direction":1,"solutions":""}={"startingGridPosition":25,"endGridPositon":74,"solutionPosition":7,"pathTag":1,"direction":1,"solutions":""}={"startingGridPosition":74,"endGridPositon":23,"solutionPosition":8,"pathTag":1,"direction":1,"solutions":""}={"startingGridPosition":23,"endGridPositon":11,"solutionPosition":9,"pathTag":1,"direction":1,"solutions":""}={"startingGridPosition":11,"endGridPositon":74,"solutionPosition":10,"pathTag":1,"direction":1,"solutions":""}={"startingGridPosition":81,"endGridPositon":41,"solutionPosition":12,"pathTag":1,"direction":1,"solutions":""}={"startingGridPosition":41,"endGridPositon":74,"solutionPosition":13,"pathTag":1,"direction":1,"solutions":""}={"startingGridPosition":74,"endGridPositon":47,"solutionPosition":14,"pathTag":1,"direction":1,"solutions":""}={"startingGridPosition":47,"endGridPositon":97,"solutionPosition":15,"pathTag":1,"direction":2,"solutions":""}={"startingGridPosition":97,"endGridPositon":127,"solutionPosition":16,"pathTag":1,"direction":1,"solutions":""}={"startingGridPosition":127,"endGridPositon":74,"solutionPosition":17,"pathTag":1,"direction":1,"solutions":""}