{"startingGridPosition":21,"endGridPositon":24,"solutionPosition":1,"pathTag":1,"direction":1,"solutions":""}={"startingGridPosition":24,"endGridPositon":67,"solutionPosition":2,"pathTag":1,"direction":1,"solutions":""}={"startingGridPosition":67,"endGridPositon":27,"solutionPosition":3,"pathTag":1,"direction":1,"solutions":""}={"startingGridPosition":27,"endGridPositon":24,"solutionPosition":4,"pathTag":1,"direction":1,"solutions":""}={"startingGridPosition":24,"endGridPositon":64,"solutionPosition":5,"pathTag":1,"direction":1,"solutions":""}={"startingGridPosition":64,"endGridPositon":21,"solutionPosition":6,"pathTag":1,"direction":1,"solutions":""}={"startingGridPosition":21,"endGridPositon":61,"solutionPosition":7,"pathTag":1,"direction":1,"solutions":""}={"startingGridPosition":61,"endGridPositon":111,"solutionPosition":8,"pathTag":1,"direction":1,"solutions":""}={"startingGridPosition":111,"endGridPositon":114,"solutionPosition":9,"pathTag":1,"direction":1,"solutions":""}={"startingGridPosition":114,"endGridPositon":61,"solutionPosition":10,"pathTag":1,"direction":1,"solutions":""}={"startingGridPosition":61,"endGridPositon":64,"solutionPosition":11,"pathTag":1,"direction":1,"solutions":""}={"startingGridPosition":64,"endGridPositon":67,"solutionPosition":12,"pathTag":1,"direction":1,"solutions":""}={"startingGridPosition":67,"endGridPositon":117,"solutionPosition":13,"pathTag":1,"direction":1,"solutions":""}={"startingGridPosition":117,"endGridPositon":114,"solutionPosition":14,"pathTag":1,"direction":1,"solutions":""}={"startingGridPosition":114,"endGridPositon":64,"solutionPosition":15,"pathTag":1,"direction":1,"solutions":""}={"startingGridPosition":64,"endGridPositon":117,"solutionPosition":16,"pathTag":1,"direction":1,"solutions":""}