{"startingGridPosition":14,"endGridPositon":76,"solutionPosition":1,"pathTag":1,"direction":1,"solutions":""}={"startingGridPosition":76,"endGridPositon":67,"solutionPosition":2,"pathTag":1,"direction":1,"solutions":""}={"startingGridPosition":67,"endGridPositon":34,"solutionPosition":3,"pathTag":1,"direction":1,"solutions":""}={"startingGridPosition":34,"endGridPositon":61,"solutionPosition":4,"pathTag":1,"direction":1,"solutions":""}={"startingGridPosition":61,"endGridPositon":72,"solutionPosition":5,"pathTag":1,"direction":1,"solutions":""}={"startingGridPosition":72,"endGridPositon":14,"solutionPosition":6,"pathTag":1,"direction":1,"solutions":""}={"startingGridPosition":14,"endGridPositon":21,"solutionPosition":7,"pathTag":1,"direction":1,"solutions":""}={"startingGridPosition":21,"endGridPositon":104,"solutionPosition":8,"pathTag":1,"direction":1,"solutions":""}={"startingGridPosition":104,"endGridPositon":122,"solutionPosition":9,"pathTag":1,"direction":1,"solutions":""}={"startingGridPosition":122,"endGridPositon":111,"solutionPosition":10,"pathTag":1,"direction":1,"solutions":""}={"startingGridPosition":111,"endGridPositon":74,"solutionPosition":11,"pathTag":1,"direction":1,"solutions":""}={"startingGridPosition":74,"endGridPositon":117,"solutionPosition":12,"pathTag":1,"direction":1,"solutions":""}={"startingGridPosition":117,"endGridPositon":126,"solutionPosition":13,"pathTag":1,"direction":1,"solutions":""}={"startingGridPosition":126,"endGridPositon":104,"solutionPosition":14,"pathTag":1,"direction":1,"solutions":""}={"startingGridPosition":104,"endGridPositon":27,"solutionPosition":15,"pathTag":1,"direction":1,"solutions":""}={"startingGridPosition":27,"endGridPositon":14,"solutionPosition":16,"pathTag":1,"direction":1,"solutions":""}