{"startingGridPosition":34,"endGridPositon":14,"solutionPosition":1,"pathTag":1,"direction":1,"solutions":""}={"startingGridPosition":14,"endGridPositon":11,"solutionPosition":2,"pathTag":1,"direction":1,"solutions":""}={"startingGridPosition":11,"endGridPositon":71,"solutionPosition":3,"pathTag":1,"direction":1,"solutions":""}={"startingGridPosition":71,"endGridPositon":74,"solutionPosition":4,"pathTag":1,"direction":1,"solutions":""}={"startingGridPosition":74,"endGridPositon":34,"solutionPosition":5,"pathTag":1,"direction":1,"solutions":""}={"startingGridPosition":34,"endGridPositon":32,"solutionPosition":6,"pathTag":1,"direction":1,"solutions":""}={"startingGridPosition":32,"endGridPositon":102,"solutionPosition":7,"pathTag":1,"direction":1,"solutions":""}={"startingGridPosition":102,"endGridPositon":104,"solutionPosition":8,"pathTag":1,"direction":1,"solutions":""}={"startingGridPosition":104,"endGridPositon":74,"solutionPosition":9,"pathTag":1,"direction":1,"solutions":""}={"startingGridPosition":74,"endGridPositon":77,"solutionPosition":10,"pathTag":1,"direction":1,"solutions":""}={"startingGridPosition":77,"endGridPositon":127,"solutionPosition":11,"pathTag":1,"direction":1,"solutions":""}={"startingGridPosition":127,"endGridPositon":124,"solutionPosition":12,"pathTag":1,"direction":1,"solutions":""}={"startingGridPosition":124,"endGridPositon":104,"solutionPosition":13,"pathTag":1,"direction":1,"solutions":""}={"startingGridPosition":104,"endGridPositon":106,"solutionPosition":14,"pathTag":1,"direction":1,"solutions":""}={"startingGridPosition":106,"endGridPositon":36,"solutionPosition":15,"pathTag":1,"direction":1,"solutions":""}={"startingGridPosition":36,"endGridPositon":34,"solutionPosition":16,"pathTag":1,"direction":1,"solutions":""}