{"startingGridPosition":124,"endGridPositon":105,"solutionPosition":1,"pathTag":1,"direction":1,"solutions":""}={"startingGridPosition":105,"endGridPositon":103,"solutionPosition":2,"pathTag":1,"direction":1,"solutions":""}={"startingGridPosition":103,"endGridPositon":83,"solutionPosition":3,"pathTag":1,"direction":1,"solutions":""}={"startingGridPosition":83,"endGridPositon":85,"solutionPosition":4,"pathTag":1,"direction":1,"solutions":""}={"startingGridPosition":85,"endGridPositon":105,"solutionPosition":5,"pathTag":1,"direction":1,"solutions":""}={"startingGridPosition":105,"endGridPositon":87,"solutionPosition":6,"pathTag":1,"direction":1,"solutions":""}={"startingGridPosition":87,"endGridPositon":26,"solutionPosition":7,"pathTag":1,"direction":1,"solutions":""}={"startingGridPosition":26,"endGridPositon":34,"solutionPosition":8,"pathTag":1,"direction":1,"solutions":""}={"startingGridPosition":34,"endGridPositon":22,"solutionPosition":9,"pathTag":1,"direction":1,"solutions":""}={"startingGridPosition":22,"endGridPositon":81,"solutionPosition":10,"pathTag":1,"direction":1,"solutions":""}={"startingGridPosition":81,"endGridPositon":103,"solutionPosition":11,"pathTag":1,"direction":1,"solutions":""}={"startingGridPosition":103,"endGridPositon":124,"solutionPosition":12,"pathTag":1,"direction":1,"solutions":""}={"startingGridPosition":124,"endGridPositon":111,"solutionPosition":13,"pathTag":1,"direction":1,"solutions":""}={"startingGridPosition":111,"endGridPositon":14,"solutionPosition":14,"pathTag":1,"direction":1,"solutions":""}={"startingGridPosition":14,"endGridPositon":117,"solutionPosition":15,"pathTag":1,"direction":1,"solutions":""}={"startingGridPosition":117,"endGridPositon":124,"solutionPosition":16,"pathTag":1,"direction":1,"solutions":""}