{"startingGridPosition":77,"endGridPositon":14,"solutionPosition":1,"pathTag":1,"direction":1,"solutions":""}={"startingGridPosition":14,"endGridPositon":71,"solutionPosition":2,"pathTag":1,"direction":1,"solutions":""}={"startingGridPosition":71,"endGridPositon":122,"solutionPosition":3,"pathTag":1,"direction":1,"solutions":""}={"startingGridPosition":122,"endGridPositon":103,"solutionPosition":4,"pathTag":1,"direction":1,"solutions":""}={"startingGridPosition":103,"endGridPositon":105,"solutionPosition":5,"pathTag":1,"direction":1,"solutions":""}={"startingGridPosition":105,"endGridPositon":126,"solutionPosition":6,"pathTag":1,"direction":1,"solutions":""}={"startingGridPosition":126,"endGridPositon":77,"solutionPosition":7,"pathTag":1,"direction":1,"solutions":""}={"startingGridPosition":77,"endGridPositon":105,"solutionPosition":8,"pathTag":1,"direction":1,"solutions":""}={"startingGridPosition":105,"endGridPositon":44,"solutionPosition":9,"pathTag":1,"direction":1,"solutions":""}={"startingGridPosition":44,"endGridPositon":57,"solutionPosition":10,"pathTag":1,"direction":1,"solutions":""}={"startingGridPosition":57,"endGridPositon":94,"solutionPosition":11,"pathTag":1,"direction":1,"solutions":""}={"startingGridPosition":94,"endGridPositon":51,"solutionPosition":12,"pathTag":1,"direction":1,"solutions":""}={"startingGridPosition":51,"endGridPositon":44,"solutionPosition":13,"pathTag":1,"direction":1,"solutions":""}