{"startingGridPosition":61,"endGridPositon":81,"solutionPosition":1,"pathTag":1,"direction":1,"solutions":""}={"startingGridPosition":81,"endGridPositon":87,"solutionPosition":2,"pathTag":1,"direction":1,"solutions":""}={"startingGridPosition":87,"endGridPositon":44,"solutionPosition":3,"pathTag":1,"direction":1,"solutions":""}={"startingGridPosition":44,"endGridPositon":81,"solutionPosition":4,"pathTag":1,"direction":1,"solutions":""}={"startingGridPosition":81,"endGridPositon":123,"solutionPosition":5,"pathTag":1,"direction":1,"solutions":""}={"startingGridPosition":123,"endGridPositon":104,"solutionPosition":6,"pathTag":1,"direction":1,"solutions":""}={"startingGridPosition":104,"endGridPositon":125,"solutionPosition":7,"pathTag":1,"direction":1,"solutions":""}={"startingGridPosition":125,"endGridPositon":87,"solutionPosition":8,"pathTag":1,"direction":1,"solutions":""}={"startingGridPosition":87,"endGridPositon":67,"solutionPosition":9,"pathTag":1,"direction":1,"solutions":""}={"startingGridPosition":67,"endGridPositon":16,"solutionPosition":10,"pathTag":1,"direction":1,"solutions":""}={"startingGridPosition":16,"endGridPositon":44,"solutionPosition":11,"pathTag":1,"direction":1,"solutions":""}={"startingGridPosition":44,"endGridPositon":12,"solutionPosition":12,"pathTag":1,"direction":1,"solutions":""}={"startingGridPosition":12,"endGridPositon":61,"solutionPosition":13,"pathTag":1,"direction":1,"solutions":""}={"startingGridPosition":61,"endGridPositon":14,"solutionPosition":14,"pathTag":1,"direction":1,"solutions":""}={"startingGridPosition":14,"endGridPositon":67,"solutionPosition":15,"pathTag":1,"direction":1,"solutions":""}