{"startingGridPosition":86,"endGridPositon":97,"solutionPosition":1,"pathTag":1,"direction":1,"solutions":""}={"startingGridPosition":97,"endGridPositon":126,"solutionPosition":2,"pathTag":1,"direction":1,"solutions":""}={"startingGridPosition":126,"endGridPositon":34,"solutionPosition":3,"pathTag":1,"direction":1,"solutions":""}={"startingGridPosition":34,"endGridPositon":27,"solutionPosition":4,"pathTag":1,"direction":1,"solutions":""}={"startingGridPosition":27,"endGridPositon":84,"solutionPosition":5,"pathTag":1,"direction":1,"solutions":""}={"startingGridPosition":84,"endGridPositon":21,"solutionPosition":6,"pathTag":1,"direction":1,"solutions":""}={"startingGridPosition":21,"endGridPositon":34,"solutionPosition":7,"pathTag":1,"direction":1,"solutions":""}={"startingGridPosition":34,"endGridPositon":13,"solutionPosition":8,"pathTag":1,"direction":1,"solutions":""}={"startingGridPosition":13,"endGridPositon":15,"solutionPosition":9,"pathTag":1,"direction":1,"solutions":""}={"startingGridPosition":15,"endGridPositon":34,"solutionPosition":10,"pathTag":1,"direction":1,"solutions":""}={"startingGridPosition":34,"endGridPositon":122,"solutionPosition":11,"pathTag":1,"direction":1,"solutions":""}={"startingGridPosition":122,"endGridPositon":91,"solutionPosition":12,"pathTag":1,"direction":1,"solutions":""}={"startingGridPosition":91,"endGridPositon":82,"solutionPosition":13,"pathTag":1,"direction":1,"solutions":""}={"startingGridPosition":82,"endGridPositon":124,"solutionPosition":14,"pathTag":1,"direction":1,"solutions":""}={"startingGridPosition":124,"endGridPositon":86,"solutionPosition":15,"pathTag":1,"direction":1,"solutions":""}