{"startingGridPosition":94,"endGridPositon":116,"solutionPosition":1,"pathTag":1,"direction":1,"solutions":""}={"startingGridPosition":116,"endGridPositon":124,"solutionPosition":2,"pathTag":1,"direction":1,"solutions":""}={"startingGridPosition":124,"endGridPositon":37,"solutionPosition":3,"pathTag":1,"direction":1,"solutions":""}={"startingGridPosition":37,"endGridPositon":45,"solutionPosition":4,"pathTag":1,"direction":1,"solutions":""}={"startingGridPosition":45,"endGridPositon":107,"solutionPosition":5,"pathTag":1,"direction":1,"solutions":""}={"startingGridPosition":107,"endGridPositon":94,"solutionPosition":6,"pathTag":1,"direction":1,"solutions":""}={"startingGridPosition":94,"endGridPositon":45,"solutionPosition":7,"pathTag":1,"direction":1,"solutions":""}={"startingGridPosition":45,"endGridPositon":14,"solutionPosition":8,"pathTag":1,"direction":1,"solutions":""}={"startingGridPosition":14,"endGridPositon":43,"solutionPosition":9,"pathTag":1,"direction":1,"solutions":""}={"startingGridPosition":43,"endGridPositon":31,"solutionPosition":10,"pathTag":1,"direction":1,"solutions":""}={"startingGridPosition":31,"endGridPositon":124,"solutionPosition":11,"pathTag":1,"direction":1,"solutions":""}={"startingGridPosition":124,"endGridPositon":112,"solutionPosition":12,"pathTag":1,"direction":1,"solutions":""}={"startingGridPosition":112,"endGridPositon":94,"solutionPosition":13,"pathTag":1,"direction":1,"solutions":""}={"startingGridPosition":94,"endGridPositon":43,"solutionPosition":14,"pathTag":1,"direction":1,"solutions":""}={"startingGridPosition":43,"endGridPositon":101,"solutionPosition":15,"pathTag":1,"direction":1,"solutions":""}={"startingGridPosition":101,"endGridPositon":94,"solutionPosition":16,"pathTag":1,"direction":1,"solutions":""}