{"startingGridPosition":64,"endGridPositon":17,"solutionPosition":1,"pathTag":1,"direction":1,"solutions":""}={"startingGridPosition":17,"endGridPositon":24,"solutionPosition":2,"pathTag":1,"direction":1,"solutions":""}={"startingGridPosition":24,"endGridPositon":11,"solutionPosition":3,"pathTag":1,"direction":1,"solutions":""}={"startingGridPosition":11,"endGridPositon":64,"solutionPosition":4,"pathTag":1,"direction":1,"solutions":""}={"startingGridPosition":64,"endGridPositon":37,"solutionPosition":5,"pathTag":1,"direction":1,"solutions":""}={"startingGridPosition":37,"endGridPositon":24,"solutionPosition":6,"pathTag":1,"direction":1,"solutions":""}={"startingGridPosition":24,"endGridPositon":31,"solutionPosition":7,"pathTag":1,"direction":1,"solutions":""}={"startingGridPosition":31,"endGridPositon":64,"solutionPosition":8,"pathTag":1,"direction":1,"solutions":""}={"startingGridPosition":64,"endGridPositon":87,"solutionPosition":9,"pathTag":1,"direction":1,"solutions":""}={"startingGridPosition":87,"endGridPositon":125,"solutionPosition":10,"pathTag":1,"direction":1,"solutions":""}={"startingGridPosition":125,"endGridPositon":94,"solutionPosition":11,"pathTag":1,"direction":1,"solutions":""}={"startingGridPosition":94,"endGridPositon":64,"solutionPosition":12,"pathTag":1,"direction":1,"solutions":""}={"startingGridPosition":64,"endGridPositon":81,"solutionPosition":13,"pathTag":1,"direction":1,"solutions":""}={"startingGridPosition":81,"endGridPositon":123,"solutionPosition":14,"pathTag":1,"direction":1,"solutions":""}={"startingGridPosition":123,"endGridPositon":94,"solutionPosition":15,"pathTag":1,"direction":1,"solutions":""}