{"startingGridPosition":124,"endGridPositon":67,"solutionPosition":1,"pathTag":1,"direction":1,"solutions":""}={"startingGridPosition":67,"endGridPositon":15,"solutionPosition":2,"pathTag":1,"direction":1,"solutions":""}={"startingGridPosition":15,"endGridPositon":104,"solutionPosition":3,"pathTag":1,"direction":1,"solutions":""}={"startingGridPosition":104,"endGridPositon":127,"solutionPosition":4,"pathTag":1,"direction":1,"solutions":""}={"startingGridPosition":127,"endGridPositon":44,"solutionPosition":5,"pathTag":1,"direction":1,"solutions":""}={"startingGridPosition":44,"endGridPositon":121,"solutionPosition":6,"pathTag":1,"direction":1,"solutions":""}={"startingGridPosition":121,"endGridPositon":104,"solutionPosition":7,"pathTag":1,"direction":1,"solutions":""}={"startingGridPosition":104,"endGridPositon":67,"solutionPosition":8,"pathTag":1,"direction":1,"solutions":""}={"startingGridPosition":67,"endGridPositon":61,"solutionPosition":9,"pathTag":1,"direction":1,"solutions":""}={"startingGridPosition":61,"endGridPositon":13,"solutionPosition":10,"pathTag":1,"direction":1,"solutions":""}={"startingGridPosition":13,"endGridPositon":104,"solutionPosition":11,"pathTag":1,"direction":1,"solutions":""}={"startingGridPosition":104,"endGridPositon":124,"solutionPosition":12,"pathTag":1,"direction":1,"solutions":""}={"startingGridPosition":124,"endGridPositon":61,"solutionPosition":13,"pathTag":1,"direction":1,"solutions":""}={"startingGridPosition":61,"endGridPositon":104,"solutionPosition":14,"pathTag":1,"direction":1,"solutions":""}