{"startingGridPosition":37,"endGridPositon":77,"solutionPosition":1,"pathTag":1,"direction":1,"solutions":""}={"startingGridPosition":77,"endGridPositon":97,"solutionPosition":2,"pathTag":1,"direction":1,"solutions":""}={"startingGridPosition":97,"endGridPositon":124,"solutionPosition":3,"pathTag":1,"direction":1,"solutions":""}={"startingGridPosition":124,"endGridPositon":91,"solutionPosition":4,"pathTag":1,"direction":1,"solutions":""}={"startingGridPosition":91,"endGridPositon":71,"solutionPosition":5,"pathTag":1,"direction":1,"solutions":""}={"startingGridPosition":71,"endGridPositon":104,"solutionPosition":6,"pathTag":1,"direction":1,"solutions":""}={"startingGridPosition":104,"endGridPositon":77,"solutionPosition":7,"pathTag":1,"direction":1,"solutions":""}={"startingGridPosition":77,"endGridPositon":44,"solutionPosition":8,"pathTag":1,"direction":1,"solutions":""}={"startingGridPosition":44,"endGridPositon":71,"solutionPosition":9,"pathTag":1,"direction":1,"solutions":""}={"startingGridPosition":71,"endGridPositon":31,"solutionPosition":10,"pathTag":1,"direction":1,"solutions":""}={"startingGridPosition":31,"endGridPositon":74,"solutionPosition":11,"pathTag":1,"direction":1,"solutions":""}={"startingGridPosition":74,"endGridPositon":37,"solutionPosition":12,"pathTag":1,"direction":1,"solutions":""}={"startingGridPosition":37,"endGridPositon":14,"solutionPosition":13,"pathTag":1,"direction":1,"solutions":""}={"startingGridPosition":14,"endGridPositon":31,"solutionPosition":14,"pathTag":1,"direction":1,"solutions":""}