{"startingGridPosition":41,"endGridPositon":102,"solutionPosition":1,"pathTag":1,"direction":1,"solutions":""}={"startingGridPosition":102,"endGridPositon":94,"solutionPosition":2,"pathTag":1,"direction":1,"solutions":""}={"startingGridPosition":94,"endGridPositon":106,"solutionPosition":3,"pathTag":1,"direction":1,"solutions":""}={"startingGridPosition":106,"endGridPositon":85,"solutionPosition":4,"pathTag":1,"direction":1,"solutions":""}={"startingGridPosition":85,"endGridPositon":47,"solutionPosition":5,"pathTag":1,"direction":1,"solutions":""}={"startingGridPosition":47,"endGridPositon":106,"solutionPosition":6,"pathTag":1,"direction":1,"solutions":""}={"startingGridPosition":106,"endGridPositon":127,"solutionPosition":7,"pathTag":1,"direction":1,"solutions":""}={"startingGridPosition":127,"endGridPositon":114,"solutionPosition":8,"pathTag":1,"direction":1,"solutions":""}={"startingGridPosition":114,"endGridPositon":121,"solutionPosition":9,"pathTag":1,"direction":1,"solutions":""}={"startingGridPosition":121,"endGridPositon":102,"solutionPosition":10,"pathTag":1,"direction":1,"solutions":""}={"startingGridPosition":102,"endGridPositon":83,"solutionPosition":11,"pathTag":1,"direction":1,"solutions":""}={"startingGridPosition":83,"endGridPositon":41,"solutionPosition":12,"pathTag":1,"direction":1,"solutions":""}={"startingGridPosition":41,"endGridPositon":12,"solutionPosition":13,"pathTag":1,"direction":1,"solutions":""}={"startingGridPosition":12,"endGridPositon":94,"solutionPosition":14,"pathTag":1,"direction":1,"solutions":""}={"startingGridPosition":94,"endGridPositon":16,"solutionPosition":15,"pathTag":1,"direction":1,"solutions":""}={"startingGridPosition":16,"endGridPositon":47,"solutionPosition":16,"pathTag":1,"direction":1,"solutions":""}