{"startingGridPosition":52,"endGridPositon":11,"solutionPosition":1,"pathTag":1,"direction":1,"solutions":""}={"startingGridPosition":11,"endGridPositon":44,"solutionPosition":2,"pathTag":1,"direction":1,"solutions":""}={"startingGridPosition":44,"endGridPositon":66,"solutionPosition":3,"pathTag":1,"direction":1,"solutions":""}={"startingGridPosition":66,"endGridPositon":116,"solutionPosition":4,"pathTag":1,"direction":1,"solutions":""}={"startingGridPosition":116,"endGridPositon":105,"solutionPosition":5,"pathTag":1,"direction":1,"solutions":""}={"startingGridPosition":105,"endGridPositon":94,"solutionPosition":6,"pathTag":1,"direction":1,"solutions":""}={"startingGridPosition":94,"endGridPositon":114,"solutionPosition":7,"pathTag":2,"direction":1,"solutions":"7_s,12_s"}={"startingGridPosition":114,"endGridPositon":105,"solutionPosition":8,"pathTag":1,"direction":1,"solutions":""}={"startingGridPosition":105,"endGridPositon":44,"solutionPosition":9,"pathTag":1,"direction":1,"solutions":""}={"startingGridPosition":44,"endGridPositon":103,"solutionPosition":10,"pathTag":1,"direction":1,"solutions":""}={"startingGridPosition":103,"endGridPositon":94,"solutionPosition":11,"pathTag":1,"direction":1,"solutions":""}={"startingGridPosition":114,"endGridPositon":103,"solutionPosition":13,"pathTag":1,"direction":1,"solutions":""}={"startingGridPosition":103,"endGridPositon":112,"solutionPosition":14,"pathTag":1,"direction":1,"solutions":""}={"startingGridPosition":112,"endGridPositon":52,"solutionPosition":15,"pathTag":1,"direction":1,"solutions":""}={"startingGridPosition":52,"endGridPositon":44,"solutionPosition":16,"pathTag":1,"direction":2,"solutions":""}={"startingGridPosition":44,"endGridPositon":17,"solutionPosition":17,"pathTag":1,"direction":1,"solutions":""}={"startingGridPosition":17,"endGridPositon":66,"solutionPosition":18,"pathTag":1,"direction":1,"solutions":""}