{"startingGridPosition":94,"endGridPositon":126,"solutionPosition":1,"pathTag":1,"direction":1,"solutions":""}={"startingGridPosition":126,"endGridPositon":64,"solutionPosition":2,"pathTag":1,"direction":1,"solutions":""}={"startingGridPosition":64,"endGridPositon":122,"solutionPosition":3,"pathTag":1,"direction":1,"solutions":""}={"startingGridPosition":122,"endGridPositon":94,"solutionPosition":4,"pathTag":1,"direction":1,"solutions":""}={"startingGridPosition":94,"endGridPositon":36,"solutionPosition":5,"pathTag":1,"direction":1,"solutions":""}={"startingGridPosition":36,"endGridPositon":64,"solutionPosition":6,"pathTag":1,"direction":1,"solutions":""}={"startingGridPosition":64,"endGridPositon":32,"solutionPosition":7,"pathTag":1,"direction":1,"solutions":""}={"startingGridPosition":32,"endGridPositon":94,"solutionPosition":8,"pathTag":1,"direction":1,"solutions":""}={"startingGridPosition":94,"endGridPositon":121,"solutionPosition":9,"pathTag":1,"direction":1,"solutions":""}={"startingGridPosition":121,"endGridPositon":14,"solutionPosition":10,"pathTag":1,"direction":1,"solutions":""}={"startingGridPosition":14,"endGridPositon":52,"solutionPosition":11,"pathTag":1,"direction":1,"solutions":""}={"startingGridPosition":52,"endGridPositon":124,"solutionPosition":12,"pathTag":1,"direction":1,"solutions":""}={"startingGridPosition":124,"endGridPositon":56,"solutionPosition":13,"pathTag":1,"direction":1,"solutions":""}={"startingGridPosition":56,"endGridPositon":14,"solutionPosition":14,"pathTag":1,"direction":1,"solutions":""}={"startingGridPosition":14,"endGridPositon":127,"solutionPosition":15,"pathTag":1,"direction":1,"solutions":""}={"startingGridPosition":127,"endGridPositon":94,"solutionPosition":16,"pathTag":1,"direction":1,"solutions":""}