{"startingGridPosition":54,"endGridPositon":126,"solutionPosition":1,"pathTag":1,"direction":1,"solutions":""}={"startingGridPosition":126,"endGridPositon":104,"solutionPosition":2,"pathTag":1,"direction":1,"solutions":""}={"startingGridPosition":104,"endGridPositon":16,"solutionPosition":3,"pathTag":1,"direction":1,"solutions":""}={"startingGridPosition":16,"endGridPositon":27,"solutionPosition":4,"pathTag":1,"direction":1,"solutions":""}={"startingGridPosition":27,"endGridPositon":46,"solutionPosition":5,"pathTag":1,"direction":1,"solutions":""}={"startingGridPosition":46,"endGridPositon":24,"solutionPosition":6,"pathTag":1,"direction":1,"solutions":""}={"startingGridPosition":24,"endGridPositon":41,"solutionPosition":7,"pathTag":1,"direction":1,"solutions":""}={"startingGridPosition":41,"endGridPositon":21,"solutionPosition":8,"pathTag":1,"direction":1,"solutions":""}={"startingGridPosition":21,"endGridPositon":12,"solutionPosition":9,"pathTag":1,"direction":1,"solutions":""}={"startingGridPosition":12,"endGridPositon":104,"solutionPosition":10,"pathTag":1,"direction":1,"solutions":""}={"startingGridPosition":104,"endGridPositon":122,"solutionPosition":11,"pathTag":1,"direction":1,"solutions":""}={"startingGridPosition":122,"endGridPositon":54,"solutionPosition":12,"pathTag":1,"direction":1,"solutions":""}={"startingGridPosition":54,"endGridPositon":72,"solutionPosition":13,"pathTag":1,"direction":1,"solutions":""}={"startingGridPosition":72,"endGridPositon":24,"solutionPosition":14,"pathTag":1,"direction":1,"solutions":""}={"startingGridPosition":24,"endGridPositon":76,"solutionPosition":15,"pathTag":1,"direction":1,"solutions":""}={"startingGridPosition":76,"endGridPositon":54,"solutionPosition":16,"pathTag":1,"direction":1,"solutions":""}