{"startingGridPosition":46,"endGridPositon":67,"solutionPosition":1,"pathTag":1,"direction":1,"solutions":""}={"startingGridPosition":67,"endGridPositon":116,"solutionPosition":2,"pathTag":1,"direction":1,"solutions":""}={"startingGridPosition":116,"endGridPositon":46,"solutionPosition":3,"pathTag":1,"direction":1,"solutions":""}={"startingGridPosition":46,"endGridPositon":84,"solutionPosition":4,"pathTag":1,"direction":1,"solutions":""}={"startingGridPosition":84,"endGridPositon":42,"solutionPosition":5,"pathTag":1,"direction":1,"solutions":""}={"startingGridPosition":42,"endGridPositon":61,"solutionPosition":6,"pathTag":1,"direction":1,"solutions":""}={"startingGridPosition":61,"endGridPositon":112,"solutionPosition":7,"pathTag":1,"direction":1,"solutions":""}={"startingGridPosition":112,"endGridPositon":116,"solutionPosition":8,"pathTag":1,"direction":1,"solutions":""}={"startingGridPosition":116,"endGridPositon":124,"solutionPosition":9,"pathTag":1,"direction":1,"solutions":""}={"startingGridPosition":124,"endGridPositon":17,"solutionPosition":10,"pathTag":1,"direction":1,"solutions":""}={"startingGridPosition":17,"endGridPositon":34,"solutionPosition":11,"pathTag":1,"direction":1,"solutions":""}={"startingGridPosition":34,"endGridPositon":11,"solutionPosition":12,"pathTag":1,"direction":1,"solutions":""}={"startingGridPosition":11,"endGridPositon":124,"solutionPosition":13,"pathTag":1,"direction":1,"solutions":""}={"startingGridPosition":124,"endGridPositon":112,"solutionPosition":14,"pathTag":1,"direction":1,"solutions":""}={"startingGridPosition":112,"endGridPositon":42,"solutionPosition":15,"pathTag":1,"direction":1,"solutions":""}