{"startingGridPosition":124,"endGridPositon":71,"solutionPosition":1,"pathTag":1,"direction":1,"solutions":""}={"startingGridPosition":71,"endGridPositon":21,"solutionPosition":2,"pathTag":1,"direction":1,"solutions":""}={"startingGridPosition":21,"endGridPositon":24,"solutionPosition":3,"pathTag":1,"direction":1,"solutions":""}={"startingGridPosition":24,"endGridPositon":71,"solutionPosition":4,"pathTag":1,"direction":1,"solutions":""}={"startingGridPosition":71,"endGridPositon":74,"solutionPosition":5,"pathTag":1,"direction":1,"solutions":""}={"startingGridPosition":74,"endGridPositon":24,"solutionPosition":6,"pathTag":1,"direction":1,"solutions":""}={"startingGridPosition":24,"endGridPositon":77,"solutionPosition":7,"pathTag":1,"direction":1,"solutions":""}={"startingGridPosition":77,"endGridPositon":27,"solutionPosition":8,"pathTag":1,"direction":1,"solutions":""}={"startingGridPosition":27,"endGridPositon":74,"solutionPosition":9,"pathTag":1,"direction":1,"solutions":""}={"startingGridPosition":74,"endGridPositon":121,"solutionPosition":10,"pathTag":1,"direction":1,"solutions":""}={"startingGridPosition":121,"endGridPositon":124,"solutionPosition":11,"pathTag":1,"direction":1,"solutions":""}={"startingGridPosition":124,"endGridPositon":127,"solutionPosition":12,"pathTag":1,"direction":1,"solutions":""}={"startingGridPosition":127,"endGridPositon":77,"solutionPosition":13,"pathTag":1,"direction":1,"solutions":""}={"startingGridPosition":77,"endGridPositon":74,"solutionPosition":14,"pathTag":1,"direction":1,"solutions":""}={"startingGridPosition":74,"endGridPositon":124,"solutionPosition":15,"pathTag":1,"direction":1,"solutions":""}={"startingGridPosition":124,"endGridPositon":77,"solutionPosition":16,"pathTag":1,"direction":1,"solutions":""}