{"startingGridPosition":45,"endGridPositon":15,"solutionPosition":1,"pathTag":1,"direction":1,"solutions":""}={"startingGridPosition":15,"endGridPositon":13,"solutionPosition":2,"pathTag":1,"direction":1,"solutions":""}={"startingGridPosition":13,"endGridPositon":43,"solutionPosition":3,"pathTag":1,"direction":1,"solutions":""}={"startingGridPosition":43,"endGridPositon":122,"solutionPosition":4,"pathTag":1,"direction":1,"solutions":""}={"startingGridPosition":122,"endGridPositon":114,"solutionPosition":5,"pathTag":1,"direction":1,"solutions":""}={"startingGridPosition":114,"endGridPositon":126,"solutionPosition":6,"pathTag":1,"direction":1,"solutions":""}={"startingGridPosition":126,"endGridPositon":122,"solutionPosition":7,"pathTag":1,"direction":1,"solutions":""}={"startingGridPosition":122,"endGridPositon":84,"solutionPosition":8,"pathTag":1,"direction":1,"solutions":""}={"startingGridPosition":84,"endGridPositon":126,"solutionPosition":9,"pathTag":1,"direction":1,"solutions":""}={"startingGridPosition":126,"endGridPositon":45,"solutionPosition":10,"pathTag":1,"direction":1,"solutions":""}={"startingGridPosition":45,"endGridPositon":27,"solutionPosition":11,"pathTag":1,"direction":1,"solutions":""}={"startingGridPosition":27,"endGridPositon":117,"solutionPosition":12,"pathTag":1,"direction":1,"solutions":""}={"startingGridPosition":117,"endGridPositon":84,"solutionPosition":13,"pathTag":1,"direction":1,"solutions":""}={"startingGridPosition":84,"endGridPositon":111,"solutionPosition":14,"pathTag":1,"direction":1,"solutions":""}={"startingGridPosition":111,"endGridPositon":21,"solutionPosition":15,"pathTag":1,"direction":1,"solutions":""}={"startingGridPosition":21,"endGridPositon":43,"solutionPosition":16,"pathTag":1,"direction":1,"solutions":""}