{"startingGridPosition":126,"endGridPositon":122,"solutionPosition":1,"pathTag":1,"direction":1,"solutions":""}={"startingGridPosition":122,"endGridPositon":31,"solutionPosition":2,"pathTag":1,"direction":1,"solutions":""}={"startingGridPosition":31,"endGridPositon":12,"solutionPosition":3,"pathTag":1,"direction":1,"solutions":""}={"startingGridPosition":12,"endGridPositon":24,"solutionPosition":4,"pathTag":1,"direction":1,"solutions":""}={"startingGridPosition":24,"endGridPositon":77,"solutionPosition":5,"pathTag":1,"direction":1,"solutions":""}={"startingGridPosition":77,"endGridPositon":64,"solutionPosition":6,"pathTag":1,"direction":1,"solutions":""}={"startingGridPosition":64,"endGridPositon":71,"solutionPosition":7,"pathTag":1,"direction":1,"solutions":""}={"startingGridPosition":71,"endGridPositon":24,"solutionPosition":8,"pathTag":1,"direction":1,"solutions":""}={"startingGridPosition":24,"endGridPositon":16,"solutionPosition":9,"pathTag":1,"direction":1,"solutions":""}={"startingGridPosition":16,"endGridPositon":37,"solutionPosition":10,"pathTag":1,"direction":1,"solutions":""}={"startingGridPosition":37,"endGridPositon":31,"solutionPosition":11,"pathTag":1,"direction":1,"solutions":""}={"startingGridPosition":31,"endGridPositon":44,"solutionPosition":12,"pathTag":1,"direction":1,"solutions":""}={"startingGridPosition":44,"endGridPositon":37,"solutionPosition":13,"pathTag":1,"direction":1,"solutions":""}={"startingGridPosition":37,"endGridPositon":126,"solutionPosition":14,"pathTag":1,"direction":1,"solutions":""}={"startingGridPosition":126,"endGridPositon":64,"solutionPosition":15,"pathTag":1,"direction":1,"solutions":""}={"startingGridPosition":64,"endGridPositon":122,"solutionPosition":16,"pathTag":1,"direction":1,"solutions":""}