{"startingGridPosition":24,"endGridPositon":12,"solutionPosition":1,"pathTag":1,"direction":1,"solutions":""}={"startingGridPosition":12,"endGridPositon":123,"solutionPosition":2,"pathTag":1,"direction":1,"solutions":""}={"startingGridPosition":123,"endGridPositon":125,"solutionPosition":3,"pathTag":1,"direction":1,"solutions":""}={"startingGridPosition":125,"endGridPositon":16,"solutionPosition":4,"pathTag":1,"direction":1,"solutions":""}={"startingGridPosition":16,"endGridPositon":24,"solutionPosition":5,"pathTag":1,"direction":1,"solutions":""}={"startingGridPosition":24,"endGridPositon":77,"solutionPosition":6,"pathTag":1,"direction":1,"solutions":""}={"startingGridPosition":77,"endGridPositon":44,"solutionPosition":7,"pathTag":1,"direction":1,"solutions":""}={"startingGridPosition":44,"endGridPositon":27,"solutionPosition":8,"pathTag":1,"direction":1,"solutions":""}={"startingGridPosition":27,"endGridPositon":116,"solutionPosition":9,"pathTag":1,"direction":1,"solutions":""}={"startingGridPosition":116,"endGridPositon":94,"solutionPosition":10,"pathTag":1,"direction":1,"solutions":""}={"startingGridPosition":94,"endGridPositon":112,"solutionPosition":11,"pathTag":1,"direction":1,"solutions":""}={"startingGridPosition":112,"endGridPositon":21,"solutionPosition":12,"pathTag":1,"direction":1,"solutions":""}={"startingGridPosition":21,"endGridPositon":44,"solutionPosition":13,"pathTag":1,"direction":1,"solutions":""}={"startingGridPosition":44,"endGridPositon":71,"solutionPosition":14,"pathTag":1,"direction":1,"solutions":""}={"startingGridPosition":71,"endGridPositon":24,"solutionPosition":15,"pathTag":1,"direction":1,"solutions":""}