{"startingGridPosition":74,"endGridPositon":124,"solutionPosition":1,"pathTag":1,"direction":1,"solutions":""}={"startingGridPosition":124,"endGridPositon":115,"solutionPosition":2,"pathTag":1,"direction":1,"solutions":""}={"startingGridPosition":115,"endGridPositon":107,"solutionPosition":3,"pathTag":1,"direction":1,"solutions":""}={"startingGridPosition":107,"endGridPositon":74,"solutionPosition":4,"pathTag":1,"direction":1,"solutions":""}={"startingGridPosition":74,"endGridPositon":101,"solutionPosition":5,"pathTag":1,"direction":1,"solutions":""}={"startingGridPosition":101,"endGridPositon":113,"solutionPosition":6,"pathTag":1,"direction":1,"solutions":""}={"startingGridPosition":113,"endGridPositon":122,"solutionPosition":7,"pathTag":1,"direction":1,"solutions":""}={"startingGridPosition":122,"endGridPositon":51,"solutionPosition":8,"pathTag":1,"direction":1,"solutions":""}={"startingGridPosition":51,"endGridPositon":74,"solutionPosition":9,"pathTag":1,"direction":1,"solutions":""}={"startingGridPosition":74,"endGridPositon":57,"solutionPosition":10,"pathTag":1,"direction":1,"solutions":""}={"startingGridPosition":57,"endGridPositon":126,"solutionPosition":11,"pathTag":1,"direction":1,"solutions":""}={"startingGridPosition":126,"endGridPositon":115,"solutionPosition":12,"pathTag":1,"direction":1,"solutions":""}={"startingGridPosition":115,"endGridPositon":14,"solutionPosition":13,"pathTag":1,"direction":1,"solutions":""}={"startingGridPosition":14,"endGridPositon":113,"solutionPosition":14,"pathTag":1,"direction":1,"solutions":""}={"startingGridPosition":113,"endGridPositon":124,"solutionPosition":15,"pathTag":1,"direction":1,"solutions":""}