{"startingGridPosition":14,"endGridPositon":17,"solutionPosition":1,"pathTag":1,"direction":1,"solutions":""}={"startingGridPosition":17,"endGridPositon":37,"solutionPosition":2,"pathTag":1,"direction":1,"solutions":""}={"startingGridPosition":37,"endGridPositon":31,"solutionPosition":3,"pathTag":1,"direction":2,"solutions":""}={"startingGridPosition":31,"endGridPositon":11,"solutionPosition":4,"pathTag":1,"direction":1,"solutions":""}={"startingGridPosition":11,"endGridPositon":14,"solutionPosition":5,"pathTag":1,"direction":1,"solutions":""}={"startingGridPosition":14,"endGridPositon":127,"solutionPosition":6,"pathTag":1,"direction":1,"solutions":""}={"startingGridPosition":127,"endGridPositon":54,"solutionPosition":7,"pathTag":1,"direction":1,"solutions":""}={"startingGridPosition":54,"endGridPositon":87,"solutionPosition":8,"pathTag":1,"direction":1,"solutions":""}={"startingGridPosition":87,"endGridPositon":115,"solutionPosition":9,"pathTag":1,"direction":1,"solutions":""}={"startingGridPosition":115,"endGridPositon":113,"solutionPosition":10,"pathTag":2,"direction":1,"solutions":"10_s,13_s"}={"startingGridPosition":113,"endGridPositon":94,"solutionPosition":11,"pathTag":1,"direction":1,"solutions":""}={"startingGridPosition":94,"endGridPositon":115,"solutionPosition":12,"pathTag":1,"direction":1,"solutions":""}={"startingGridPosition":113,"endGridPositon":81,"solutionPosition":14,"pathTag":1,"direction":1,"solutions":""}={"startingGridPosition":81,"endGridPositon":54,"solutionPosition":15,"pathTag":1,"direction":1,"solutions":""}={"startingGridPosition":54,"endGridPositon":111,"solutionPosition":16,"pathTag":1,"direction":1,"solutions":""}={"startingGridPosition":111,"endGridPositon":14,"solutionPosition":17,"pathTag":1,"direction":1,"solutions":""}