{"startingGridPosition":65,"endGridPositon":87,"solutionPosition":1,"pathTag":1,"direction":1,"solutions":""}={"startingGridPosition":87,"endGridPositon":115,"solutionPosition":2,"pathTag":1,"direction":1,"solutions":""}={"startingGridPosition":115,"endGridPositon":113,"solutionPosition":3,"pathTag":1,"direction":1,"solutions":""}={"startingGridPosition":113,"endGridPositon":124,"solutionPosition":4,"pathTag":1,"direction":1,"solutions":""}={"startingGridPosition":124,"endGridPositon":115,"solutionPosition":5,"pathTag":1,"direction":1,"solutions":""}={"startingGridPosition":115,"endGridPositon":65,"solutionPosition":6,"pathTag":1,"direction":1,"solutions":""}={"startingGridPosition":65,"endGridPositon":47,"solutionPosition":7,"pathTag":1,"direction":1,"solutions":""}={"startingGridPosition":47,"endGridPositon":14,"solutionPosition":8,"pathTag":1,"direction":1,"solutions":""}={"startingGridPosition":14,"endGridPositon":41,"solutionPosition":9,"pathTag":1,"direction":1,"solutions":""}={"startingGridPosition":41,"endGridPositon":63,"solutionPosition":10,"pathTag":1,"direction":1,"solutions":""}={"startingGridPosition":63,"endGridPositon":113,"solutionPosition":11,"pathTag":1,"direction":1,"solutions":""}={"startingGridPosition":113,"endGridPositon":81,"solutionPosition":12,"pathTag":1,"direction":1,"solutions":""}={"startingGridPosition":81,"endGridPositon":63,"solutionPosition":13,"pathTag":1,"direction":1,"solutions":""}={"startingGridPosition":63,"endGridPositon":54,"solutionPosition":14,"pathTag":1,"direction":1,"solutions":""}={"startingGridPosition":54,"endGridPositon":65,"solutionPosition":15,"pathTag":1,"direction":1,"solutions":""}