{"startingGridPosition":85,"endGridPositon":65,"solutionPosition":1,"pathTag":1,"direction":1,"solutions":""}={"startingGridPosition":65,"endGridPositon":123,"solutionPosition":2,"pathTag":1,"direction":1,"solutions":""}={"startingGridPosition":123,"endGridPositon":125,"solutionPosition":3,"pathTag":1,"direction":1,"solutions":""}={"startingGridPosition":125,"endGridPositon":85,"solutionPosition":4,"pathTag":1,"direction":1,"solutions":""}={"startingGridPosition":85,"endGridPositon":107,"solutionPosition":5,"pathTag":1,"direction":1,"solutions":""}={"startingGridPosition":107,"endGridPositon":127,"solutionPosition":6,"pathTag":1,"direction":1,"solutions":""}={"startingGridPosition":127,"endGridPositon":125,"solutionPosition":7,"pathTag":1,"direction":1,"solutions":""}={"startingGridPosition":125,"endGridPositon":63,"solutionPosition":8,"pathTag":1,"direction":1,"solutions":""}={"startingGridPosition":63,"endGridPositon":65,"solutionPosition":9,"pathTag":1,"direction":1,"solutions":""}={"startingGridPosition":65,"endGridPositon":14,"solutionPosition":10,"pathTag":1,"direction":1,"solutions":""}={"startingGridPosition":14,"endGridPositon":63,"solutionPosition":11,"pathTag":1,"direction":1,"solutions":""}={"startingGridPosition":63,"endGridPositon":83,"solutionPosition":12,"pathTag":1,"direction":1,"solutions":""}={"startingGridPosition":83,"endGridPositon":123,"solutionPosition":13,"pathTag":1,"direction":1,"solutions":""}={"startingGridPosition":123,"endGridPositon":121,"solutionPosition":14,"pathTag":1,"direction":1,"solutions":""}={"startingGridPosition":121,"endGridPositon":101,"solutionPosition":15,"pathTag":1,"direction":1,"solutions":""}={"startingGridPosition":101,"endGridPositon":83,"solutionPosition":16,"pathTag":1,"direction":1,"solutions":""}