{"startingGridPosition":106,"endGridPositon":126,"solutionPosition":1,"pathTag":1,"direction":1,"solutions":""}={"startingGridPosition":126,"endGridPositon":122,"solutionPosition":2,"pathTag":1,"direction":1,"solutions":""}={"startingGridPosition":122,"endGridPositon":102,"solutionPosition":3,"pathTag":1,"direction":1,"solutions":""}={"startingGridPosition":102,"endGridPositon":114,"solutionPosition":4,"pathTag":1,"direction":1,"solutions":""}={"startingGridPosition":114,"endGridPositon":31,"solutionPosition":5,"pathTag":1,"direction":1,"solutions":""}={"startingGridPosition":31,"endGridPositon":84,"solutionPosition":6,"pathTag":1,"direction":1,"solutions":""}={"startingGridPosition":84,"endGridPositon":37,"solutionPosition":7,"pathTag":1,"direction":1,"solutions":""}={"startingGridPosition":37,"endGridPositon":114,"solutionPosition":8,"pathTag":1,"direction":1,"solutions":""}={"startingGridPosition":114,"endGridPositon":106,"solutionPosition":9,"pathTag":1,"direction":1,"solutions":""}={"startingGridPosition":106,"endGridPositon":87,"solutionPosition":10,"pathTag":1,"direction":1,"solutions":""}={"startingGridPosition":87,"endGridPositon":45,"solutionPosition":11,"pathTag":1,"direction":1,"solutions":""}={"startingGridPosition":45,"endGridPositon":14,"solutionPosition":12,"pathTag":1,"direction":1,"solutions":""}={"startingGridPosition":14,"endGridPositon":43,"solutionPosition":13,"pathTag":1,"direction":1,"solutions":""}={"startingGridPosition":43,"endGridPositon":81,"solutionPosition":14,"pathTag":1,"direction":1,"solutions":""}={"startingGridPosition":81,"endGridPositon":102,"solutionPosition":15,"pathTag":1,"direction":1,"solutions":""}