{"startingGridPosition":97,"endGridPositon":65,"solutionPosition":1,"pathTag":1,"direction":1,"solutions":""}={"startingGridPosition":65,"endGridPositon":94,"solutionPosition":2,"pathTag":1,"direction":1,"solutions":""}={"startingGridPosition":94,"endGridPositon":105,"solutionPosition":3,"pathTag":1,"direction":1,"solutions":""}={"startingGridPosition":105,"endGridPositon":124,"solutionPosition":4,"pathTag":1,"direction":1,"solutions":""}={"startingGridPosition":124,"endGridPositon":103,"solutionPosition":5,"pathTag":1,"direction":1,"solutions":""}={"startingGridPosition":103,"endGridPositon":94,"solutionPosition":6,"pathTag":1,"direction":1,"solutions":""}={"startingGridPosition":94,"endGridPositon":63,"solutionPosition":7,"pathTag":1,"direction":1,"solutions":""}={"startingGridPosition":63,"endGridPositon":91,"solutionPosition":8,"pathTag":1,"direction":1,"solutions":""}={"startingGridPosition":91,"endGridPositon":41,"solutionPosition":9,"pathTag":1,"direction":1,"solutions":""}={"startingGridPosition":41,"endGridPositon":32,"solutionPosition":10,"pathTag":1,"direction":1,"solutions":""}={"startingGridPosition":32,"endGridPositon":14,"solutionPosition":11,"pathTag":1,"direction":1,"solutions":""}={"startingGridPosition":14,"endGridPositon":36,"solutionPosition":12,"pathTag":1,"direction":1,"solutions":""}={"startingGridPosition":36,"endGridPositon":47,"solutionPosition":13,"pathTag":1,"direction":1,"solutions":""}={"startingGridPosition":47,"endGridPositon":97,"solutionPosition":14,"pathTag":1,"direction":1,"solutions":""}={"startingGridPosition":97,"endGridPositon":14,"solutionPosition":15,"pathTag":1,"direction":1,"solutions":""}={"startingGridPosition":14,"endGridPositon":91,"solutionPosition":16,"pathTag":1,"direction":1,"solutions":""}