{"startingGridPosition":125,"endGridPositon":81,"solutionPosition":1,"pathTag":2,"direction":1,"solutions":"1_s,12_s"}={"startingGridPosition":81,"endGridPositon":123,"solutionPosition":2,"pathTag":1,"direction":1,"solutions":""}={"startingGridPosition":123,"endGridPositon":77,"solutionPosition":3,"pathTag":1,"direction":1,"solutions":""}={"startingGridPosition":77,"endGridPositon":23,"solutionPosition":4,"pathTag":1,"direction":2,"solutions":""}={"startingGridPosition":23,"endGridPositon":74,"solutionPosition":5,"pathTag":1,"direction":1,"solutions":""}={"startingGridPosition":74,"endGridPositon":125,"solutionPosition":6,"pathTag":1,"direction":1,"solutions":""}={"startingGridPosition":125,"endGridPositon":123,"solutionPosition":7,"pathTag":1,"direction":1,"solutions":""}={"startingGridPosition":123,"endGridPositon":25,"solutionPosition":8,"pathTag":1,"direction":1,"solutions":""}={"startingGridPosition":25,"endGridPositon":77,"solutionPosition":9,"pathTag":1,"direction":1,"solutions":""}={"startingGridPosition":77,"endGridPositon":125,"solutionPosition":10,"pathTag":1,"direction":1,"solutions":""}={"startingGridPosition":81,"endGridPositon":25,"solutionPosition":11,"pathTag":1,"direction":1,"solutions":""}={"startingGridPosition":25,"endGridPositon":23,"solutionPosition":13,"pathTag":1,"direction":1,"solutions":""}={"startingGridPosition":23,"endGridPositon":81,"solutionPosition":14,"pathTag":1,"direction":1,"solutions":""}