{"startingGridPosition":86,"endGridPositon":105,"solutionPosition":1,"pathTag":1,"direction":1,"solutions":""}={"startingGridPosition":105,"endGridPositon":127,"solutionPosition":2,"pathTag":1,"direction":1,"solutions":""}={"startingGridPosition":127,"endGridPositon":86,"solutionPosition":3,"pathTag":1,"direction":1,"solutions":""}={"startingGridPosition":86,"endGridPositon":94,"solutionPosition":4,"pathTag":1,"direction":1,"solutions":""}={"startingGridPosition":94,"endGridPositon":16,"solutionPosition":5,"pathTag":1,"direction":1,"solutions":""}={"startingGridPosition":16,"endGridPositon":24,"solutionPosition":6,"pathTag":1,"direction":1,"solutions":""}={"startingGridPosition":24,"endGridPositon":12,"solutionPosition":7,"pathTag":1,"direction":1,"solutions":""}={"startingGridPosition":12,"endGridPositon":94,"solutionPosition":8,"pathTag":1,"direction":1,"solutions":""}={"startingGridPosition":94,"endGridPositon":82,"solutionPosition":9,"pathTag":1,"direction":1,"solutions":""}={"startingGridPosition":82,"endGridPositon":121,"solutionPosition":10,"pathTag":1,"direction":1,"solutions":""}={"startingGridPosition":121,"endGridPositon":113,"solutionPosition":11,"pathTag":1,"direction":1,"solutions":""}={"startingGridPosition":113,"endGridPositon":82,"solutionPosition":12,"pathTag":1,"direction":1,"solutions":""}={"startingGridPosition":82,"endGridPositon":51,"solutionPosition":13,"pathTag":1,"direction":1,"solutions":""}={"startingGridPosition":51,"endGridPositon":24,"solutionPosition":14,"pathTag":1,"direction":1,"solutions":""}={"startingGridPosition":24,"endGridPositon":57,"solutionPosition":15,"pathTag":1,"direction":1,"solutions":""}={"startingGridPosition":57,"endGridPositon":86,"solutionPosition":16,"pathTag":1,"direction":1,"solutions":""}