{"startingGridPosition":95,"endGridPositon":77,"solutionPosition":1,"pathTag":1,"direction":1,"solutions":""}={"startingGridPosition":77,"endGridPositon":124,"solutionPosition":2,"pathTag":1,"direction":1,"solutions":""}={"startingGridPosition":124,"endGridPositon":95,"solutionPosition":3,"pathTag":1,"direction":1,"solutions":""}={"startingGridPosition":95,"endGridPositon":27,"solutionPosition":4,"pathTag":1,"direction":1,"solutions":""}={"startingGridPosition":27,"endGridPositon":44,"solutionPosition":5,"pathTag":1,"direction":1,"solutions":""}={"startingGridPosition":44,"endGridPositon":55,"solutionPosition":6,"pathTag":1,"direction":1,"solutions":""}={"startingGridPosition":55,"endGridPositon":84,"solutionPosition":7,"pathTag":1,"direction":1,"solutions":""}={"startingGridPosition":84,"endGridPositon":124,"solutionPosition":8,"pathTag":2,"direction":1,"solutions":"8_s,9_o"}={"startingGridPosition":84,"endGridPositon":53,"solutionPosition":11,"pathTag":1,"direction":1,"solutions":""}={"startingGridPosition":53,"endGridPositon":44,"solutionPosition":12,"pathTag":1,"direction":1,"solutions":""}={"startingGridPosition":44,"endGridPositon":21,"solutionPosition":13,"pathTag":1,"direction":1,"solutions":""}={"startingGridPosition":21,"endGridPositon":93,"solutionPosition":14,"pathTag":1,"direction":1,"solutions":""}={"startingGridPosition":93,"endGridPositon":71,"solutionPosition":15,"pathTag":1,"direction":1,"solutions":""}={"startingGridPosition":71,"endGridPositon":124,"solutionPosition":16,"pathTag":1,"direction":2,"solutions":""}={"startingGridPosition":124,"endGridPositon":93,"solutionPosition":17,"pathTag":1,"direction":1,"solutions":""}