{"startingGridPosition":93,"endGridPositon":54,"solutionPosition":1,"pathTag":1,"direction":1,"solutions":""}={"startingGridPosition":54,"endGridPositon":41,"solutionPosition":2,"pathTag":1,"direction":1,"solutions":""}={"startingGridPosition":41,"endGridPositon":47,"solutionPosition":3,"pathTag":2,"direction":1,"solutions":"3_s,6_s"}={"startingGridPosition":47,"endGridPositon":24,"solutionPosition":4,"pathTag":1,"direction":2,"solutions":""}={"startingGridPosition":24,"endGridPositon":41,"solutionPosition":5,"pathTag":1,"direction":1,"solutions":""}={"startingGridPosition":47,"endGridPositon":54,"solutionPosition":7,"pathTag":1,"direction":1,"solutions":""}={"startingGridPosition":54,"endGridPositon":62,"solutionPosition":8,"pathTag":1,"direction":1,"solutions":""}={"startingGridPosition":62,"endGridPositon":93,"solutionPosition":9,"pathTag":1,"direction":1,"solutions":""}={"startingGridPosition":93,"endGridPositon":102,"solutionPosition":10,"pathTag":1,"direction":1,"solutions":""}={"startingGridPosition":102,"endGridPositon":114,"solutionPosition":11,"pathTag":1,"direction":2,"solutions":""}={"startingGridPosition":114,"endGridPositon":93,"solutionPosition":12,"pathTag":1,"direction":1,"solutions":""}={"startingGridPosition":93,"endGridPositon":84,"solutionPosition":13,"pathTag":1,"direction":1,"solutions":""}={"startingGridPosition":84,"endGridPositon":95,"solutionPosition":14,"pathTag":1,"direction":1,"solutions":""}={"startingGridPosition":95,"endGridPositon":54,"solutionPosition":15,"pathTag":1,"direction":1,"solutions":""}={"startingGridPosition":54,"endGridPositon":66,"solutionPosition":16,"pathTag":1,"direction":1,"solutions":""}={"startingGridPosition":66,"endGridPositon":95,"solutionPosition":17,"pathTag":1,"direction":1,"solutions":""}={"startingGridPosition":95,"endGridPositon":106,"solutionPosition":18,"pathTag":1,"direction":1,"solutions":""}={"startingGridPosition":106,"endGridPositon":114,"solutionPosition":19,"pathTag":1,"direction":1,"solutions":""}={"startingGridPosition":114,"endGridPositon":95,"solutionPosition":20,"pathTag":1,"direction":1,"solutions":""}