{"startingGridPosition":43,"endGridPositon":101,"solutionPosition":1,"pathTag":1,"direction":1,"solutions":""}={"startingGridPosition":101,"endGridPositon":103,"solutionPosition":2,"pathTag":1,"direction":1,"solutions":""}={"startingGridPosition":103,"endGridPositon":45,"solutionPosition":3,"pathTag":1,"direction":1,"solutions":""}={"startingGridPosition":45,"endGridPositon":43,"solutionPosition":4,"pathTag":1,"direction":1,"solutions":""}={"startingGridPosition":43,"endGridPositon":103,"solutionPosition":5,"pathTag":1,"direction":1,"solutions":""}={"startingGridPosition":103,"endGridPositon":41,"solutionPosition":6,"pathTag":1,"direction":1,"solutions":""}={"startingGridPosition":41,"endGridPositon":43,"solutionPosition":7,"pathTag":1,"direction":1,"solutions":""}={"startingGridPosition":43,"endGridPositon":105,"solutionPosition":8,"pathTag":1,"direction":1,"solutions":""}={"startingGridPosition":105,"endGridPositon":124,"solutionPosition":9,"pathTag":1,"direction":1,"solutions":""}={"startingGridPosition":124,"endGridPositon":103,"solutionPosition":10,"pathTag":1,"direction":1,"solutions":""}={"startingGridPosition":103,"endGridPositon":105,"solutionPosition":11,"pathTag":1,"direction":1,"solutions":""}={"startingGridPosition":105,"endGridPositon":107,"solutionPosition":12,"pathTag":1,"direction":1,"solutions":""}={"startingGridPosition":107,"endGridPositon":45,"solutionPosition":13,"pathTag":1,"direction":1,"solutions":""}={"startingGridPosition":45,"endGridPositon":47,"solutionPosition":14,"pathTag":1,"direction":1,"solutions":""}={"startingGridPosition":47,"endGridPositon":105,"solutionPosition":15,"pathTag":1,"direction":1,"solutions":""}={"startingGridPosition":105,"endGridPositon":45,"solutionPosition":16,"pathTag":1,"direction":1,"solutions":""}={"startingGridPosition":45,"endGridPositon":24,"solutionPosition":17,"pathTag":1,"direction":1,"solutions":""}={"startingGridPosition":24,"endGridPositon":43,"solutionPosition":18,"pathTag":1,"direction":1,"solutions":""}