{"startingGridPosition":42,"endGridPositon":34,"solutionPosition":1,"pathTag":1,"direction":1,"solutions":""}={"startingGridPosition":34,"endGridPositon":46,"solutionPosition":2,"pathTag":1,"direction":1,"solutions":""}={"startingGridPosition":46,"endGridPositon":57,"solutionPosition":3,"pathTag":1,"direction":1,"solutions":""}={"startingGridPosition":57,"endGridPositon":104,"solutionPosition":4,"pathTag":1,"direction":1,"solutions":""}={"startingGridPosition":104,"endGridPositon":115,"solutionPosition":5,"pathTag":1,"direction":1,"solutions":""}={"startingGridPosition":115,"endGridPositon":77,"solutionPosition":6,"pathTag":1,"direction":1,"solutions":""}={"startingGridPosition":77,"endGridPositon":54,"solutionPosition":7,"pathTag":1,"direction":1,"solutions":""}={"startingGridPosition":54,"endGridPositon":71,"solutionPosition":8,"pathTag":1,"direction":1,"solutions":""}={"startingGridPosition":71,"endGridPositon":113,"solutionPosition":9,"pathTag":1,"direction":1,"solutions":""}={"startingGridPosition":113,"endGridPositon":104,"solutionPosition":10,"pathTag":1,"direction":1,"solutions":""}={"startingGridPosition":104,"endGridPositon":51,"solutionPosition":11,"pathTag":1,"direction":1,"solutions":""}={"startingGridPosition":51,"endGridPositon":42,"solutionPosition":12,"pathTag":1,"direction":1,"solutions":""}={"startingGridPosition":42,"endGridPositon":31,"solutionPosition":13,"pathTag":1,"direction":1,"solutions":""}={"startingGridPosition":31,"endGridPositon":22,"solutionPosition":14,"pathTag":1,"direction":1,"solutions":""}={"startingGridPosition":22,"endGridPositon":54,"solutionPosition":15,"pathTag":1,"direction":1,"solutions":""}={"startingGridPosition":54,"endGridPositon":26,"solutionPosition":16,"pathTag":1,"direction":1,"solutions":""}={"startingGridPosition":26,"endGridPositon":37,"solutionPosition":17,"pathTag":1,"direction":1,"solutions":""}={"startingGridPosition":37,"endGridPositon":46,"solutionPosition":18,"pathTag":1,"direction":1,"solutions":""}