{"startingGridPosition":97,"endGridPositon":85,"solutionPosition":1,"pathTag":1,"direction":1,"solutions":""}={"startingGridPosition":85,"endGridPositon":64,"solutionPosition":2,"pathTag":1,"direction":1,"solutions":""}={"startingGridPosition":64,"endGridPositon":77,"solutionPosition":3,"pathTag":1,"direction":1,"solutions":""}={"startingGridPosition":77,"endGridPositon":85,"solutionPosition":4,"pathTag":1,"direction":1,"solutions":""}={"startingGridPosition":85,"endGridPositon":94,"solutionPosition":5,"pathTag":1,"direction":1,"solutions":""}={"startingGridPosition":94,"endGridPositon":83,"solutionPosition":6,"pathTag":1,"direction":1,"solutions":""}={"startingGridPosition":83,"endGridPositon":64,"solutionPosition":7,"pathTag":1,"direction":1,"solutions":""}={"startingGridPosition":64,"endGridPositon":71,"solutionPosition":8,"pathTag":1,"direction":1,"solutions":""}={"startingGridPosition":71,"endGridPositon":83,"solutionPosition":9,"pathTag":1,"direction":1,"solutions":""}={"startingGridPosition":83,"endGridPositon":91,"solutionPosition":10,"pathTag":1,"direction":1,"solutions":""}={"startingGridPosition":91,"endGridPositon":102,"solutionPosition":11,"pathTag":1,"direction":1,"solutions":""}={"startingGridPosition":102,"endGridPositon":114,"solutionPosition":12,"pathTag":1,"direction":1,"solutions":""}={"startingGridPosition":114,"endGridPositon":106,"solutionPosition":13,"pathTag":1,"direction":1,"solutions":""}={"startingGridPosition":106,"endGridPositon":97,"solutionPosition":14,"pathTag":1,"direction":1,"solutions":""}={"startingGridPosition":97,"endGridPositon":35,"solutionPosition":15,"pathTag":1,"direction":1,"solutions":""}={"startingGridPosition":35,"endGridPositon":24,"solutionPosition":16,"pathTag":1,"direction":1,"solutions":""}={"startingGridPosition":24,"endGridPositon":33,"solutionPosition":17,"pathTag":1,"direction":1,"solutions":""}={"startingGridPosition":33,"endGridPositon":91,"solutionPosition":18,"pathTag":1,"direction":1,"solutions":""}