{"startingGridPosition":105,"endGridPositon":116,"solutionPosition":1,"pathTag":1,"direction":1,"solutions":""}={"startingGridPosition":116,"endGridPositon":87,"solutionPosition":2,"pathTag":1,"direction":1,"solutions":""}={"startingGridPosition":87,"endGridPositon":44,"solutionPosition":3,"pathTag":1,"direction":1,"solutions":""}={"startingGridPosition":44,"endGridPositon":13,"solutionPosition":4,"pathTag":1,"direction":1,"solutions":""}={"startingGridPosition":13,"endGridPositon":24,"solutionPosition":5,"pathTag":1,"direction":1,"solutions":""}={"startingGridPosition":24,"endGridPositon":15,"solutionPosition":6,"pathTag":1,"direction":1,"solutions":""}={"startingGridPosition":15,"endGridPositon":44,"solutionPosition":7,"pathTag":1,"direction":1,"solutions":""}={"startingGridPosition":44,"endGridPositon":81,"solutionPosition":8,"pathTag":1,"direction":1,"solutions":""}={"startingGridPosition":81,"endGridPositon":112,"solutionPosition":9,"pathTag":1,"direction":1,"solutions":""}={"startingGridPosition":112,"endGridPositon":103,"solutionPosition":10,"pathTag":1,"direction":1,"solutions":""}={"startingGridPosition":103,"endGridPositon":42,"solutionPosition":11,"pathTag":1,"direction":1,"solutions":""}={"startingGridPosition":42,"endGridPositon":84,"solutionPosition":12,"pathTag":1,"direction":1,"solutions":""}={"startingGridPosition":84,"endGridPositon":46,"solutionPosition":13,"pathTag":1,"direction":1,"solutions":""}={"startingGridPosition":46,"endGridPositon":105,"solutionPosition":14,"pathTag":1,"direction":1,"solutions":""}={"startingGridPosition":105,"endGridPositon":124,"solutionPosition":15,"pathTag":1,"direction":1,"solutions":""}={"startingGridPosition":124,"endGridPositon":103,"solutionPosition":16,"pathTag":1,"direction":1,"solutions":""}={"startingGridPosition":103,"endGridPositon":84,"solutionPosition":17,"pathTag":1,"direction":1,"solutions":""}={"startingGridPosition":84,"endGridPositon":105,"solutionPosition":18,"pathTag":1,"direction":1,"solutions":""}