{"startingGridPosition":74,"endGridPositon":97,"solutionPosition":1,"pathTag":1,"direction":1,"solutions":""}={"startingGridPosition":97,"endGridPositon":114,"solutionPosition":2,"pathTag":1,"direction":1,"solutions":""}={"startingGridPosition":114,"endGridPositon":91,"solutionPosition":3,"pathTag":1,"direction":1,"solutions":""}={"startingGridPosition":91,"endGridPositon":74,"solutionPosition":4,"pathTag":1,"direction":1,"solutions":""}={"startingGridPosition":74,"endGridPositon":41,"solutionPosition":5,"pathTag":1,"direction":1,"solutions":""}={"startingGridPosition":41,"endGridPositon":93,"solutionPosition":6,"pathTag":1,"direction":1,"solutions":""}={"startingGridPosition":93,"endGridPositon":14,"solutionPosition":7,"pathTag":1,"direction":1,"solutions":""}={"startingGridPosition":14,"endGridPositon":95,"solutionPosition":8,"pathTag":1,"direction":1,"solutions":""}={"startingGridPosition":95,"endGridPositon":47,"solutionPosition":9,"pathTag":1,"direction":1,"solutions":""}={"startingGridPosition":47,"endGridPositon":74,"solutionPosition":10,"pathTag":1,"direction":1,"solutions":""}={"startingGridPosition":74,"endGridPositon":26,"solutionPosition":11,"pathTag":1,"direction":1,"solutions":""}={"startingGridPosition":26,"endGridPositon":95,"solutionPosition":12,"pathTag":1,"direction":1,"solutions":""}={"startingGridPosition":95,"endGridPositon":126,"solutionPosition":13,"pathTag":1,"direction":1,"solutions":""}={"startingGridPosition":126,"endGridPositon":114,"solutionPosition":14,"pathTag":1,"direction":1,"solutions":""}={"startingGridPosition":114,"endGridPositon":122,"solutionPosition":15,"pathTag":1,"direction":1,"solutions":""}={"startingGridPosition":122,"endGridPositon":93,"solutionPosition":16,"pathTag":1,"direction":1,"solutions":""}={"startingGridPosition":93,"endGridPositon":22,"solutionPosition":17,"pathTag":1,"direction":1,"solutions":""}={"startingGridPosition":22,"endGridPositon":74,"solutionPosition":18,"pathTag":1,"direction":1,"solutions":""}