{"startingGridPosition":113,"endGridPositon":91,"solutionPosition":1,"pathTag":1,"direction":1,"solutions":""}={"startingGridPosition":91,"endGridPositon":22,"solutionPosition":2,"pathTag":1,"direction":1,"solutions":""}={"startingGridPosition":22,"endGridPositon":11,"solutionPosition":3,"pathTag":1,"direction":1,"solutions":""}={"startingGridPosition":11,"endGridPositon":122,"solutionPosition":4,"pathTag":1,"direction":1,"solutions":""}={"startingGridPosition":122,"endGridPositon":43,"solutionPosition":5,"pathTag":1,"direction":1,"solutions":""}={"startingGridPosition":43,"endGridPositon":113,"solutionPosition":6,"pathTag":1,"direction":1,"solutions":""}={"startingGridPosition":113,"endGridPositon":124,"solutionPosition":7,"pathTag":1,"direction":1,"solutions":""}={"startingGridPosition":124,"endGridPositon":115,"solutionPosition":8,"pathTag":1,"direction":1,"solutions":""}={"startingGridPosition":115,"endGridPositon":45,"solutionPosition":9,"pathTag":1,"direction":1,"solutions":""}={"startingGridPosition":45,"endGridPositon":64,"solutionPosition":10,"pathTag":1,"direction":1,"solutions":""}={"startingGridPosition":64,"endGridPositon":43,"solutionPosition":11,"pathTag":1,"direction":1,"solutions":""}={"startingGridPosition":43,"endGridPositon":14,"solutionPosition":12,"pathTag":1,"direction":1,"solutions":""}={"startingGridPosition":14,"endGridPositon":45,"solutionPosition":13,"pathTag":1,"direction":1,"solutions":""}={"startingGridPosition":45,"endGridPositon":126,"solutionPosition":14,"pathTag":1,"direction":1,"solutions":""}={"startingGridPosition":126,"endGridPositon":17,"solutionPosition":15,"pathTag":1,"direction":1,"solutions":""}={"startingGridPosition":17,"endGridPositon":26,"solutionPosition":16,"pathTag":1,"direction":1,"solutions":""}={"startingGridPosition":26,"endGridPositon":97,"solutionPosition":17,"pathTag":1,"direction":1,"solutions":""}={"startingGridPosition":97,"endGridPositon":115,"solutionPosition":18,"pathTag":1,"direction":1,"solutions":""}