{"startingGridPosition":43,"endGridPositon":45,"solutionPosition":1,"pathTag":1,"direction":1,"solutions":""}={"startingGridPosition":45,"endGridPositon":26,"solutionPosition":2,"pathTag":1,"direction":1,"solutions":""}={"startingGridPosition":26,"endGridPositon":47,"solutionPosition":3,"pathTag":1,"direction":1,"solutions":""}={"startingGridPosition":47,"endGridPositon":45,"solutionPosition":4,"pathTag":1,"direction":1,"solutions":""}={"startingGridPosition":45,"endGridPositon":24,"solutionPosition":5,"pathTag":1,"direction":1,"solutions":""}={"startingGridPosition":24,"endGridPositon":43,"solutionPosition":6,"pathTag":1,"direction":1,"solutions":""}={"startingGridPosition":43,"endGridPositon":22,"solutionPosition":7,"pathTag":1,"direction":1,"solutions":""}={"startingGridPosition":22,"endGridPositon":41,"solutionPosition":8,"pathTag":1,"direction":1,"solutions":""}={"startingGridPosition":41,"endGridPositon":71,"solutionPosition":9,"pathTag":1,"direction":1,"solutions":""}={"startingGridPosition":71,"endGridPositon":77,"solutionPosition":10,"pathTag":1,"direction":1,"solutions":""}={"startingGridPosition":77,"endGridPositon":107,"solutionPosition":11,"pathTag":1,"direction":1,"solutions":""}={"startingGridPosition":107,"endGridPositon":101,"solutionPosition":12,"pathTag":1,"direction":1,"solutions":""}={"startingGridPosition":101,"endGridPositon":71,"solutionPosition":13,"pathTag":1,"direction":1,"solutions":""}={"startingGridPosition":71,"endGridPositon":47,"solutionPosition":14,"pathTag":1,"direction":1,"solutions":""}={"startingGridPosition":47,"endGridPositon":77,"solutionPosition":15,"pathTag":1,"direction":1,"solutions":""}={"startingGridPosition":77,"endGridPositon":41,"solutionPosition":16,"pathTag":1,"direction":1,"solutions":""}={"startingGridPosition":41,"endGridPositon":43,"solutionPosition":17,"pathTag":1,"direction":1,"solutions":""}