{"startingGridPosition":87,"endGridPositon":107,"solutionPosition":1,"pathTag":1,"direction":1,"solutions":""}={"startingGridPosition":107,"endGridPositon":101,"solutionPosition":2,"pathTag":1,"direction":1,"solutions":""}={"startingGridPosition":101,"endGridPositon":81,"solutionPosition":3,"pathTag":1,"direction":1,"solutions":""}={"startingGridPosition":81,"endGridPositon":14,"solutionPosition":4,"pathTag":1,"direction":1,"solutions":""}={"startingGridPosition":14,"endGridPositon":22,"solutionPosition":5,"pathTag":1,"direction":1,"solutions":""}={"startingGridPosition":22,"endGridPositon":74,"solutionPosition":6,"pathTag":1,"direction":1,"solutions":""}={"startingGridPosition":74,"endGridPositon":101,"solutionPosition":7,"pathTag":1,"direction":1,"solutions":""}={"startingGridPosition":101,"endGridPositon":34,"solutionPosition":8,"pathTag":1,"direction":1,"solutions":""}={"startingGridPosition":34,"endGridPositon":107,"solutionPosition":9,"pathTag":1,"direction":1,"solutions":""}={"startingGridPosition":107,"endGridPositon":74,"solutionPosition":10,"pathTag":1,"direction":1,"solutions":""}={"startingGridPosition":74,"endGridPositon":26,"solutionPosition":11,"pathTag":1,"direction":1,"solutions":""}={"startingGridPosition":26,"endGridPositon":14,"solutionPosition":12,"pathTag":1,"direction":1,"solutions":""}={"startingGridPosition":14,"endGridPositon":87,"solutionPosition":13,"pathTag":1,"direction":1,"solutions":""}={"startingGridPosition":87,"endGridPositon":94,"solutionPosition":14,"pathTag":1,"direction":1,"solutions":""}={"startingGridPosition":94,"endGridPositon":126,"solutionPosition":15,"pathTag":1,"direction":1,"solutions":""}={"startingGridPosition":126,"endGridPositon":122,"solutionPosition":16,"pathTag":1,"direction":1,"solutions":""}={"startingGridPosition":122,"endGridPositon":94,"solutionPosition":17,"pathTag":1,"direction":1,"solutions":""}={"startingGridPosition":94,"endGridPositon":81,"solutionPosition":18,"pathTag":1,"direction":1,"solutions":""}