{"startingGridPosition":34,"endGridPositon":31,"solutionPosition":1,"pathTag":1,"direction":1,"solutions":""}={"startingGridPosition":31,"endGridPositon":14,"solutionPosition":2,"pathTag":1,"direction":1,"solutions":""}={"startingGridPosition":14,"endGridPositon":37,"solutionPosition":3,"pathTag":1,"direction":1,"solutions":""}={"startingGridPosition":37,"endGridPositon":34,"solutionPosition":4,"pathTag":1,"direction":1,"solutions":""}={"startingGridPosition":34,"endGridPositon":55,"solutionPosition":5,"pathTag":1,"direction":1,"solutions":""}={"startingGridPosition":55,"endGridPositon":37,"solutionPosition":6,"pathTag":1,"direction":1,"solutions":""}={"startingGridPosition":37,"endGridPositon":97,"solutionPosition":7,"pathTag":1,"direction":1,"solutions":""}={"startingGridPosition":97,"endGridPositon":55,"solutionPosition":8,"pathTag":1,"direction":1,"solutions":""}={"startingGridPosition":55,"endGridPositon":94,"solutionPosition":9,"pathTag":1,"direction":1,"solutions":""}={"startingGridPosition":94,"endGridPositon":97,"solutionPosition":10,"pathTag":1,"direction":1,"solutions":""}={"startingGridPosition":97,"endGridPositon":114,"solutionPosition":11,"pathTag":1,"direction":1,"solutions":""}={"startingGridPosition":114,"endGridPositon":91,"solutionPosition":12,"pathTag":1,"direction":1,"solutions":""}={"startingGridPosition":91,"endGridPositon":94,"solutionPosition":13,"pathTag":1,"direction":1,"solutions":""}={"startingGridPosition":94,"endGridPositon":53,"solutionPosition":14,"pathTag":1,"direction":1,"solutions":""}={"startingGridPosition":53,"endGridPositon":91,"solutionPosition":15,"pathTag":1,"direction":1,"solutions":""}={"startingGridPosition":91,"endGridPositon":31,"solutionPosition":16,"pathTag":1,"direction":1,"solutions":""}={"startingGridPosition":31,"endGridPositon":53,"solutionPosition":17,"pathTag":1,"direction":1,"solutions":""}={"startingGridPosition":53,"endGridPositon":34,"solutionPosition":18,"pathTag":1,"direction":1,"solutions":""}