{"startingGridPosition":41,"endGridPositon":54,"solutionPosition":1,"pathTag":1,"direction":1,"solutions":""}={"startingGridPosition":54,"endGridPositon":63,"solutionPosition":2,"pathTag":1,"direction":1,"solutions":""}={"startingGridPosition":63,"endGridPositon":22,"solutionPosition":3,"pathTag":1,"direction":1,"solutions":""}={"startingGridPosition":22,"endGridPositon":14,"solutionPosition":4,"pathTag":1,"direction":1,"solutions":""}={"startingGridPosition":14,"endGridPositon":26,"solutionPosition":5,"pathTag":1,"direction":1,"solutions":""}={"startingGridPosition":26,"endGridPositon":65,"solutionPosition":6,"pathTag":1,"direction":1,"solutions":""}={"startingGridPosition":65,"endGridPositon":54,"solutionPosition":7,"pathTag":1,"direction":1,"solutions":""}={"startingGridPosition":54,"endGridPositon":47,"solutionPosition":8,"pathTag":1,"direction":1,"solutions":""}={"startingGridPosition":47,"endGridPositon":117,"solutionPosition":9,"pathTag":1,"direction":1,"solutions":""}={"startingGridPosition":117,"endGridPositon":96,"solutionPosition":10,"pathTag":1,"direction":1,"solutions":""}={"startingGridPosition":96,"endGridPositon":115,"solutionPosition":11,"pathTag":1,"direction":1,"solutions":""}={"startingGridPosition":115,"endGridPositon":94,"solutionPosition":12,"pathTag":1,"direction":1,"solutions":""}={"startingGridPosition":94,"endGridPositon":113,"solutionPosition":13,"pathTag":1,"direction":1,"solutions":""}={"startingGridPosition":113,"endGridPositon":92,"solutionPosition":14,"pathTag":1,"direction":1,"solutions":""}={"startingGridPosition":92,"endGridPositon":111,"solutionPosition":15,"pathTag":1,"direction":1,"solutions":""}={"startingGridPosition":111,"endGridPositon":41,"solutionPosition":16,"pathTag":1,"direction":1,"solutions":""}={"startingGridPosition":41,"endGridPositon":94,"solutionPosition":17,"pathTag":1,"direction":1,"solutions":""}={"startingGridPosition":94,"endGridPositon":47,"solutionPosition":18,"pathTag":1,"direction":1,"solutions":""}