{"startingGridPosition":16,"endGridPositon":75,"solutionPosition":1,"pathTag":1,"direction":1,"solutions":""}={"startingGridPosition":75,"endGridPositon":24,"solutionPosition":2,"pathTag":1,"direction":1,"solutions":""}={"startingGridPosition":24,"endGridPositon":73,"solutionPosition":3,"pathTag":1,"direction":1,"solutions":""}={"startingGridPosition":73,"endGridPositon":12,"solutionPosition":4,"pathTag":1,"direction":1,"solutions":""}={"startingGridPosition":12,"endGridPositon":31,"solutionPosition":5,"pathTag":1,"direction":1,"solutions":""}={"startingGridPosition":31,"endGridPositon":102,"solutionPosition":6,"pathTag":1,"direction":1,"solutions":""}={"startingGridPosition":102,"endGridPositon":114,"solutionPosition":7,"pathTag":1,"direction":1,"solutions":""}={"startingGridPosition":114,"endGridPositon":106,"solutionPosition":8,"pathTag":1,"direction":1,"solutions":""}={"startingGridPosition":106,"endGridPositon":37,"solutionPosition":9,"pathTag":1,"direction":1,"solutions":""}={"startingGridPosition":37,"endGridPositon":54,"solutionPosition":10,"pathTag":1,"direction":1,"solutions":""}={"startingGridPosition":54,"endGridPositon":31,"solutionPosition":11,"pathTag":1,"direction":1,"solutions":""}={"startingGridPosition":31,"endGridPositon":73,"solutionPosition":12,"pathTag":1,"direction":1,"solutions":""}={"startingGridPosition":73,"endGridPositon":114,"solutionPosition":13,"pathTag":1,"direction":1,"solutions":""}={"startingGridPosition":114,"endGridPositon":75,"solutionPosition":14,"pathTag":1,"direction":1,"solutions":""}={"startingGridPosition":75,"endGridPositon":37,"solutionPosition":15,"pathTag":1,"direction":1,"solutions":""}={"startingGridPosition":37,"endGridPositon":16,"solutionPosition":16,"pathTag":1,"direction":1,"solutions":""}={"startingGridPosition":16,"endGridPositon":24,"solutionPosition":17,"pathTag":1,"direction":1,"solutions":""}={"startingGridPosition":24,"endGridPositon":12,"solutionPosition":18,"pathTag":1,"direction":1,"solutions":""}