{"startingGridPosition":32,"endGridPositon":24,"solutionPosition":1,"pathTag":1,"direction":1,"solutions":""}={"startingGridPosition":24,"endGridPositon":36,"solutionPosition":2,"pathTag":1,"direction":1,"solutions":""}={"startingGridPosition":36,"endGridPositon":57,"solutionPosition":3,"pathTag":1,"direction":1,"solutions":""}={"startingGridPosition":57,"endGridPositon":55,"solutionPosition":4,"pathTag":1,"direction":1,"solutions":""}={"startingGridPosition":55,"endGridPositon":24,"solutionPosition":5,"pathTag":1,"direction":1,"solutions":""}={"startingGridPosition":24,"endGridPositon":53,"solutionPosition":6,"pathTag":1,"direction":1,"solutions":""}={"startingGridPosition":53,"endGridPositon":51,"solutionPosition":7,"pathTag":1,"direction":1,"solutions":""}={"startingGridPosition":51,"endGridPositon":32,"solutionPosition":8,"pathTag":1,"direction":1,"solutions":""}={"startingGridPosition":32,"endGridPositon":111,"solutionPosition":9,"pathTag":1,"direction":1,"solutions":""}={"startingGridPosition":111,"endGridPositon":104,"solutionPosition":10,"pathTag":1,"direction":1,"solutions":""}={"startingGridPosition":104,"endGridPositon":82,"solutionPosition":11,"pathTag":1,"direction":1,"solutions":""}={"startingGridPosition":82,"endGridPositon":53,"solutionPosition":12,"pathTag":1,"direction":1,"solutions":""}={"startingGridPosition":53,"endGridPositon":104,"solutionPosition":13,"pathTag":1,"direction":1,"solutions":""}={"startingGridPosition":104,"endGridPositon":86,"solutionPosition":14,"pathTag":1,"direction":1,"solutions":""}={"startingGridPosition":86,"endGridPositon":55,"solutionPosition":15,"pathTag":1,"direction":1,"solutions":""}={"startingGridPosition":55,"endGridPositon":104,"solutionPosition":16,"pathTag":1,"direction":1,"solutions":""}={"startingGridPosition":104,"endGridPositon":117,"solutionPosition":17,"pathTag":1,"direction":1,"solutions":""}={"startingGridPosition":117,"endGridPositon":36,"solutionPosition":18,"pathTag":1,"direction":1,"solutions":""}