{"startingGridPosition":35,"endGridPositon":87,"solutionPosition":1,"pathTag":1,"direction":1,"solutions":""}={"startingGridPosition":87,"endGridPositon":125,"solutionPosition":2,"pathTag":1,"direction":1,"solutions":""}={"startingGridPosition":125,"endGridPositon":104,"solutionPosition":3,"pathTag":1,"direction":1,"solutions":""}={"startingGridPosition":104,"endGridPositon":117,"solutionPosition":4,"pathTag":1,"direction":1,"solutions":""}={"startingGridPosition":117,"endGridPositon":44,"solutionPosition":5,"pathTag":1,"direction":1,"solutions":""}={"startingGridPosition":44,"endGridPositon":111,"solutionPosition":6,"pathTag":1,"direction":1,"solutions":""}={"startingGridPosition":111,"endGridPositon":104,"solutionPosition":7,"pathTag":1,"direction":1,"solutions":""}={"startingGridPosition":104,"endGridPositon":123,"solutionPosition":8,"pathTag":1,"direction":1,"solutions":""}={"startingGridPosition":123,"endGridPositon":81,"solutionPosition":9,"pathTag":1,"direction":1,"solutions":""}={"startingGridPosition":81,"endGridPositon":33,"solutionPosition":10,"pathTag":1,"direction":1,"solutions":""}={"startingGridPosition":33,"endGridPositon":21,"solutionPosition":11,"pathTag":1,"direction":1,"solutions":""}={"startingGridPosition":21,"endGridPositon":51,"solutionPosition":12,"pathTag":1,"direction":1,"solutions":""}={"startingGridPosition":51,"endGridPositon":104,"solutionPosition":13,"pathTag":1,"direction":1,"solutions":""}={"startingGridPosition":104,"endGridPositon":57,"solutionPosition":14,"pathTag":1,"direction":1,"solutions":""}={"startingGridPosition":57,"endGridPositon":27,"solutionPosition":15,"pathTag":1,"direction":1,"solutions":""}={"startingGridPosition":27,"endGridPositon":35,"solutionPosition":16,"pathTag":1,"direction":1,"solutions":""}={"startingGridPosition":35,"endGridPositon":14,"solutionPosition":17,"pathTag":1,"direction":1,"solutions":""}={"startingGridPosition":14,"endGridPositon":33,"solutionPosition":18,"pathTag":1,"direction":1,"solutions":""}