{"startingGridPosition":82,"endGridPositon":24,"solutionPosition":1,"pathTag":2,"direction":1,"solutions":"1_s,20_s"}={"startingGridPosition":24,"endGridPositon":86,"solutionPosition":2,"pathTag":1,"direction":1,"solutions":""}={"startingGridPosition":86,"endGridPositon":104,"solutionPosition":3,"pathTag":1,"direction":1,"solutions":""}={"startingGridPosition":104,"endGridPositon":16,"solutionPosition":4,"pathTag":1,"direction":1,"solutions":""}={"startingGridPosition":16,"endGridPositon":27,"solutionPosition":5,"pathTag":1,"direction":1,"solutions":""}={"startingGridPosition":27,"endGridPositon":56,"solutionPosition":6,"pathTag":1,"direction":1,"solutions":""}={"startingGridPosition":56,"endGridPositon":127,"solutionPosition":7,"pathTag":1,"direction":1,"solutions":""}={"startingGridPosition":127,"endGridPositon":121,"solutionPosition":8,"pathTag":2,"direction":1,"solutions":"8_s,11_s"}={"startingGridPosition":121,"endGridPositon":74,"solutionPosition":9,"pathTag":1,"direction":1,"solutions":""}={"startingGridPosition":74,"endGridPositon":127,"solutionPosition":10,"pathTag":1,"direction":1,"solutions":""}={"startingGridPosition":121,"endGridPositon":52,"solutionPosition":12,"pathTag":1,"direction":1,"solutions":""}={"startingGridPosition":52,"endGridPositon":21,"solutionPosition":13,"pathTag":1,"direction":1,"solutions":""}={"startingGridPosition":21,"endGridPositon":12,"solutionPosition":14,"pathTag":1,"direction":1,"solutions":""}={"startingGridPosition":12,"endGridPositon":16,"solutionPosition":15,"pathTag":1,"direction":2,"solutions":""}={"startingGridPosition":16,"endGridPositon":74,"solutionPosition":16,"pathTag":1,"direction":1,"solutions":""}={"startingGridPosition":74,"endGridPositon":12,"solutionPosition":17,"pathTag":1,"direction":1,"solutions":""}={"startingGridPosition":12,"endGridPositon":104,"solutionPosition":18,"pathTag":1,"direction":1,"solutions":""}={"startingGridPosition":104,"endGridPositon":82,"solutionPosition":19,"pathTag":1,"direction":1,"solutions":""}