{"startingGridPosition":51,"endGridPositon":31,"solutionPosition":1,"pathTag":1,"direction":1,"solutions":""}={"startingGridPosition":31,"endGridPositon":33,"solutionPosition":2,"pathTag":1,"direction":1,"solutions":""}={"startingGridPosition":33,"endGridPositon":53,"solutionPosition":3,"pathTag":1,"direction":1,"solutions":""}={"startingGridPosition":53,"endGridPositon":35,"solutionPosition":4,"pathTag":1,"direction":1,"solutions":""}={"startingGridPosition":35,"endGridPositon":57,"solutionPosition":5,"pathTag":1,"direction":1,"solutions":""}={"startingGridPosition":57,"endGridPositon":117,"solutionPosition":6,"pathTag":1,"direction":1,"solutions":""}={"startingGridPosition":117,"endGridPositon":111,"solutionPosition":7,"pathTag":1,"direction":1,"solutions":""}={"startingGridPosition":111,"endGridPositon":51,"solutionPosition":8,"pathTag":1,"direction":2,"solutions":""}={"startingGridPosition":51,"endGridPositon":53,"solutionPosition":9,"pathTag":1,"direction":1,"solutions":""}={"startingGridPosition":53,"endGridPositon":55,"solutionPosition":10,"pathTag":1,"direction":1,"solutions":""}={"startingGridPosition":55,"endGridPositon":57,"solutionPosition":11,"pathTag":1,"direction":1,"solutions":""}={"startingGridPosition":57,"endGridPositon":37,"solutionPosition":12,"pathTag":1,"direction":1,"solutions":""}={"startingGridPosition":37,"endGridPositon":35,"solutionPosition":13,"pathTag":1,"direction":1,"solutions":""}={"startingGridPosition":35,"endGridPositon":33,"solutionPosition":14,"pathTag":1,"direction":1,"solutions":""}={"startingGridPosition":33,"endGridPositon":13,"solutionPosition":15,"pathTag":1,"direction":1,"solutions":""}={"startingGridPosition":13,"endGridPositon":15,"solutionPosition":16,"pathTag":1,"direction":1,"solutions":""}={"startingGridPosition":15,"endGridPositon":35,"solutionPosition":17,"pathTag":2,"direction":1,"solutions":"17_s,20_o"}={"startingGridPosition":35,"endGridPositon":55,"solutionPosition":18,"pathTag":2,"direction":1,"solutions":"18_s,19_o"}