{"startingGridPosition":115,"endGridPositon":126,"solutionPosition":1,"pathTag":1,"direction":1,"solutions":""}={"startingGridPosition":126,"endGridPositon":87,"solutionPosition":2,"pathTag":1,"direction":1,"solutions":""}={"startingGridPosition":87,"endGridPositon":47,"solutionPosition":3,"pathTag":1,"direction":1,"solutions":""}={"startingGridPosition":47,"endGridPositon":34,"solutionPosition":4,"pathTag":1,"direction":1,"solutions":""}={"startingGridPosition":34,"endGridPositon":41,"solutionPosition":5,"pathTag":1,"direction":1,"solutions":""}={"startingGridPosition":41,"endGridPositon":13,"solutionPosition":6,"pathTag":1,"direction":1,"solutions":""}={"startingGridPosition":13,"endGridPositon":34,"solutionPosition":7,"pathTag":1,"direction":1,"solutions":""}={"startingGridPosition":34,"endGridPositon":15,"solutionPosition":8,"pathTag":1,"direction":1,"solutions":""}={"startingGridPosition":15,"endGridPositon":47,"solutionPosition":9,"pathTag":1,"direction":1,"solutions":""}={"startingGridPosition":47,"endGridPositon":64,"solutionPosition":10,"pathTag":2,"direction":1,"solutions":"10_s,20_o"}={"startingGridPosition":64,"endGridPositon":41,"solutionPosition":11,"pathTag":1,"direction":2,"solutions":""}={"startingGridPosition":41,"endGridPositon":81,"solutionPosition":12,"pathTag":1,"direction":1,"solutions":""}={"startingGridPosition":81,"endGridPositon":122,"solutionPosition":13,"pathTag":1,"direction":1,"solutions":""}={"startingGridPosition":122,"endGridPositon":113,"solutionPosition":14,"pathTag":1,"direction":1,"solutions":""}={"startingGridPosition":113,"endGridPositon":64,"solutionPosition":15,"pathTag":2,"direction":1,"solutions":"15_s,19_s"}={"startingGridPosition":64,"endGridPositon":115,"solutionPosition":16,"pathTag":1,"direction":2,"solutions":""}={"startingGridPosition":115,"endGridPositon":124,"solutionPosition":17,"pathTag":1,"direction":1,"solutions":""}={"startingGridPosition":124,"endGridPositon":113,"solutionPosition":18,"pathTag":1,"direction":1,"solutions":""}