{"startingGridPosition":36,"endGridPositon":25,"solutionPosition":1,"pathTag":1,"direction":1,"solutions":""}={"startingGridPosition":25,"endGridPositon":14,"solutionPosition":2,"pathTag":1,"direction":1,"solutions":""}={"startingGridPosition":14,"endGridPositon":23,"solutionPosition":3,"pathTag":1,"direction":1,"solutions":""}={"startingGridPosition":23,"endGridPositon":25,"solutionPosition":4,"pathTag":1,"direction":1,"solutions":""}={"startingGridPosition":25,"endGridPositon":54,"solutionPosition":5,"pathTag":1,"direction":1,"solutions":""}={"startingGridPosition":54,"endGridPositon":23,"solutionPosition":6,"pathTag":1,"direction":1,"solutions":""}={"startingGridPosition":23,"endGridPositon":32,"solutionPosition":7,"pathTag":1,"direction":1,"solutions":""}={"startingGridPosition":32,"endGridPositon":41,"solutionPosition":8,"pathTag":1,"direction":1,"solutions":""}={"startingGridPosition":41,"endGridPositon":62,"solutionPosition":9,"pathTag":1,"direction":1,"solutions":""}={"startingGridPosition":62,"endGridPositon":111,"solutionPosition":10,"pathTag":1,"direction":1,"solutions":""}={"startingGridPosition":111,"endGridPositon":74,"solutionPosition":11,"pathTag":1,"direction":1,"solutions":""}={"startingGridPosition":74,"endGridPositon":117,"solutionPosition":12,"pathTag":1,"direction":1,"solutions":""}={"startingGridPosition":117,"endGridPositon":66,"solutionPosition":13,"pathTag":1,"direction":1,"solutions":""}={"startingGridPosition":66,"endGridPositon":47,"solutionPosition":14,"pathTag":1,"direction":1,"solutions":""}={"startingGridPosition":47,"endGridPositon":36,"solutionPosition":15,"pathTag":1,"direction":1,"solutions":""}={"startingGridPosition":36,"endGridPositon":74,"solutionPosition":16,"pathTag":1,"direction":1,"solutions":""}={"startingGridPosition":74,"endGridPositon":32,"solutionPosition":17,"pathTag":1,"direction":1,"solutions":""}