{"startingGridPosition":42,"endGridPositon":114,"solutionPosition":1,"pathTag":1,"direction":1,"solutions":""}={"startingGridPosition":114,"endGridPositon":46,"solutionPosition":2,"pathTag":1,"direction":1,"solutions":""}={"startingGridPosition":46,"endGridPositon":54,"solutionPosition":3,"pathTag":1,"direction":1,"solutions":""}={"startingGridPosition":54,"endGridPositon":22,"solutionPosition":4,"pathTag":1,"direction":1,"solutions":""}={"startingGridPosition":22,"endGridPositon":42,"solutionPosition":5,"pathTag":1,"direction":1,"solutions":""}={"startingGridPosition":42,"endGridPositon":54,"solutionPosition":6,"pathTag":1,"direction":1,"solutions":""}={"startingGridPosition":54,"endGridPositon":65,"solutionPosition":7,"pathTag":1,"direction":1,"solutions":""}={"startingGridPosition":65,"endGridPositon":97,"solutionPosition":8,"pathTag":1,"direction":1,"solutions":""}={"startingGridPosition":97,"endGridPositon":116,"solutionPosition":9,"pathTag":1,"direction":1,"solutions":""}={"startingGridPosition":116,"endGridPositon":65,"solutionPosition":10,"pathTag":1,"direction":1,"solutions":""}={"startingGridPosition":65,"endGridPositon":24,"solutionPosition":11,"pathTag":1,"direction":1,"solutions":""}={"startingGridPosition":24,"endGridPositon":63,"solutionPosition":12,"pathTag":1,"direction":1,"solutions":""}={"startingGridPosition":63,"endGridPositon":112,"solutionPosition":13,"pathTag":1,"direction":1,"solutions":""}={"startingGridPosition":112,"endGridPositon":91,"solutionPosition":14,"pathTag":1,"direction":1,"solutions":""}={"startingGridPosition":91,"endGridPositon":63,"solutionPosition":15,"pathTag":1,"direction":1,"solutions":""}={"startingGridPosition":63,"endGridPositon":54,"solutionPosition":16,"pathTag":1,"direction":1,"solutions":""}={"startingGridPosition":54,"endGridPositon":26,"solutionPosition":17,"pathTag":1,"direction":1,"solutions":""}={"startingGridPosition":26,"endGridPositon":46,"solutionPosition":18,"pathTag":1,"direction":1,"solutions":""}