{"startingGridPosition":65,"endGridPositon":124,"solutionPosition":1,"pathTag":1,"direction":1,"solutions":""}={"startingGridPosition":124,"endGridPositon":84,"solutionPosition":2,"pathTag":1,"direction":1,"solutions":""}={"startingGridPosition":84,"endGridPositon":23,"solutionPosition":3,"pathTag":1,"direction":1,"solutions":""}={"startingGridPosition":23,"endGridPositon":12,"solutionPosition":4,"pathTag":1,"direction":1,"solutions":""}={"startingGridPosition":12,"endGridPositon":111,"solutionPosition":5,"pathTag":1,"direction":1,"solutions":""}={"startingGridPosition":111,"endGridPositon":124,"solutionPosition":6,"pathTag":1,"direction":1,"solutions":""}={"startingGridPosition":124,"endGridPositon":63,"solutionPosition":7,"pathTag":2,"direction":1,"solutions":"7_s,14_s"}={"startingGridPosition":63,"endGridPositon":21,"solutionPosition":8,"pathTag":1,"direction":2,"solutions":""}={"startingGridPosition":21,"endGridPositon":34,"solutionPosition":9,"pathTag":1,"direction":1,"solutions":""}={"startingGridPosition":34,"endGridPositon":27,"solutionPosition":10,"pathTag":1,"direction":1,"solutions":""}={"startingGridPosition":27,"endGridPositon":65,"solutionPosition":11,"pathTag":1,"direction":1,"solutions":""}={"startingGridPosition":65,"endGridPositon":76,"solutionPosition":12,"pathTag":1,"direction":1,"solutions":""}={"startingGridPosition":76,"endGridPositon":124,"solutionPosition":13,"pathTag":1,"direction":1,"solutions":""}={"startingGridPosition":63,"endGridPositon":72,"solutionPosition":15,"pathTag":1,"direction":1,"solutions":""}={"startingGridPosition":72,"endGridPositon":124,"solutionPosition":16,"pathTag":1,"direction":2,"solutions":""}={"startingGridPosition":124,"endGridPositon":117,"solutionPosition":17,"pathTag":1,"direction":1,"solutions":""}={"startingGridPosition":117,"endGridPositon":16,"solutionPosition":18,"pathTag":1,"direction":1,"solutions":""}={"startingGridPosition":16,"endGridPositon":25,"solutionPosition":19,"pathTag":1,"direction":1,"solutions":""}={"startingGridPosition":25,"endGridPositon":84,"solutionPosition":20,"pathTag":1,"direction":1,"solutions":""}