{"startingGridPosition":46,"endGridPositon":27,"solutionPosition":1,"pathTag":1,"direction":1,"solutions":""}={"startingGridPosition":27,"endGridPositon":77,"solutionPosition":2,"pathTag":1,"direction":1,"solutions":""}={"startingGridPosition":77,"endGridPositon":46,"solutionPosition":3,"pathTag":1,"direction":1,"solutions":""}={"startingGridPosition":46,"endGridPositon":125,"solutionPosition":4,"pathTag":1,"direction":1,"solutions":""}={"startingGridPosition":125,"endGridPositon":116,"solutionPosition":5,"pathTag":1,"direction":1,"solutions":""}={"startingGridPosition":116,"endGridPositon":64,"solutionPosition":6,"pathTag":1,"direction":1,"solutions":""}={"startingGridPosition":64,"endGridPositon":15,"solutionPosition":7,"pathTag":1,"direction":1,"solutions":""}={"startingGridPosition":15,"endGridPositon":104,"solutionPosition":8,"pathTag":1,"direction":1,"solutions":""}={"startingGridPosition":104,"endGridPositon":13,"solutionPosition":9,"pathTag":1,"direction":1,"solutions":""}={"startingGridPosition":13,"endGridPositon":64,"solutionPosition":10,"pathTag":1,"direction":1,"solutions":""}={"startingGridPosition":64,"endGridPositon":112,"solutionPosition":11,"pathTag":1,"direction":1,"solutions":""}={"startingGridPosition":112,"endGridPositon":123,"solutionPosition":12,"pathTag":1,"direction":1,"solutions":""}={"startingGridPosition":123,"endGridPositon":42,"solutionPosition":13,"pathTag":1,"direction":1,"solutions":""}={"startingGridPosition":42,"endGridPositon":21,"solutionPosition":14,"pathTag":1,"direction":1,"solutions":""}={"startingGridPosition":21,"endGridPositon":71,"solutionPosition":15,"pathTag":1,"direction":1,"solutions":""}={"startingGridPosition":71,"endGridPositon":42,"solutionPosition":16,"pathTag":1,"direction":1,"solutions":""}={"startingGridPosition":42,"endGridPositon":34,"solutionPosition":17,"pathTag":1,"direction":1,"solutions":""}={"startingGridPosition":34,"endGridPositon":46,"solutionPosition":18,"pathTag":1,"direction":1,"solutions":""}