{"startingGridPosition":56,"endGridPositon":115,"solutionPosition":1,"pathTag":1,"direction":1,"solutions":""}={"startingGridPosition":115,"endGridPositon":97,"solutionPosition":2,"pathTag":1,"direction":1,"solutions":""}={"startingGridPosition":97,"endGridPositon":84,"solutionPosition":3,"pathTag":1,"direction":1,"solutions":""}={"startingGridPosition":84,"endGridPositon":36,"solutionPosition":4,"pathTag":1,"direction":1,"solutions":""}={"startingGridPosition":36,"endGridPositon":14,"solutionPosition":5,"pathTag":1,"direction":1,"solutions":""}={"startingGridPosition":14,"endGridPositon":32,"solutionPosition":6,"pathTag":1,"direction":1,"solutions":""}={"startingGridPosition":32,"endGridPositon":84,"solutionPosition":7,"pathTag":1,"direction":1,"solutions":""}={"startingGridPosition":84,"endGridPositon":91,"solutionPosition":8,"pathTag":1,"direction":1,"solutions":""}={"startingGridPosition":91,"endGridPositon":113,"solutionPosition":9,"pathTag":1,"direction":1,"solutions":""}={"startingGridPosition":113,"endGridPositon":124,"solutionPosition":10,"pathTag":1,"direction":1,"solutions":""}={"startingGridPosition":124,"endGridPositon":115,"solutionPosition":11,"pathTag":1,"direction":1,"solutions":""}={"startingGridPosition":115,"endGridPositon":113,"solutionPosition":12,"pathTag":1,"direction":1,"solutions":""}={"startingGridPosition":113,"endGridPositon":52,"solutionPosition":13,"pathTag":1,"direction":1,"solutions":""}={"startingGridPosition":52,"endGridPositon":11,"solutionPosition":14,"pathTag":1,"direction":1,"solutions":""}={"startingGridPosition":11,"endGridPositon":34,"solutionPosition":15,"pathTag":1,"direction":1,"solutions":""}={"startingGridPosition":34,"endGridPositon":17,"solutionPosition":16,"pathTag":1,"direction":1,"solutions":""}={"startingGridPosition":17,"endGridPositon":56,"solutionPosition":17,"pathTag":1,"direction":1,"solutions":""}={"startingGridPosition":56,"endGridPositon":52,"solutionPosition":18,"pathTag":1,"direction":1,"solutions":""}