{"startingGridPosition":55,"endGridPositon":104,"solutionPosition":1,"pathTag":1,"direction":1,"solutions":""}={"startingGridPosition":104,"endGridPositon":112,"solutionPosition":2,"pathTag":1,"direction":1,"solutions":""}={"startingGridPosition":112,"endGridPositon":64,"solutionPosition":3,"pathTag":1,"direction":1,"solutions":""}={"startingGridPosition":64,"endGridPositon":116,"solutionPosition":4,"pathTag":1,"direction":1,"solutions":""}={"startingGridPosition":116,"endGridPositon":104,"solutionPosition":5,"pathTag":1,"direction":1,"solutions":""}={"startingGridPosition":104,"endGridPositon":53,"solutionPosition":6,"pathTag":1,"direction":1,"solutions":""}={"startingGridPosition":53,"endGridPositon":61,"solutionPosition":7,"pathTag":1,"direction":1,"solutions":""}={"startingGridPosition":61,"endGridPositon":91,"solutionPosition":8,"pathTag":1,"direction":1,"solutions":""}={"startingGridPosition":91,"endGridPositon":34,"solutionPosition":9,"pathTag":1,"direction":1,"solutions":""}={"startingGridPosition":34,"endGridPositon":21,"solutionPosition":10,"pathTag":1,"direction":1,"solutions":""}={"startingGridPosition":21,"endGridPositon":14,"solutionPosition":11,"pathTag":1,"direction":1,"solutions":""}={"startingGridPosition":14,"endGridPositon":27,"solutionPosition":12,"pathTag":1,"direction":1,"solutions":""}={"startingGridPosition":27,"endGridPositon":34,"solutionPosition":13,"pathTag":1,"direction":1,"solutions":""}={"startingGridPosition":34,"endGridPositon":55,"solutionPosition":14,"pathTag":1,"direction":1,"solutions":""}={"startingGridPosition":55,"endGridPositon":97,"solutionPosition":15,"pathTag":1,"direction":1,"solutions":""}={"startingGridPosition":97,"endGridPositon":67,"solutionPosition":16,"pathTag":1,"direction":1,"solutions":""}={"startingGridPosition":67,"endGridPositon":55,"solutionPosition":17,"pathTag":1,"direction":1,"solutions":""}