{"startingGridPosition":67,"endGridPositon":54,"solutionPosition":1,"pathTag":1,"direction":1,"solutions":""}={"startingGridPosition":54,"endGridPositon":96,"solutionPosition":2,"pathTag":1,"direction":1,"solutions":""}={"startingGridPosition":96,"endGridPositon":84,"solutionPosition":3,"pathTag":1,"direction":1,"solutions":""}={"startingGridPosition":84,"endGridPositon":92,"solutionPosition":4,"pathTag":1,"direction":1,"solutions":""}={"startingGridPosition":92,"endGridPositon":54,"solutionPosition":5,"pathTag":1,"direction":1,"solutions":""}={"startingGridPosition":54,"endGridPositon":35,"solutionPosition":6,"pathTag":1,"direction":1,"solutions":""}={"startingGridPosition":35,"endGridPositon":26,"solutionPosition":7,"pathTag":1,"direction":1,"solutions":""}={"startingGridPosition":26,"endGridPositon":37,"solutionPosition":8,"pathTag":1,"direction":1,"solutions":""}={"startingGridPosition":37,"endGridPositon":67,"solutionPosition":9,"pathTag":1,"direction":1,"solutions":""}={"startingGridPosition":67,"endGridPositon":116,"solutionPosition":10,"pathTag":1,"direction":1,"solutions":""}={"startingGridPosition":116,"endGridPositon":104,"solutionPosition":11,"pathTag":1,"direction":1,"solutions":""}={"startingGridPosition":104,"endGridPositon":112,"solutionPosition":12,"pathTag":1,"direction":1,"solutions":""}={"startingGridPosition":112,"endGridPositon":61,"solutionPosition":13,"pathTag":1,"direction":1,"solutions":""}={"startingGridPosition":61,"endGridPositon":54,"solutionPosition":14,"pathTag":1,"direction":1,"solutions":""}={"startingGridPosition":54,"endGridPositon":33,"solutionPosition":15,"pathTag":1,"direction":1,"solutions":""}={"startingGridPosition":33,"endGridPositon":22,"solutionPosition":16,"pathTag":1,"direction":1,"solutions":""}={"startingGridPosition":22,"endGridPositon":31,"solutionPosition":17,"pathTag":1,"direction":1,"solutions":""}={"startingGridPosition":31,"endGridPositon":61,"solutionPosition":18,"pathTag":1,"direction":1,"solutions":""}