{"startingGridPosition":71,"endGridPositon":101,"solutionPosition":1,"pathTag":1,"direction":1,"solutions":""}={"startingGridPosition":101,"endGridPositon":104,"solutionPosition":2,"pathTag":1,"direction":1,"solutions":""}={"startingGridPosition":104,"endGridPositon":107,"solutionPosition":3,"pathTag":1,"direction":1,"solutions":""}={"startingGridPosition":107,"endGridPositon":124,"solutionPosition":4,"pathTag":1,"direction":1,"solutions":""}={"startingGridPosition":124,"endGridPositon":101,"solutionPosition":5,"pathTag":1,"direction":1,"solutions":""}={"startingGridPosition":101,"endGridPositon":121,"solutionPosition":6,"pathTag":1,"direction":1,"solutions":""}={"startingGridPosition":121,"endGridPositon":124,"solutionPosition":7,"pathTag":1,"direction":1,"solutions":""}={"startingGridPosition":124,"endGridPositon":127,"solutionPosition":8,"pathTag":1,"direction":1,"solutions":""}={"startingGridPosition":127,"endGridPositon":107,"solutionPosition":9,"pathTag":1,"direction":1,"solutions":""}={"startingGridPosition":107,"endGridPositon":77,"solutionPosition":10,"pathTag":1,"direction":1,"solutions":""}={"startingGridPosition":77,"endGridPositon":104,"solutionPosition":11,"pathTag":1,"direction":1,"solutions":""}={"startingGridPosition":104,"endGridPositon":71,"solutionPosition":12,"pathTag":1,"direction":1,"solutions":""}={"startingGridPosition":71,"endGridPositon":31,"solutionPosition":13,"pathTag":1,"direction":1,"solutions":""}={"startingGridPosition":31,"endGridPositon":34,"solutionPosition":14,"pathTag":1,"direction":1,"solutions":""}={"startingGridPosition":34,"endGridPositon":37,"solutionPosition":15,"pathTag":1,"direction":1,"solutions":""}={"startingGridPosition":37,"endGridPositon":77,"solutionPosition":16,"pathTag":1,"direction":1,"solutions":""}={"startingGridPosition":77,"endGridPositon":34,"solutionPosition":17,"pathTag":1,"direction":1,"solutions":""}={"startingGridPosition":34,"endGridPositon":71,"solutionPosition":18,"pathTag":1,"direction":1,"solutions":""}