{"startingGridPosition":43,"endGridPositon":45,"solutionPosition":1,"pathTag":1,"direction":1,"solutions":""}={"startingGridPosition":45,"endGridPositon":14,"solutionPosition":2,"pathTag":1,"direction":1,"solutions":""}={"startingGridPosition":14,"endGridPositon":43,"solutionPosition":3,"pathTag":1,"direction":1,"solutions":""}={"startingGridPosition":43,"endGridPositon":74,"solutionPosition":4,"pathTag":1,"direction":1,"solutions":""}={"startingGridPosition":74,"endGridPositon":45,"solutionPosition":5,"pathTag":1,"direction":1,"solutions":""}={"startingGridPosition":45,"endGridPositon":76,"solutionPosition":6,"pathTag":1,"direction":1,"solutions":""}={"startingGridPosition":76,"endGridPositon":74,"solutionPosition":7,"pathTag":1,"direction":1,"solutions":""}={"startingGridPosition":74,"endGridPositon":72,"solutionPosition":8,"pathTag":1,"direction":1,"solutions":""}={"startingGridPosition":72,"endGridPositon":113,"solutionPosition":9,"pathTag":1,"direction":1,"solutions":""}={"startingGridPosition":113,"endGridPositon":74,"solutionPosition":10,"pathTag":1,"direction":1,"solutions":""}={"startingGridPosition":74,"endGridPositon":115,"solutionPosition":11,"pathTag":1,"direction":1,"solutions":""}={"startingGridPosition":115,"endGridPositon":76,"solutionPosition":12,"pathTag":1,"direction":1,"solutions":""}={"startingGridPosition":76,"endGridPositon":117,"solutionPosition":13,"pathTag":1,"direction":1,"solutions":""}={"startingGridPosition":117,"endGridPositon":115,"solutionPosition":14,"pathTag":1,"direction":1,"solutions":""}={"startingGridPosition":115,"endGridPositon":113,"solutionPosition":15,"pathTag":1,"direction":1,"solutions":""}={"startingGridPosition":113,"endGridPositon":111,"solutionPosition":16,"pathTag":1,"direction":1,"solutions":""}={"startingGridPosition":111,"endGridPositon":72,"solutionPosition":17,"pathTag":1,"direction":1,"solutions":""}={"startingGridPosition":72,"endGridPositon":43,"solutionPosition":18,"pathTag":1,"direction":1,"solutions":""}