{"startingGridPosition":42,"endGridPositon":61,"solutionPosition":1,"pathTag":1,"direction":1,"solutions":""}={"startingGridPosition":61,"endGridPositon":83,"solutionPosition":2,"pathTag":1,"direction":1,"solutions":""}={"startingGridPosition":83,"endGridPositon":44,"solutionPosition":3,"pathTag":1,"direction":1,"solutions":""}={"startingGridPosition":44,"endGridPositon":85,"solutionPosition":4,"pathTag":1,"direction":1,"solutions":""}={"startingGridPosition":85,"endGridPositon":67,"solutionPosition":5,"pathTag":1,"direction":1,"solutions":""}={"startingGridPosition":67,"endGridPositon":46,"solutionPosition":6,"pathTag":1,"direction":1,"solutions":""}={"startingGridPosition":46,"endGridPositon":37,"solutionPosition":7,"pathTag":1,"direction":1,"solutions":""}={"startingGridPosition":37,"endGridPositon":24,"solutionPosition":8,"pathTag":1,"direction":1,"solutions":""}={"startingGridPosition":24,"endGridPositon":31,"solutionPosition":9,"pathTag":1,"direction":1,"solutions":""}={"startingGridPosition":31,"endGridPositon":42,"solutionPosition":10,"pathTag":1,"direction":1,"solutions":""}={"startingGridPosition":42,"endGridPositon":13,"solutionPosition":11,"pathTag":1,"direction":1,"solutions":""}={"startingGridPosition":13,"endGridPositon":24,"solutionPosition":12,"pathTag":1,"direction":1,"solutions":""}={"startingGridPosition":24,"endGridPositon":127,"solutionPosition":13,"pathTag":1,"direction":1,"solutions":""}={"startingGridPosition":127,"endGridPositon":114,"solutionPosition":14,"pathTag":1,"direction":1,"solutions":""}={"startingGridPosition":114,"endGridPositon":121,"solutionPosition":15,"pathTag":1,"direction":1,"solutions":""}={"startingGridPosition":121,"endGridPositon":24,"solutionPosition":16,"pathTag":1,"direction":1,"solutions":""}={"startingGridPosition":24,"endGridPositon":15,"solutionPosition":17,"pathTag":1,"direction":1,"solutions":""}={"startingGridPosition":15,"endGridPositon":46,"solutionPosition":18,"pathTag":1,"direction":1,"solutions":""}