{"startingGridPosition":26,"endGridPositon":74,"solutionPosition":1,"pathTag":1,"direction":1,"solutions":""}={"startingGridPosition":74,"endGridPositon":22,"solutionPosition":2,"pathTag":1,"direction":1,"solutions":""}={"startingGridPosition":22,"endGridPositon":51,"solutionPosition":3,"pathTag":1,"direction":1,"solutions":""}={"startingGridPosition":51,"endGridPositon":104,"solutionPosition":4,"pathTag":1,"direction":1,"solutions":""}={"startingGridPosition":104,"endGridPositon":57,"solutionPosition":5,"pathTag":1,"direction":1,"solutions":""}={"startingGridPosition":57,"endGridPositon":17,"solutionPosition":6,"pathTag":1,"direction":1,"solutions":""}={"startingGridPosition":17,"endGridPositon":26,"solutionPosition":7,"pathTag":1,"direction":1,"solutions":""}={"startingGridPosition":26,"endGridPositon":57,"solutionPosition":8,"pathTag":1,"direction":1,"solutions":""}={"startingGridPosition":57,"endGridPositon":74,"solutionPosition":9,"pathTag":1,"direction":1,"solutions":""}={"startingGridPosition":74,"endGridPositon":97,"solutionPosition":10,"pathTag":1,"direction":1,"solutions":""}={"startingGridPosition":97,"endGridPositon":126,"solutionPosition":11,"pathTag":1,"direction":1,"solutions":""}={"startingGridPosition":126,"endGridPositon":24,"solutionPosition":12,"pathTag":1,"direction":1,"solutions":""}={"startingGridPosition":24,"endGridPositon":122,"solutionPosition":13,"pathTag":1,"direction":1,"solutions":""}={"startingGridPosition":122,"endGridPositon":91,"solutionPosition":14,"pathTag":1,"direction":1,"solutions":""}={"startingGridPosition":91,"endGridPositon":74,"solutionPosition":15,"pathTag":1,"direction":1,"solutions":""}={"startingGridPosition":74,"endGridPositon":51,"solutionPosition":16,"pathTag":1,"direction":1,"solutions":""}={"startingGridPosition":51,"endGridPositon":11,"solutionPosition":17,"pathTag":1,"direction":1,"solutions":""}={"startingGridPosition":11,"endGridPositon":22,"solutionPosition":18,"pathTag":1,"direction":1,"solutions":""}