{"startingGridPosition":85,"endGridPositon":37,"solutionPosition":1,"pathTag":1,"direction":1,"solutions":""}={"startingGridPosition":37,"endGridPositon":25,"solutionPosition":2,"pathTag":1,"direction":1,"solutions":""}={"startingGridPosition":25,"endGridPositon":87,"solutionPosition":3,"pathTag":1,"direction":1,"solutions":""}={"startingGridPosition":87,"endGridPositon":96,"solutionPosition":4,"pathTag":1,"direction":1,"solutions":""}={"startingGridPosition":96,"endGridPositon":85,"solutionPosition":5,"pathTag":1,"direction":1,"solutions":""}={"startingGridPosition":85,"endGridPositon":44,"solutionPosition":6,"pathTag":1,"direction":1,"solutions":""}={"startingGridPosition":44,"endGridPositon":83,"solutionPosition":7,"pathTag":1,"direction":1,"solutions":""}={"startingGridPosition":83,"endGridPositon":31,"solutionPosition":8,"pathTag":1,"direction":1,"solutions":""}={"startingGridPosition":31,"endGridPositon":22,"solutionPosition":9,"pathTag":1,"direction":1,"solutions":""}={"startingGridPosition":22,"endGridPositon":81,"solutionPosition":10,"pathTag":1,"direction":1,"solutions":""}={"startingGridPosition":81,"endGridPositon":92,"solutionPosition":11,"pathTag":1,"direction":1,"solutions":""}={"startingGridPosition":92,"endGridPositon":111,"solutionPosition":12,"pathTag":1,"direction":1,"solutions":""}={"startingGridPosition":111,"endGridPositon":117,"solutionPosition":13,"pathTag":1,"direction":1,"solutions":""}={"startingGridPosition":117,"endGridPositon":96,"solutionPosition":14,"pathTag":1,"direction":1,"solutions":""}={"startingGridPosition":96,"endGridPositon":92,"solutionPosition":15,"pathTag":1,"direction":1,"solutions":""}={"startingGridPosition":92,"endGridPositon":83,"solutionPosition":16,"pathTag":1,"direction":1,"solutions":""}={"startingGridPosition":83,"endGridPositon":74,"solutionPosition":17,"pathTag":1,"direction":1,"solutions":""}={"startingGridPosition":74,"endGridPositon":85,"solutionPosition":18,"pathTag":1,"direction":1,"solutions":""}