{"startingGridPosition":102,"endGridPositon":81,"solutionPosition":1,"pathTag":1,"direction":1,"solutions":""}={"startingGridPosition":81,"endGridPositon":121,"solutionPosition":2,"pathTag":1,"direction":1,"solutions":""}={"startingGridPosition":121,"endGridPositon":102,"solutionPosition":3,"pathTag":1,"direction":1,"solutions":""}={"startingGridPosition":102,"endGridPositon":113,"solutionPosition":4,"pathTag":1,"direction":1,"solutions":""}={"startingGridPosition":113,"endGridPositon":94,"solutionPosition":5,"pathTag":1,"direction":1,"solutions":""}={"startingGridPosition":94,"endGridPositon":22,"solutionPosition":6,"pathTag":1,"direction":1,"solutions":""}={"startingGridPosition":22,"endGridPositon":124,"solutionPosition":7,"pathTag":1,"direction":1,"solutions":""}={"startingGridPosition":124,"endGridPositon":26,"solutionPosition":8,"pathTag":1,"direction":1,"solutions":""}={"startingGridPosition":26,"endGridPositon":94,"solutionPosition":9,"pathTag":1,"direction":1,"solutions":""}={"startingGridPosition":94,"endGridPositon":115,"solutionPosition":10,"pathTag":1,"direction":1,"solutions":""}={"startingGridPosition":115,"endGridPositon":106,"solutionPosition":11,"pathTag":1,"direction":1,"solutions":""}={"startingGridPosition":106,"endGridPositon":127,"solutionPosition":12,"pathTag":1,"direction":1,"solutions":""}={"startingGridPosition":127,"endGridPositon":87,"solutionPosition":13,"pathTag":1,"direction":1,"solutions":""}={"startingGridPosition":87,"endGridPositon":44,"solutionPosition":14,"pathTag":1,"direction":1,"solutions":""}={"startingGridPosition":44,"endGridPositon":81,"solutionPosition":15,"pathTag":1,"direction":1,"solutions":""}={"startingGridPosition":81,"endGridPositon":94,"solutionPosition":16,"pathTag":1,"direction":1,"solutions":""}={"startingGridPosition":94,"endGridPositon":87,"solutionPosition":17,"pathTag":1,"direction":1,"solutions":""}={"startingGridPosition":87,"endGridPositon":106,"solutionPosition":18,"pathTag":1,"direction":1,"solutions":""}