{"startingGridPosition":54,"endGridPositon":15,"solutionPosition":1,"pathTag":1,"direction":1,"solutions":""}={"startingGridPosition":15,"endGridPositon":37,"solutionPosition":2,"pathTag":1,"direction":1,"solutions":""}={"startingGridPosition":37,"endGridPositon":54,"solutionPosition":3,"pathTag":1,"direction":2,"solutions":""}={"startingGridPosition":54,"endGridPositon":31,"solutionPosition":4,"pathTag":1,"direction":1,"solutions":""}={"startingGridPosition":31,"endGridPositon":12,"solutionPosition":5,"pathTag":1,"direction":1,"solutions":""}={"startingGridPosition":12,"endGridPositon":15,"solutionPosition":6,"pathTag":2,"direction":1,"solutions":"6_s,7_o"}={"startingGridPosition":12,"endGridPositon":54,"solutionPosition":8,"pathTag":1,"direction":1,"solutions":""}={"startingGridPosition":54,"endGridPositon":71,"solutionPosition":9,"pathTag":1,"direction":1,"solutions":""}={"startingGridPosition":71,"endGridPositon":94,"solutionPosition":10,"pathTag":1,"direction":1,"solutions":""}={"startingGridPosition":94,"endGridPositon":77,"solutionPosition":11,"pathTag":1,"direction":1,"solutions":""}={"startingGridPosition":77,"endGridPositon":107,"solutionPosition":12,"pathTag":1,"direction":1,"solutions":""}={"startingGridPosition":107,"endGridPositon":124,"solutionPosition":13,"pathTag":1,"direction":1,"solutions":""}={"startingGridPosition":124,"endGridPositon":101,"solutionPosition":14,"pathTag":1,"direction":1,"solutions":""}={"startingGridPosition":101,"endGridPositon":71,"solutionPosition":15,"pathTag":1,"direction":1,"solutions":""}={"startingGridPosition":71,"endGridPositon":31,"solutionPosition":16,"pathTag":1,"direction":1,"solutions":""}={"startingGridPosition":31,"endGridPositon":37,"solutionPosition":17,"pathTag":1,"direction":1,"solutions":""}={"startingGridPosition":37,"endGridPositon":77,"solutionPosition":18,"pathTag":1,"direction":1,"solutions":""}