{"startingGridPosition":71,"endGridPositon":103,"solutionPosition":1,"pathTag":1,"direction":1,"solutions":""}={"startingGridPosition":103,"endGridPositon":32,"solutionPosition":2,"pathTag":1,"direction":1,"solutions":""}={"startingGridPosition":32,"endGridPositon":14,"solutionPosition":3,"pathTag":1,"direction":1,"solutions":""}={"startingGridPosition":14,"endGridPositon":103,"solutionPosition":4,"pathTag":1,"direction":1,"solutions":""}={"startingGridPosition":103,"endGridPositon":121,"solutionPosition":5,"pathTag":1,"direction":1,"solutions":""}={"startingGridPosition":121,"endGridPositon":71,"solutionPosition":6,"pathTag":1,"direction":1,"solutions":""}={"startingGridPosition":71,"endGridPositon":77,"solutionPosition":7,"pathTag":1,"direction":1,"solutions":""}={"startingGridPosition":77,"endGridPositon":127,"solutionPosition":8,"pathTag":1,"direction":1,"solutions":""}={"startingGridPosition":127,"endGridPositon":105,"solutionPosition":9,"pathTag":1,"direction":1,"solutions":""}={"startingGridPosition":105,"endGridPositon":77,"solutionPosition":10,"pathTag":1,"direction":1,"solutions":""}={"startingGridPosition":77,"endGridPositon":36,"solutionPosition":11,"pathTag":1,"direction":1,"solutions":""}={"startingGridPosition":36,"endGridPositon":105,"solutionPosition":12,"pathTag":1,"direction":1,"solutions":""}={"startingGridPosition":105,"endGridPositon":103,"solutionPosition":13,"pathTag":1,"direction":1,"solutions":""}={"startingGridPosition":103,"endGridPositon":124,"solutionPosition":14,"pathTag":1,"direction":1,"solutions":""}={"startingGridPosition":124,"endGridPositon":105,"solutionPosition":15,"pathTag":1,"direction":1,"solutions":""}={"startingGridPosition":105,"endGridPositon":14,"solutionPosition":16,"pathTag":1,"direction":1,"solutions":""}={"startingGridPosition":14,"endGridPositon":36,"solutionPosition":17,"pathTag":1,"direction":1,"solutions":""}