{"startingGridPosition":65,"endGridPositon":63,"solutionPosition":1,"pathTag":2,"direction":1,"solutions":"1_s,16_o"}={"startingGridPosition":63,"endGridPositon":114,"solutionPosition":2,"pathTag":1,"direction":1,"solutions":""}={"startingGridPosition":114,"endGridPositon":65,"solutionPosition":3,"pathTag":1,"direction":1,"solutions":""}={"startingGridPosition":65,"endGridPositon":106,"solutionPosition":4,"pathTag":1,"direction":1,"solutions":""}={"startingGridPosition":106,"endGridPositon":102,"solutionPosition":5,"pathTag":1,"direction":1,"solutions":""}={"startingGridPosition":102,"endGridPositon":114,"solutionPosition":6,"pathTag":1,"direction":1,"solutions":""}={"startingGridPosition":114,"endGridPositon":106,"solutionPosition":7,"pathTag":1,"direction":2,"solutions":""}={"startingGridPosition":106,"endGridPositon":97,"solutionPosition":8,"pathTag":1,"direction":1,"solutions":""}={"startingGridPosition":97,"endGridPositon":24,"solutionPosition":9,"pathTag":1,"direction":1,"solutions":""}={"startingGridPosition":24,"endGridPositon":91,"solutionPosition":10,"pathTag":1,"direction":1,"solutions":""}={"startingGridPosition":91,"endGridPositon":102,"solutionPosition":11,"pathTag":1,"direction":1,"solutions":""}={"startingGridPosition":102,"endGridPositon":63,"solutionPosition":12,"pathTag":1,"direction":1,"solutions":""}={"startingGridPosition":63,"endGridPositon":22,"solutionPosition":13,"pathTag":1,"direction":1,"solutions":""}={"startingGridPosition":22,"endGridPositon":44,"solutionPosition":14,"pathTag":1,"direction":1,"solutions":""}={"startingGridPosition":44,"endGridPositon":63,"solutionPosition":15,"pathTag":1,"direction":1,"solutions":""}={"startingGridPosition":65,"endGridPositon":44,"solutionPosition":17,"pathTag":1,"direction":1,"solutions":""}={"startingGridPosition":44,"endGridPositon":26,"solutionPosition":18,"pathTag":1,"direction":1,"solutions":""}={"startingGridPosition":26,"endGridPositon":65,"solutionPosition":19,"pathTag":1,"direction":2,"solutions":""}