{"startingGridPosition":14,"endGridPositon":26,"solutionPosition":1,"pathTag":1,"direction":1,"solutions":""}={"startingGridPosition":26,"endGridPositon":85,"solutionPosition":2,"pathTag":1,"direction":1,"solutions":""}={"startingGridPosition":85,"endGridPositon":117,"solutionPosition":3,"pathTag":1,"direction":1,"solutions":""}={"startingGridPosition":117,"endGridPositon":104,"solutionPosition":4,"pathTag":1,"direction":1,"solutions":""}={"startingGridPosition":104,"endGridPositon":111,"solutionPosition":5,"pathTag":1,"direction":1,"solutions":""}={"startingGridPosition":111,"endGridPositon":83,"solutionPosition":6,"pathTag":1,"direction":1,"solutions":""}={"startingGridPosition":83,"endGridPositon":85,"solutionPosition":7,"pathTag":1,"direction":1,"solutions":""}={"startingGridPosition":85,"endGridPositon":44,"solutionPosition":8,"pathTag":1,"direction":1,"solutions":""}={"startingGridPosition":44,"endGridPositon":83,"solutionPosition":9,"pathTag":1,"direction":1,"solutions":""}={"startingGridPosition":83,"endGridPositon":22,"solutionPosition":10,"pathTag":1,"direction":1,"solutions":""}={"startingGridPosition":22,"endGridPositon":51,"solutionPosition":11,"pathTag":1,"direction":1,"solutions":""}={"startingGridPosition":51,"endGridPositon":44,"solutionPosition":12,"pathTag":1,"direction":1,"solutions":""}={"startingGridPosition":44,"endGridPositon":22,"solutionPosition":13,"pathTag":1,"direction":1,"solutions":""}={"startingGridPosition":22,"endGridPositon":14,"solutionPosition":14,"pathTag":1,"direction":1,"solutions":""}={"startingGridPosition":14,"endGridPositon":44,"solutionPosition":15,"pathTag":1,"direction":1,"solutions":""}={"startingGridPosition":44,"endGridPositon":26,"solutionPosition":16,"pathTag":1,"direction":1,"solutions":""}={"startingGridPosition":26,"endGridPositon":57,"solutionPosition":17,"pathTag":1,"direction":1,"solutions":""}={"startingGridPosition":57,"endGridPositon":44,"solutionPosition":18,"pathTag":1,"direction":1,"solutions":""}