{"startingGridPosition":76,"endGridPositon":64,"solutionPosition":1,"pathTag":1,"direction":1,"solutions":""}={"startingGridPosition":64,"endGridPositon":33,"solutionPosition":2,"pathTag":1,"direction":1,"solutions":""}={"startingGridPosition":33,"endGridPositon":14,"solutionPosition":3,"pathTag":1,"direction":1,"solutions":""}={"startingGridPosition":14,"endGridPositon":35,"solutionPosition":4,"pathTag":1,"direction":1,"solutions":""}={"startingGridPosition":35,"endGridPositon":64,"solutionPosition":5,"pathTag":1,"direction":1,"solutions":""}={"startingGridPosition":64,"endGridPositon":72,"solutionPosition":6,"pathTag":1,"direction":1,"solutions":""}={"startingGridPosition":72,"endGridPositon":12,"solutionPosition":7,"pathTag":1,"direction":1,"solutions":""}={"startingGridPosition":12,"endGridPositon":31,"solutionPosition":8,"pathTag":1,"direction":1,"solutions":""}={"startingGridPosition":31,"endGridPositon":72,"solutionPosition":9,"pathTag":1,"direction":1,"solutions":""}={"startingGridPosition":72,"endGridPositon":113,"solutionPosition":10,"pathTag":1,"direction":1,"solutions":""}={"startingGridPosition":113,"endGridPositon":94,"solutionPosition":11,"pathTag":1,"direction":1,"solutions":""}={"startingGridPosition":94,"endGridPositon":115,"solutionPosition":12,"pathTag":1,"direction":1,"solutions":""}={"startingGridPosition":115,"endGridPositon":76,"solutionPosition":13,"pathTag":1,"direction":1,"solutions":""}={"startingGridPosition":76,"endGridPositon":37,"solutionPosition":14,"pathTag":1,"direction":1,"solutions":""}={"startingGridPosition":37,"endGridPositon":16,"solutionPosition":15,"pathTag":1,"direction":1,"solutions":""}={"startingGridPosition":16,"endGridPositon":76,"solutionPosition":16,"pathTag":1,"direction":1,"solutions":""}={"startingGridPosition":76,"endGridPositon":94,"solutionPosition":17,"pathTag":1,"direction":1,"solutions":""}={"startingGridPosition":94,"endGridPositon":72,"solutionPosition":18,"pathTag":1,"direction":1,"solutions":""}