{"startingGridPosition":125,"endGridPositon":123,"solutionPosition":1,"pathTag":1,"direction":1,"solutions":""}={"startingGridPosition":123,"endGridPositon":33,"solutionPosition":2,"pathTag":1,"direction":1,"solutions":""}={"startingGridPosition":33,"endGridPositon":101,"solutionPosition":3,"pathTag":1,"direction":1,"solutions":""}={"startingGridPosition":101,"endGridPositon":112,"solutionPosition":4,"pathTag":1,"direction":1,"solutions":""}={"startingGridPosition":112,"endGridPositon":74,"solutionPosition":5,"pathTag":1,"direction":1,"solutions":""}={"startingGridPosition":74,"endGridPositon":31,"solutionPosition":6,"pathTag":1,"direction":1,"solutions":""}={"startingGridPosition":31,"endGridPositon":13,"solutionPosition":7,"pathTag":1,"direction":1,"solutions":""}={"startingGridPosition":13,"endGridPositon":24,"solutionPosition":8,"pathTag":1,"direction":1,"solutions":""}={"startingGridPosition":24,"endGridPositon":15,"solutionPosition":9,"pathTag":1,"direction":1,"solutions":""}={"startingGridPosition":15,"endGridPositon":37,"solutionPosition":10,"pathTag":1,"direction":1,"solutions":""}={"startingGridPosition":37,"endGridPositon":74,"solutionPosition":11,"pathTag":1,"direction":1,"solutions":""}={"startingGridPosition":74,"endGridPositon":116,"solutionPosition":12,"pathTag":1,"direction":1,"solutions":""}={"startingGridPosition":116,"endGridPositon":107,"solutionPosition":13,"pathTag":1,"direction":1,"solutions":""}={"startingGridPosition":107,"endGridPositon":35,"solutionPosition":14,"pathTag":1,"direction":1,"solutions":""}={"startingGridPosition":35,"endGridPositon":125,"solutionPosition":15,"pathTag":1,"direction":1,"solutions":""}={"startingGridPosition":125,"endGridPositon":74,"solutionPosition":16,"pathTag":1,"direction":1,"solutions":""}={"startingGridPosition":74,"endGridPositon":123,"solutionPosition":17,"pathTag":1,"direction":1,"solutions":""}