{"startingGridPosition":73,"endGridPositon":44,"solutionPosition":1,"pathTag":1,"direction":1,"solutions":""}={"startingGridPosition":44,"endGridPositon":75,"solutionPosition":2,"pathTag":1,"direction":1,"solutions":""}={"startingGridPosition":75,"endGridPositon":86,"solutionPosition":3,"pathTag":1,"direction":1,"solutions":""}={"startingGridPosition":86,"endGridPositon":115,"solutionPosition":4,"pathTag":1,"direction":1,"solutions":""}={"startingGridPosition":115,"endGridPositon":94,"solutionPosition":5,"pathTag":1,"direction":1,"solutions":""}={"startingGridPosition":94,"endGridPositon":51,"solutionPosition":6,"pathTag":1,"direction":1,"solutions":""}={"startingGridPosition":51,"endGridPositon":42,"solutionPosition":7,"pathTag":1,"direction":1,"solutions":""}={"startingGridPosition":42,"endGridPositon":73,"solutionPosition":8,"pathTag":1,"direction":1,"solutions":""}={"startingGridPosition":73,"endGridPositon":82,"solutionPosition":9,"pathTag":1,"direction":1,"solutions":""}={"startingGridPosition":82,"endGridPositon":113,"solutionPosition":10,"pathTag":1,"direction":1,"solutions":""}={"startingGridPosition":113,"endGridPositon":94,"solutionPosition":11,"pathTag":1,"direction":1,"solutions":""}={"startingGridPosition":94,"endGridPositon":57,"solutionPosition":12,"pathTag":1,"direction":1,"solutions":""}={"startingGridPosition":57,"endGridPositon":46,"solutionPosition":13,"pathTag":1,"direction":1,"solutions":""}={"startingGridPosition":46,"endGridPositon":24,"solutionPosition":14,"pathTag":1,"direction":1,"solutions":""}={"startingGridPosition":24,"endGridPositon":42,"solutionPosition":15,"pathTag":1,"direction":1,"solutions":""}={"startingGridPosition":42,"endGridPositon":44,"solutionPosition":16,"pathTag":1,"direction":1,"solutions":""}={"startingGridPosition":44,"endGridPositon":46,"solutionPosition":17,"pathTag":1,"direction":1,"solutions":""}={"startingGridPosition":46,"endGridPositon":75,"solutionPosition":18,"pathTag":1,"direction":1,"solutions":""}