{"startingGridPosition":23,"endGridPositon":14,"solutionPosition":1,"pathTag":1,"direction":1,"solutions":""}={"startingGridPosition":14,"endGridPositon":54,"solutionPosition":2,"pathTag":2,"direction":1,"solutions":"2_s,18_o"}={"startingGridPosition":54,"endGridPositon":73,"solutionPosition":3,"pathTag":1,"direction":1,"solutions":""}={"startingGridPosition":73,"endGridPositon":23,"solutionPosition":4,"pathTag":1,"direction":1,"solutions":""}={"startingGridPosition":23,"endGridPositon":31,"solutionPosition":5,"pathTag":1,"direction":2,"solutions":""}={"startingGridPosition":31,"endGridPositon":62,"solutionPosition":6,"pathTag":1,"direction":1,"solutions":""}={"startingGridPosition":62,"endGridPositon":101,"solutionPosition":7,"pathTag":1,"direction":1,"solutions":""}={"startingGridPosition":101,"endGridPositon":124,"solutionPosition":8,"pathTag":1,"direction":1,"solutions":""}={"startingGridPosition":124,"endGridPositon":73,"solutionPosition":9,"pathTag":1,"direction":1,"solutions":""}={"startingGridPosition":73,"endGridPositon":75,"solutionPosition":10,"pathTag":1,"direction":1,"solutions":""}={"startingGridPosition":75,"endGridPositon":124,"solutionPosition":11,"pathTag":1,"direction":1,"solutions":""}={"startingGridPosition":124,"endGridPositon":107,"solutionPosition":12,"pathTag":1,"direction":1,"solutions":""}={"startingGridPosition":107,"endGridPositon":66,"solutionPosition":13,"pathTag":1,"direction":1,"solutions":""}={"startingGridPosition":66,"endGridPositon":37,"solutionPosition":14,"pathTag":1,"direction":1,"solutions":""}={"startingGridPosition":37,"endGridPositon":25,"solutionPosition":15,"pathTag":1,"direction":2,"solutions":""}={"startingGridPosition":25,"endGridPositon":14,"solutionPosition":16,"pathTag":1,"direction":1,"solutions":""}={"startingGridPosition":54,"endGridPositon":75,"solutionPosition":17,"pathTag":1,"direction":1,"solutions":""}