{"startingGridPosition":22,"endGridPositon":24,"solutionPosition":1,"pathTag":1,"direction":1,"solutions":""}={"startingGridPosition":24,"endGridPositon":26,"solutionPosition":2,"pathTag":1,"direction":1,"solutions":""}={"startingGridPosition":26,"endGridPositon":67,"solutionPosition":3,"pathTag":1,"direction":1,"solutions":""}={"startingGridPosition":67,"endGridPositon":95,"solutionPosition":4,"pathTag":1,"direction":1,"solutions":""}={"startingGridPosition":95,"endGridPositon":84,"solutionPosition":5,"pathTag":1,"direction":1,"solutions":""}={"startingGridPosition":84,"endGridPositon":93,"solutionPosition":6,"pathTag":1,"direction":1,"solutions":""}={"startingGridPosition":93,"endGridPositon":61,"solutionPosition":7,"pathTag":1,"direction":1,"solutions":""}={"startingGridPosition":61,"endGridPositon":24,"solutionPosition":8,"pathTag":1,"direction":1,"solutions":""}={"startingGridPosition":24,"endGridPositon":67,"solutionPosition":9,"pathTag":1,"direction":1,"solutions":""}={"startingGridPosition":67,"endGridPositon":54,"solutionPosition":10,"pathTag":1,"direction":1,"solutions":""}={"startingGridPosition":54,"endGridPositon":61,"solutionPosition":11,"pathTag":1,"direction":1,"solutions":""}={"startingGridPosition":61,"endGridPositon":22,"solutionPosition":12,"pathTag":1,"direction":1,"solutions":""}={"startingGridPosition":22,"endGridPositon":114,"solutionPosition":13,"pathTag":1,"direction":1,"solutions":""}={"startingGridPosition":114,"endGridPositon":101,"solutionPosition":14,"pathTag":1,"direction":1,"solutions":""}={"startingGridPosition":101,"endGridPositon":54,"solutionPosition":15,"pathTag":1,"direction":1,"solutions":""}={"startingGridPosition":54,"endGridPositon":107,"solutionPosition":16,"pathTag":1,"direction":1,"solutions":""}={"startingGridPosition":107,"endGridPositon":114,"solutionPosition":17,"pathTag":1,"direction":1,"solutions":""}={"startingGridPosition":114,"endGridPositon":26,"solutionPosition":18,"pathTag":1,"direction":1,"solutions":""}