{"startingGridPosition":67,"endGridPositon":75,"solutionPosition":1,"pathTag":2,"direction":1,"solutions":"1_s,10_o"}={"startingGridPosition":75,"endGridPositon":24,"solutionPosition":2,"pathTag":1,"direction":1,"solutions":""}={"startingGridPosition":24,"endGridPositon":73,"solutionPosition":3,"pathTag":1,"direction":1,"solutions":""}={"startingGridPosition":73,"endGridPositon":61,"solutionPosition":4,"pathTag":2,"direction":1,"solutions":"4_s,18_s"}={"startingGridPosition":61,"endGridPositon":111,"solutionPosition":5,"pathTag":1,"direction":1,"solutions":""}={"startingGridPosition":111,"endGridPositon":122,"solutionPosition":6,"pathTag":1,"direction":1,"solutions":""}={"startingGridPosition":122,"endGridPositon":73,"solutionPosition":7,"pathTag":1,"direction":1,"solutions":""}={"startingGridPosition":73,"endGridPositon":124,"solutionPosition":8,"pathTag":1,"direction":1,"solutions":""}={"startingGridPosition":124,"endGridPositon":75,"solutionPosition":9,"pathTag":1,"direction":1,"solutions":""}={"startingGridPosition":67,"endGridPositon":117,"solutionPosition":11,"pathTag":1,"direction":1,"solutions":""}={"startingGridPosition":117,"endGridPositon":126,"solutionPosition":12,"pathTag":1,"direction":1,"solutions":""}={"startingGridPosition":126,"endGridPositon":75,"solutionPosition":13,"pathTag":1,"direction":1,"solutions":""}={"startingGridPosition":75,"endGridPositon":17,"solutionPosition":14,"pathTag":1,"direction":1,"solutions":""}={"startingGridPosition":17,"endGridPositon":24,"solutionPosition":15,"pathTag":1,"direction":1,"solutions":""}={"startingGridPosition":24,"endGridPositon":11,"solutionPosition":16,"pathTag":1,"direction":2,"solutions":""}={"startingGridPosition":11,"endGridPositon":73,"solutionPosition":17,"pathTag":1,"direction":1,"solutions":""}={"startingGridPosition":61,"endGridPositon":33,"solutionPosition":19,"pathTag":1,"direction":1,"solutions":""}={"startingGridPosition":33,"endGridPositon":74,"solutionPosition":20,"pathTag":1,"direction":1,"solutions":""}={"startingGridPosition":74,"endGridPositon":35,"solutionPosition":21,"pathTag":1,"direction":1,"solutions":""}={"startingGridPosition":35,"endGridPositon":67,"solutionPosition":22,"pathTag":1,"direction":1,"solutions":""}