{"startingGridPosition":115,"endGridPositon":64,"solutionPosition":1,"pathTag":1,"direction":1,"solutions":""}={"startingGridPosition":64,"endGridPositon":17,"solutionPosition":2,"pathTag":1,"direction":1,"solutions":""}={"startingGridPosition":17,"endGridPositon":115,"solutionPosition":3,"pathTag":1,"direction":1,"solutions":""}={"startingGridPosition":115,"endGridPositon":124,"solutionPosition":4,"pathTag":1,"direction":1,"solutions":""}={"startingGridPosition":124,"endGridPositon":117,"solutionPosition":5,"pathTag":1,"direction":1,"solutions":""}={"startingGridPosition":117,"endGridPositon":44,"solutionPosition":6,"pathTag":1,"direction":1,"solutions":""}={"startingGridPosition":44,"endGridPositon":15,"solutionPosition":7,"pathTag":1,"direction":1,"solutions":""}={"startingGridPosition":15,"endGridPositon":57,"solutionPosition":8,"pathTag":1,"direction":1,"solutions":""}={"startingGridPosition":57,"endGridPositon":64,"solutionPosition":9,"pathTag":1,"direction":1,"solutions":""}={"startingGridPosition":64,"endGridPositon":51,"solutionPosition":10,"pathTag":1,"direction":1,"solutions":""}={"startingGridPosition":51,"endGridPositon":13,"solutionPosition":11,"pathTag":1,"direction":1,"solutions":""}={"startingGridPosition":13,"endGridPositon":44,"solutionPosition":12,"pathTag":1,"direction":1,"solutions":""}={"startingGridPosition":44,"endGridPositon":111,"solutionPosition":13,"pathTag":1,"direction":1,"solutions":""}={"startingGridPosition":111,"endGridPositon":124,"solutionPosition":14,"pathTag":1,"direction":1,"solutions":""}={"startingGridPosition":124,"endGridPositon":113,"solutionPosition":15,"pathTag":1,"direction":1,"solutions":""}={"startingGridPosition":113,"endGridPositon":64,"solutionPosition":16,"pathTag":1,"direction":1,"solutions":""}={"startingGridPosition":64,"endGridPositon":11,"solutionPosition":17,"pathTag":1,"direction":1,"solutions":""}={"startingGridPosition":11,"endGridPositon":113,"solutionPosition":18,"pathTag":1,"direction":1,"solutions":""}