{"startingGridPosition":33,"endGridPositon":14,"solutionPosition":1,"pathTag":1,"direction":1,"solutions":""}={"startingGridPosition":14,"endGridPositon":35,"solutionPosition":2,"pathTag":1,"direction":1,"solutions":""}={"startingGridPosition":35,"endGridPositon":37,"solutionPosition":3,"pathTag":1,"direction":1,"solutions":""}={"startingGridPosition":37,"endGridPositon":56,"solutionPosition":4,"pathTag":1,"direction":1,"solutions":""}={"startingGridPosition":56,"endGridPositon":77,"solutionPosition":5,"pathTag":1,"direction":1,"solutions":""}={"startingGridPosition":77,"endGridPositon":75,"solutionPosition":6,"pathTag":1,"direction":1,"solutions":""}={"startingGridPosition":75,"endGridPositon":94,"solutionPosition":7,"pathTag":1,"direction":1,"solutions":""}={"startingGridPosition":94,"endGridPositon":73,"solutionPosition":8,"pathTag":1,"direction":1,"solutions":""}={"startingGridPosition":73,"endGridPositon":71,"solutionPosition":9,"pathTag":1,"direction":1,"solutions":""}={"startingGridPosition":71,"endGridPositon":52,"solutionPosition":10,"pathTag":1,"direction":1,"solutions":""}={"startingGridPosition":52,"endGridPositon":31,"solutionPosition":11,"pathTag":1,"direction":1,"solutions":""}={"startingGridPosition":31,"endGridPositon":33,"solutionPosition":12,"pathTag":1,"direction":1,"solutions":""}={"startingGridPosition":33,"endGridPositon":52,"solutionPosition":13,"pathTag":1,"direction":1,"solutions":""}={"startingGridPosition":52,"endGridPositon":73,"solutionPosition":14,"pathTag":1,"direction":1,"solutions":""}={"startingGridPosition":73,"endGridPositon":75,"solutionPosition":15,"pathTag":1,"direction":1,"solutions":""}={"startingGridPosition":75,"endGridPositon":56,"solutionPosition":16,"pathTag":1,"direction":1,"solutions":""}={"startingGridPosition":56,"endGridPositon":35,"solutionPosition":17,"pathTag":1,"direction":1,"solutions":""}