{"startingGridPosition":66,"endGridPositon":55,"solutionPosition":1,"pathTag":1,"direction":1,"solutions":""}={"startingGridPosition":55,"endGridPositon":27,"solutionPosition":2,"pathTag":1,"direction":1,"solutions":""}={"startingGridPosition":27,"endGridPositon":96,"solutionPosition":3,"pathTag":1,"direction":1,"solutions":""}={"startingGridPosition":96,"endGridPositon":34,"solutionPosition":4,"pathTag":1,"direction":1,"solutions":""}={"startingGridPosition":34,"endGridPositon":25,"solutionPosition":5,"pathTag":1,"direction":1,"solutions":""}={"startingGridPosition":25,"endGridPositon":94,"solutionPosition":6,"pathTag":1,"direction":1,"solutions":""}={"startingGridPosition":94,"endGridPositon":23,"solutionPosition":7,"pathTag":1,"direction":1,"solutions":""}={"startingGridPosition":23,"endGridPositon":34,"solutionPosition":8,"pathTag":1,"direction":1,"solutions":""}={"startingGridPosition":34,"endGridPositon":92,"solutionPosition":9,"pathTag":1,"direction":1,"solutions":""}={"startingGridPosition":92,"endGridPositon":21,"solutionPosition":10,"pathTag":1,"direction":1,"solutions":""}={"startingGridPosition":21,"endGridPositon":53,"solutionPosition":11,"pathTag":1,"direction":1,"solutions":""}={"startingGridPosition":53,"endGridPositon":62,"solutionPosition":12,"pathTag":1,"direction":1,"solutions":""}={"startingGridPosition":62,"endGridPositon":111,"solutionPosition":13,"pathTag":1,"direction":1,"solutions":""}={"startingGridPosition":111,"endGridPositon":104,"solutionPosition":14,"pathTag":1,"direction":1,"solutions":""}={"startingGridPosition":104,"endGridPositon":117,"solutionPosition":15,"pathTag":1,"direction":1,"solutions":""}={"startingGridPosition":117,"endGridPositon":66,"solutionPosition":16,"pathTag":1,"direction":1,"solutions":""}={"startingGridPosition":66,"endGridPositon":104,"solutionPosition":17,"pathTag":1,"direction":1,"solutions":""}={"startingGridPosition":104,"endGridPositon":62,"solutionPosition":18,"pathTag":1,"direction":1,"solutions":""}