{"startingGridPosition":95,"endGridPositon":66,"solutionPosition":1,"pathTag":1,"direction":1,"solutions":""}={"startingGridPosition":66,"endGridPositon":65,"solutionPosition":2,"pathTag":1,"direction":1,"solutions":""}={"startingGridPosition":65,"endGridPositon":26,"solutionPosition":3,"pathTag":1,"direction":1,"solutions":""}={"startingGridPosition":26,"endGridPositon":22,"solutionPosition":4,"pathTag":1,"direction":1,"solutions":""}={"startingGridPosition":22,"endGridPositon":63,"solutionPosition":5,"pathTag":1,"direction":1,"solutions":""}={"startingGridPosition":63,"endGridPositon":65,"solutionPosition":6,"pathTag":1,"direction":1,"solutions":""}={"startingGridPosition":65,"endGridPositon":84,"solutionPosition":7,"pathTag":1,"direction":1,"solutions":""}={"startingGridPosition":84,"endGridPositon":63,"solutionPosition":8,"pathTag":1,"direction":1,"solutions":""}={"startingGridPosition":63,"endGridPositon":61,"solutionPosition":9,"pathTag":1,"direction":1,"solutions":""}={"startingGridPosition":61,"endGridPositon":93,"solutionPosition":10,"pathTag":1,"direction":1,"solutions":""}={"startingGridPosition":93,"endGridPositon":95,"solutionPosition":11,"pathTag":1,"direction":1,"solutions":""}={"startingGridPosition":95,"endGridPositon":104,"solutionPosition":12,"pathTag":1,"direction":1,"solutions":""}={"startingGridPosition":104,"endGridPositon":93,"solutionPosition":13,"pathTag":1,"direction":1,"solutions":""}={"startingGridPosition":93,"endGridPositon":91,"solutionPosition":14,"pathTag":1,"direction":1,"solutions":""}={"startingGridPosition":91,"endGridPositon":124,"solutionPosition":15,"pathTag":1,"direction":1,"solutions":""}={"startingGridPosition":124,"endGridPositon":97,"solutionPosition":16,"pathTag":1,"direction":1,"solutions":""}={"startingGridPosition":97,"endGridPositon":95,"solutionPosition":17,"pathTag":1,"direction":1,"solutions":""}