{"startingGridPosition":76,"endGridPositon":54,"solutionPosition":1,"pathTag":1,"direction":1,"solutions":""}={"startingGridPosition":54,"endGridPositon":45,"solutionPosition":2,"pathTag":1,"direction":1,"solutions":""}={"startingGridPosition":45,"endGridPositon":25,"solutionPosition":3,"pathTag":1,"direction":1,"solutions":""}={"startingGridPosition":25,"endGridPositon":34,"solutionPosition":4,"pathTag":1,"direction":1,"solutions":""}={"startingGridPosition":34,"endGridPositon":23,"solutionPosition":5,"pathTag":1,"direction":1,"solutions":""}={"startingGridPosition":23,"endGridPositon":43,"solutionPosition":6,"pathTag":1,"direction":1,"solutions":""}={"startingGridPosition":43,"endGridPositon":54,"solutionPosition":7,"pathTag":1,"direction":1,"solutions":""}={"startingGridPosition":54,"endGridPositon":72,"solutionPosition":8,"pathTag":1,"direction":1,"solutions":""}={"startingGridPosition":72,"endGridPositon":94,"solutionPosition":9,"pathTag":1,"direction":1,"solutions":""}={"startingGridPosition":94,"endGridPositon":76,"solutionPosition":10,"pathTag":1,"direction":2,"solutions":""}={"startingGridPosition":76,"endGridPositon":37,"solutionPosition":11,"pathTag":1,"direction":1,"solutions":""}={"startingGridPosition":37,"endGridPositon":16,"solutionPosition":12,"pathTag":1,"direction":1,"solutions":""}={"startingGridPosition":16,"endGridPositon":115,"solutionPosition":13,"pathTag":1,"direction":1,"solutions":""}={"startingGridPosition":115,"endGridPositon":54,"solutionPosition":14,"pathTag":1,"direction":1,"solutions":""}={"startingGridPosition":54,"endGridPositon":113,"solutionPosition":15,"pathTag":1,"direction":1,"solutions":""}={"startingGridPosition":113,"endGridPositon":12,"solutionPosition":16,"pathTag":1,"direction":1,"solutions":""}={"startingGridPosition":12,"endGridPositon":41,"solutionPosition":17,"pathTag":2,"direction":1,"solutions":"17_s,20_o"}={"startingGridPosition":41,"endGridPositon":72,"solutionPosition":18,"pathTag":2,"direction":1,"solutions":"18_s,19_o"}