{"startingGridPosition":24,"endGridPositon":32,"solutionPosition":1,"pathTag":1,"direction":1,"solutions":""}={"startingGridPosition":32,"endGridPositon":74,"solutionPosition":2,"pathTag":1,"direction":1,"solutions":""}={"startingGridPosition":74,"endGridPositon":116,"solutionPosition":3,"pathTag":1,"direction":1,"solutions":""}={"startingGridPosition":116,"endGridPositon":104,"solutionPosition":4,"pathTag":1,"direction":1,"solutions":""}={"startingGridPosition":104,"endGridPositon":76,"solutionPosition":5,"pathTag":1,"direction":1,"solutions":""}={"startingGridPosition":76,"endGridPositon":24,"solutionPosition":6,"pathTag":1,"direction":1,"solutions":""}={"startingGridPosition":24,"endGridPositon":72,"solutionPosition":7,"pathTag":1,"direction":1,"solutions":""}={"startingGridPosition":72,"endGridPositon":104,"solutionPosition":8,"pathTag":1,"direction":1,"solutions":""}={"startingGridPosition":104,"endGridPositon":112,"solutionPosition":9,"pathTag":1,"direction":1,"solutions":""}={"startingGridPosition":112,"endGridPositon":74,"solutionPosition":10,"pathTag":1,"direction":1,"solutions":""}={"startingGridPosition":74,"endGridPositon":107,"solutionPosition":11,"pathTag":1,"direction":1,"solutions":""}={"startingGridPosition":107,"endGridPositon":67,"solutionPosition":12,"pathTag":1,"direction":1,"solutions":""}={"startingGridPosition":67,"endGridPositon":44,"solutionPosition":13,"pathTag":1,"direction":1,"solutions":""}={"startingGridPosition":44,"endGridPositon":61,"solutionPosition":14,"pathTag":1,"direction":1,"solutions":""}={"startingGridPosition":61,"endGridPositon":101,"solutionPosition":15,"pathTag":1,"direction":1,"solutions":""}={"startingGridPosition":101,"endGridPositon":74,"solutionPosition":16,"pathTag":1,"direction":1,"solutions":""}={"startingGridPosition":74,"endGridPositon":36,"solutionPosition":17,"pathTag":1,"direction":1,"solutions":""}={"startingGridPosition":36,"endGridPositon":24,"solutionPosition":18,"pathTag":1,"direction":1,"solutions":""}