{"startingGridPosition":85,"endGridPositon":83,"solutionPosition":1,"pathTag":1,"direction":1,"solutions":""}={"startingGridPosition":83,"endGridPositon":122,"solutionPosition":2,"pathTag":1,"direction":1,"solutions":""}={"startingGridPosition":122,"endGridPositon":111,"solutionPosition":3,"pathTag":1,"direction":1,"solutions":""}={"startingGridPosition":111,"endGridPositon":42,"solutionPosition":4,"pathTag":1,"direction":2,"solutions":""}={"startingGridPosition":42,"endGridPositon":64,"solutionPosition":5,"pathTag":1,"direction":1,"solutions":""}={"startingGridPosition":64,"endGridPositon":14,"solutionPosition":6,"pathTag":2,"direction":1,"solutions":"6_s,16_s"}={"startingGridPosition":14,"endGridPositon":33,"solutionPosition":7,"pathTag":1,"direction":1,"solutions":""}={"startingGridPosition":33,"endGridPositon":83,"solutionPosition":8,"pathTag":1,"direction":1,"solutions":""}={"startingGridPosition":83,"endGridPositon":113,"solutionPosition":9,"pathTag":1,"direction":1,"solutions":""}={"startingGridPosition":113,"endGridPositon":115,"solutionPosition":10,"pathTag":1,"direction":1,"solutions":""}={"startingGridPosition":115,"endGridPositon":85,"solutionPosition":11,"pathTag":1,"direction":1,"solutions":""}={"startingGridPosition":85,"endGridPositon":126,"solutionPosition":12,"pathTag":1,"direction":1,"solutions":""}={"startingGridPosition":126,"endGridPositon":117,"solutionPosition":13,"pathTag":1,"direction":2,"solutions":""}={"startingGridPosition":117,"endGridPositon":46,"solutionPosition":14,"pathTag":1,"direction":1,"solutions":""}={"startingGridPosition":46,"endGridPositon":64,"solutionPosition":15,"pathTag":1,"direction":1,"solutions":""}={"startingGridPosition":14,"endGridPositon":35,"solutionPosition":17,"pathTag":1,"direction":1,"solutions":""}={"startingGridPosition":35,"endGridPositon":85,"solutionPosition":18,"pathTag":1,"direction":1,"solutions":""}