{"startingGridPosition":102,"endGridPositon":44,"solutionPosition":1,"pathTag":1,"direction":2,"solutions":""}={"startingGridPosition":44,"endGridPositon":106,"solutionPosition":2,"pathTag":1,"direction":1,"solutions":""}={"startingGridPosition":106,"endGridPositon":104,"solutionPosition":3,"pathTag":1,"direction":1,"solutions":""}={"startingGridPosition":104,"endGridPositon":15,"solutionPosition":4,"pathTag":1,"direction":1,"solutions":""}={"startingGridPosition":15,"endGridPositon":117,"solutionPosition":5,"pathTag":1,"direction":1,"solutions":""}={"startingGridPosition":117,"endGridPositon":106,"solutionPosition":6,"pathTag":2,"direction":1,"solutions":"6_s,9_s"}={"startingGridPosition":106,"endGridPositon":125,"solutionPosition":7,"pathTag":1,"direction":1,"solutions":""}={"startingGridPosition":125,"endGridPositon":117,"solutionPosition":8,"pathTag":1,"direction":1,"solutions":""}={"startingGridPosition":106,"endGridPositon":24,"solutionPosition":10,"pathTag":1,"direction":1,"solutions":""}={"startingGridPosition":24,"endGridPositon":102,"solutionPosition":11,"pathTag":1,"direction":1,"solutions":""}={"startingGridPosition":102,"endGridPositon":104,"solutionPosition":12,"pathTag":1,"direction":1,"solutions":""}={"startingGridPosition":104,"endGridPositon":13,"solutionPosition":13,"pathTag":1,"direction":1,"solutions":""}={"startingGridPosition":13,"endGridPositon":111,"solutionPosition":14,"pathTag":1,"direction":1,"solutions":""}={"startingGridPosition":111,"endGridPositon":123,"solutionPosition":15,"pathTag":1,"direction":1,"solutions":""}={"startingGridPosition":123,"endGridPositon":125,"solutionPosition":16,"pathTag":1,"direction":1,"solutions":""}={"startingGridPosition":125,"endGridPositon":44,"solutionPosition":17,"pathTag":1,"direction":1,"solutions":""}={"startingGridPosition":44,"endGridPositon":123,"solutionPosition":18,"pathTag":1,"direction":1,"solutions":""}={"startingGridPosition":123,"endGridPositon":102,"solutionPosition":19,"pathTag":1,"direction":1,"solutions":""}={"startingGridPosition":102,"endGridPositon":111,"solutionPosition":20,"pathTag":1,"direction":1,"solutions":""}