{"startingGridPosition":23,"endGridPositon":14,"solutionPosition":1,"pathTag":1,"direction":1,"solutions":""}={"startingGridPosition":14,"endGridPositon":25,"solutionPosition":2,"pathTag":1,"direction":1,"solutions":""}={"startingGridPosition":25,"endGridPositon":64,"solutionPosition":3,"pathTag":1,"direction":1,"solutions":""}={"startingGridPosition":64,"endGridPositon":96,"solutionPosition":4,"pathTag":1,"direction":1,"solutions":""}={"startingGridPosition":96,"endGridPositon":57,"solutionPosition":5,"pathTag":1,"direction":1,"solutions":""}={"startingGridPosition":57,"endGridPositon":64,"solutionPosition":6,"pathTag":1,"direction":1,"solutions":""}={"startingGridPosition":64,"endGridPositon":51,"solutionPosition":7,"pathTag":1,"direction":1,"solutions":""}={"startingGridPosition":51,"endGridPositon":92,"solutionPosition":8,"pathTag":1,"direction":1,"solutions":""}={"startingGridPosition":92,"endGridPositon":64,"solutionPosition":9,"pathTag":1,"direction":1,"solutions":""}={"startingGridPosition":64,"endGridPositon":115,"solutionPosition":10,"pathTag":1,"direction":1,"solutions":""}={"startingGridPosition":115,"endGridPositon":94,"solutionPosition":11,"pathTag":1,"direction":1,"solutions":""}={"startingGridPosition":94,"endGridPositon":113,"solutionPosition":12,"pathTag":1,"direction":1,"solutions":""}={"startingGridPosition":113,"endGridPositon":64,"solutionPosition":13,"pathTag":1,"direction":1,"solutions":""}={"startingGridPosition":64,"endGridPositon":23,"solutionPosition":14,"pathTag":1,"direction":1,"solutions":""}={"startingGridPosition":23,"endGridPositon":51,"solutionPosition":15,"pathTag":1,"direction":1,"solutions":""}={"startingGridPosition":51,"endGridPositon":57,"solutionPosition":16,"pathTag":1,"direction":1,"solutions":""}={"startingGridPosition":57,"endGridPositon":25,"solutionPosition":17,"pathTag":1,"direction":1,"solutions":""}