{"startingGridPosition":44,"endGridPositon":21,"solutionPosition":1,"pathTag":1,"direction":1,"solutions":""}={"startingGridPosition":21,"endGridPositon":12,"solutionPosition":2,"pathTag":1,"direction":1,"solutions":""}={"startingGridPosition":12,"endGridPositon":24,"solutionPosition":3,"pathTag":1,"direction":1,"solutions":""}={"startingGridPosition":24,"endGridPositon":81,"solutionPosition":4,"pathTag":1,"direction":1,"solutions":""}={"startingGridPosition":81,"endGridPositon":104,"solutionPosition":5,"pathTag":1,"direction":1,"solutions":""}={"startingGridPosition":104,"endGridPositon":87,"solutionPosition":6,"pathTag":1,"direction":1,"solutions":""}={"startingGridPosition":87,"endGridPositon":24,"solutionPosition":7,"pathTag":1,"direction":1,"solutions":""}={"startingGridPosition":24,"endGridPositon":16,"solutionPosition":8,"pathTag":1,"direction":1,"solutions":""}={"startingGridPosition":16,"endGridPositon":27,"solutionPosition":9,"pathTag":1,"direction":1,"solutions":""}={"startingGridPosition":27,"endGridPositon":44,"solutionPosition":10,"pathTag":1,"direction":1,"solutions":""}={"startingGridPosition":44,"endGridPositon":84,"solutionPosition":11,"pathTag":1,"direction":1,"solutions":""}={"startingGridPosition":84,"endGridPositon":101,"solutionPosition":12,"pathTag":1,"direction":1,"solutions":""}={"startingGridPosition":101,"endGridPositon":123,"solutionPosition":13,"pathTag":1,"direction":1,"solutions":""}={"startingGridPosition":123,"endGridPositon":125,"solutionPosition":14,"pathTag":1,"direction":1,"solutions":""}={"startingGridPosition":125,"endGridPositon":107,"solutionPosition":15,"pathTag":1,"direction":1,"solutions":""}={"startingGridPosition":107,"endGridPositon":84,"solutionPosition":16,"pathTag":1,"direction":1,"solutions":""}