{"startingGridPosition":84,"endGridPositon":95,"solutionPosition":1,"pathTag":2,"direction":1,"solutions":"1_s,13_o"}={"startingGridPosition":95,"endGridPositon":46,"solutionPosition":2,"pathTag":2,"direction":1,"solutions":"2_s,12_o"}={"startingGridPosition":46,"endGridPositon":57,"solutionPosition":3,"pathTag":1,"direction":1,"solutions":""}={"startingGridPosition":57,"endGridPositon":126,"solutionPosition":4,"pathTag":1,"direction":1,"solutions":""}={"startingGridPosition":126,"endGridPositon":122,"solutionPosition":5,"pathTag":1,"direction":2,"solutions":""}={"startingGridPosition":122,"endGridPositon":51,"solutionPosition":6,"pathTag":1,"direction":1,"solutions":""}={"startingGridPosition":51,"endGridPositon":42,"solutionPosition":7,"pathTag":1,"direction":1,"solutions":""}={"startingGridPosition":42,"endGridPositon":53,"solutionPosition":8,"pathTag":1,"direction":1,"solutions":""}={"startingGridPosition":53,"endGridPositon":24,"solutionPosition":9,"pathTag":1,"direction":1,"solutions":""}={"startingGridPosition":24,"endGridPositon":55,"solutionPosition":10,"pathTag":1,"direction":1,"solutions":""}={"startingGridPosition":55,"endGridPositon":46,"solutionPosition":11,"pathTag":1,"direction":1,"solutions":""}={"startingGridPosition":84,"endGridPositon":23,"solutionPosition":14,"pathTag":1,"direction":1,"solutions":""}={"startingGridPosition":23,"endGridPositon":14,"solutionPosition":15,"pathTag":1,"direction":1,"solutions":""}={"startingGridPosition":14,"endGridPositon":25,"solutionPosition":16,"pathTag":1,"direction":1,"solutions":""}={"startingGridPosition":25,"endGridPositon":84,"solutionPosition":17,"pathTag":1,"direction":1,"solutions":""}={"startingGridPosition":84,"endGridPositon":93,"solutionPosition":18,"pathTag":1,"direction":1,"solutions":""}={"startingGridPosition":93,"endGridPositon":42,"solutionPosition":19,"pathTag":1,"direction":1,"solutions":""}