{"startingGridPosition":124,"endGridPositon":117,"solutionPosition":1,"pathTag":1,"direction":1,"solutions":""}={"startingGridPosition":117,"endGridPositon":54,"solutionPosition":2,"pathTag":1,"direction":1,"solutions":""}={"startingGridPosition":54,"endGridPositon":111,"solutionPosition":3,"pathTag":1,"direction":1,"solutions":""}={"startingGridPosition":111,"endGridPositon":124,"solutionPosition":4,"pathTag":1,"direction":1,"solutions":""}={"startingGridPosition":124,"endGridPositon":84,"solutionPosition":5,"pathTag":1,"direction":1,"solutions":""}={"startingGridPosition":84,"endGridPositon":47,"solutionPosition":6,"pathTag":1,"direction":1,"solutions":""}={"startingGridPosition":47,"endGridPositon":24,"solutionPosition":7,"pathTag":1,"direction":1,"solutions":""}={"startingGridPosition":24,"endGridPositon":41,"solutionPosition":8,"pathTag":1,"direction":1,"solutions":""}={"startingGridPosition":41,"endGridPositon":84,"solutionPosition":9,"pathTag":1,"direction":1,"solutions":""}={"startingGridPosition":84,"endGridPositon":12,"solutionPosition":10,"pathTag":1,"direction":1,"solutions":""}={"startingGridPosition":12,"endGridPositon":24,"solutionPosition":11,"pathTag":1,"direction":1,"solutions":""}={"startingGridPosition":24,"endGridPositon":61,"solutionPosition":12,"pathTag":1,"direction":1,"solutions":""}={"startingGridPosition":61,"endGridPositon":124,"solutionPosition":13,"pathTag":1,"direction":1,"solutions":""}={"startingGridPosition":124,"endGridPositon":67,"solutionPosition":14,"pathTag":1,"direction":1,"solutions":""}={"startingGridPosition":67,"endGridPositon":24,"solutionPosition":15,"pathTag":1,"direction":1,"solutions":""}={"startingGridPosition":24,"endGridPositon":16,"solutionPosition":16,"pathTag":1,"direction":1,"solutions":""}={"startingGridPosition":16,"endGridPositon":84,"solutionPosition":17,"pathTag":1,"direction":1,"solutions":""}