{"startingGridPosition":92,"endGridPositon":84,"solutionPosition":1,"pathTag":1,"direction":1,"solutions":""}={"startingGridPosition":84,"endGridPositon":96,"solutionPosition":2,"pathTag":1,"direction":1,"solutions":""}={"startingGridPosition":96,"endGridPositon":125,"solutionPosition":3,"pathTag":1,"direction":1,"solutions":""}={"startingGridPosition":125,"endGridPositon":123,"solutionPosition":4,"pathTag":1,"direction":1,"solutions":""}={"startingGridPosition":123,"endGridPositon":92,"solutionPosition":5,"pathTag":1,"direction":1,"solutions":""}={"startingGridPosition":92,"endGridPositon":61,"solutionPosition":6,"pathTag":1,"direction":1,"solutions":""}={"startingGridPosition":61,"endGridPositon":32,"solutionPosition":7,"pathTag":1,"direction":1,"solutions":""}={"startingGridPosition":32,"endGridPositon":11,"solutionPosition":8,"pathTag":1,"direction":1,"solutions":""}={"startingGridPosition":11,"endGridPositon":44,"solutionPosition":9,"pathTag":1,"direction":1,"solutions":""}={"startingGridPosition":44,"endGridPositon":17,"solutionPosition":10,"pathTag":1,"direction":1,"solutions":""}={"startingGridPosition":17,"endGridPositon":36,"solutionPosition":11,"pathTag":1,"direction":1,"solutions":""}={"startingGridPosition":36,"endGridPositon":84,"solutionPosition":12,"pathTag":1,"direction":1,"solutions":""}={"startingGridPosition":84,"endGridPositon":32,"solutionPosition":13,"pathTag":1,"direction":1,"solutions":""}={"startingGridPosition":32,"endGridPositon":24,"solutionPosition":14,"pathTag":1,"direction":1,"solutions":""}={"startingGridPosition":24,"endGridPositon":36,"solutionPosition":15,"pathTag":1,"direction":1,"solutions":""}={"startingGridPosition":36,"endGridPositon":67,"solutionPosition":16,"pathTag":1,"direction":1,"solutions":""}={"startingGridPosition":67,"endGridPositon":96,"solutionPosition":17,"pathTag":1,"direction":1,"solutions":""}