{"startingGridPosition":95,"endGridPositon":67,"solutionPosition":1,"pathTag":1,"direction":1,"solutions":""}={"startingGridPosition":67,"endGridPositon":34,"solutionPosition":2,"pathTag":1,"direction":1,"solutions":""}={"startingGridPosition":34,"endGridPositon":61,"solutionPosition":3,"pathTag":1,"direction":1,"solutions":""}={"startingGridPosition":61,"endGridPositon":93,"solutionPosition":4,"pathTag":1,"direction":1,"solutions":""}={"startingGridPosition":93,"endGridPositon":84,"solutionPosition":5,"pathTag":1,"direction":1,"solutions":""}={"startingGridPosition":84,"endGridPositon":95,"solutionPosition":6,"pathTag":1,"direction":1,"solutions":""}={"startingGridPosition":95,"endGridPositon":104,"solutionPosition":7,"pathTag":1,"direction":1,"solutions":""}={"startingGridPosition":104,"endGridPositon":127,"solutionPosition":8,"pathTag":1,"direction":1,"solutions":""}={"startingGridPosition":127,"endGridPositon":65,"solutionPosition":9,"pathTag":1,"direction":1,"solutions":""}={"startingGridPosition":65,"endGridPositon":17,"solutionPosition":10,"pathTag":1,"direction":1,"solutions":""}={"startingGridPosition":17,"endGridPositon":54,"solutionPosition":11,"pathTag":1,"direction":1,"solutions":""}={"startingGridPosition":54,"endGridPositon":11,"solutionPosition":12,"pathTag":1,"direction":1,"solutions":""}={"startingGridPosition":11,"endGridPositon":63,"solutionPosition":13,"pathTag":1,"direction":1,"solutions":""}={"startingGridPosition":63,"endGridPositon":121,"solutionPosition":14,"pathTag":1,"direction":1,"solutions":""}={"startingGridPosition":121,"endGridPositon":104,"solutionPosition":15,"pathTag":1,"direction":1,"solutions":""}={"startingGridPosition":104,"endGridPositon":93,"solutionPosition":16,"pathTag":1,"direction":1,"solutions":""}