{"startingGridPosition":127,"endGridPositon":73,"solutionPosition":1,"pathTag":1,"direction":1,"solutions":""}={"startingGridPosition":73,"endGridPositon":21,"solutionPosition":2,"pathTag":1,"direction":1,"solutions":""}={"startingGridPosition":21,"endGridPositon":14,"solutionPosition":3,"pathTag":1,"direction":1,"solutions":""}={"startingGridPosition":14,"endGridPositon":27,"solutionPosition":4,"pathTag":1,"direction":1,"solutions":""}={"startingGridPosition":27,"endGridPositon":75,"solutionPosition":5,"pathTag":1,"direction":1,"solutions":""}={"startingGridPosition":75,"endGridPositon":121,"solutionPosition":6,"pathTag":1,"direction":1,"solutions":""}={"startingGridPosition":121,"endGridPositon":114,"solutionPosition":7,"pathTag":1,"direction":1,"solutions":""}={"startingGridPosition":114,"endGridPositon":127,"solutionPosition":8,"pathTag":1,"direction":1,"solutions":""}={"startingGridPosition":127,"endGridPositon":75,"solutionPosition":9,"pathTag":1,"direction":1,"solutions":""}={"startingGridPosition":75,"endGridPositon":44,"solutionPosition":10,"pathTag":1,"direction":1,"solutions":""}={"startingGridPosition":44,"endGridPositon":107,"solutionPosition":11,"pathTag":1,"direction":1,"solutions":""}={"startingGridPosition":107,"endGridPositon":14,"solutionPosition":12,"pathTag":1,"direction":1,"solutions":""}={"startingGridPosition":14,"endGridPositon":101,"solutionPosition":13,"pathTag":1,"direction":1,"solutions":""}={"startingGridPosition":101,"endGridPositon":44,"solutionPosition":14,"pathTag":1,"direction":1,"solutions":""}={"startingGridPosition":44,"endGridPositon":73,"solutionPosition":15,"pathTag":1,"direction":1,"solutions":""}={"startingGridPosition":73,"endGridPositon":121,"solutionPosition":16,"pathTag":1,"direction":1,"solutions":""}