{"startingGridPosition":23,"endGridPositon":34,"solutionPosition":1,"pathTag":1,"direction":1,"solutions":""}={"startingGridPosition":34,"endGridPositon":25,"solutionPosition":2,"pathTag":1,"direction":1,"solutions":""}={"startingGridPosition":25,"endGridPositon":64,"solutionPosition":3,"pathTag":1,"direction":1,"solutions":""}={"startingGridPosition":64,"endGridPositon":23,"solutionPosition":4,"pathTag":1,"direction":1,"solutions":""}={"startingGridPosition":23,"endGridPositon":104,"solutionPosition":5,"pathTag":1,"direction":1,"solutions":""}={"startingGridPosition":104,"endGridPositon":96,"solutionPosition":6,"pathTag":1,"direction":1,"solutions":""}={"startingGridPosition":96,"endGridPositon":92,"solutionPosition":7,"pathTag":1,"direction":1,"solutions":""}={"startingGridPosition":92,"endGridPositon":81,"solutionPosition":8,"pathTag":1,"direction":1,"solutions":""}={"startingGridPosition":81,"endGridPositon":64,"solutionPosition":9,"pathTag":1,"direction":1,"solutions":""}={"startingGridPosition":64,"endGridPositon":87,"solutionPosition":10,"pathTag":1,"direction":1,"solutions":""}={"startingGridPosition":87,"endGridPositon":96,"solutionPosition":11,"pathTag":1,"direction":1,"solutions":""}={"startingGridPosition":96,"endGridPositon":127,"solutionPosition":12,"pathTag":1,"direction":1,"solutions":""}={"startingGridPosition":127,"endGridPositon":104,"solutionPosition":13,"pathTag":1,"direction":1,"solutions":""}={"startingGridPosition":104,"endGridPositon":121,"solutionPosition":14,"pathTag":1,"direction":1,"solutions":""}={"startingGridPosition":121,"endGridPositon":92,"solutionPosition":15,"pathTag":1,"direction":1,"solutions":""}={"startingGridPosition":92,"endGridPositon":104,"solutionPosition":16,"pathTag":1,"direction":1,"solutions":""}={"startingGridPosition":104,"endGridPositon":25,"solutionPosition":17,"pathTag":1,"direction":1,"solutions":""}