{"startingGridPosition":77,"endGridPositon":125,"solutionPosition":1,"pathTag":1,"direction":1,"solutions":""}={"startingGridPosition":125,"endGridPositon":74,"solutionPosition":2,"pathTag":1,"direction":1,"solutions":""}={"startingGridPosition":74,"endGridPositon":52,"solutionPosition":3,"pathTag":1,"direction":1,"solutions":""}={"startingGridPosition":52,"endGridPositon":43,"solutionPosition":4,"pathTag":1,"direction":1,"solutions":""}={"startingGridPosition":43,"endGridPositon":24,"solutionPosition":5,"pathTag":1,"direction":1,"solutions":""}={"startingGridPosition":24,"endGridPositon":45,"solutionPosition":6,"pathTag":1,"direction":1,"solutions":""}={"startingGridPosition":45,"endGridPositon":43,"solutionPosition":7,"pathTag":1,"direction":1,"solutions":""}={"startingGridPosition":43,"endGridPositon":74,"solutionPosition":8,"pathTag":1,"direction":1,"solutions":""}={"startingGridPosition":74,"endGridPositon":45,"solutionPosition":9,"pathTag":1,"direction":1,"solutions":""}={"startingGridPosition":45,"endGridPositon":56,"solutionPosition":10,"pathTag":1,"direction":1,"solutions":""}={"startingGridPosition":56,"endGridPositon":74,"solutionPosition":11,"pathTag":1,"direction":1,"solutions":""}={"startingGridPosition":74,"endGridPositon":77,"solutionPosition":12,"pathTag":1,"direction":1,"solutions":""}={"startingGridPosition":77,"endGridPositon":114,"solutionPosition":13,"pathTag":1,"direction":1,"solutions":""}={"startingGridPosition":114,"endGridPositon":71,"solutionPosition":14,"pathTag":1,"direction":1,"solutions":""}={"startingGridPosition":71,"endGridPositon":123,"solutionPosition":15,"pathTag":1,"direction":1,"solutions":""}={"startingGridPosition":123,"endGridPositon":74,"solutionPosition":16,"pathTag":1,"direction":1,"solutions":""}={"startingGridPosition":74,"endGridPositon":71,"solutionPosition":17,"pathTag":1,"direction":1,"solutions":""}