{"startingGridPosition":115,"endGridPositon":106,"solutionPosition":1,"pathTag":1,"direction":1,"solutions":""}={"startingGridPosition":106,"endGridPositon":84,"solutionPosition":2,"pathTag":1,"direction":1,"solutions":""}={"startingGridPosition":84,"endGridPositon":102,"solutionPosition":3,"pathTag":1,"direction":1,"solutions":""}={"startingGridPosition":102,"endGridPositon":113,"solutionPosition":4,"pathTag":1,"direction":1,"solutions":""}={"startingGridPosition":113,"endGridPositon":44,"solutionPosition":5,"pathTag":1,"direction":1,"solutions":""}={"startingGridPosition":44,"endGridPositon":91,"solutionPosition":6,"pathTag":1,"direction":1,"solutions":""}={"startingGridPosition":91,"endGridPositon":104,"solutionPosition":7,"pathTag":1,"direction":1,"solutions":""}={"startingGridPosition":104,"endGridPositon":97,"solutionPosition":8,"pathTag":1,"direction":1,"solutions":""}={"startingGridPosition":97,"endGridPositon":44,"solutionPosition":9,"pathTag":1,"direction":1,"solutions":""}={"startingGridPosition":44,"endGridPositon":115,"solutionPosition":10,"pathTag":1,"direction":1,"solutions":""}={"startingGridPosition":115,"endGridPositon":124,"solutionPosition":11,"pathTag":1,"direction":1,"solutions":""}={"startingGridPosition":124,"endGridPositon":117,"solutionPosition":12,"pathTag":1,"direction":1,"solutions":""}={"startingGridPosition":117,"endGridPositon":14,"solutionPosition":13,"pathTag":1,"direction":1,"solutions":""}={"startingGridPosition":14,"endGridPositon":111,"solutionPosition":14,"pathTag":1,"direction":1,"solutions":""}={"startingGridPosition":111,"endGridPositon":124,"solutionPosition":15,"pathTag":1,"direction":1,"solutions":""}