{"startingGridPosition":126,"endGridPositon":96,"solutionPosition":1,"pathTag":1,"direction":1,"solutions":""}={"startingGridPosition":96,"endGridPositon":17,"solutionPosition":2,"pathTag":1,"direction":1,"solutions":""}={"startingGridPosition":17,"endGridPositon":34,"solutionPosition":3,"pathTag":1,"direction":1,"solutions":""}={"startingGridPosition":34,"endGridPositon":11,"solutionPosition":4,"pathTag":1,"direction":1,"solutions":""}={"startingGridPosition":11,"endGridPositon":92,"solutionPosition":5,"pathTag":1,"direction":1,"solutions":""}={"startingGridPosition":92,"endGridPositon":122,"solutionPosition":6,"pathTag":1,"direction":1,"solutions":""}={"startingGridPosition":122,"endGridPositon":101,"solutionPosition":7,"pathTag":1,"direction":1,"solutions":""}={"startingGridPosition":101,"endGridPositon":51,"solutionPosition":8,"pathTag":1,"direction":1,"solutions":""}={"startingGridPosition":51,"endGridPositon":57,"solutionPosition":9,"pathTag":1,"direction":1,"solutions":""}={"startingGridPosition":57,"endGridPositon":107,"solutionPosition":10,"pathTag":1,"direction":1,"solutions":""}={"startingGridPosition":107,"endGridPositon":126,"solutionPosition":11,"pathTag":1,"direction":1,"solutions":""}={"startingGridPosition":126,"endGridPositon":114,"solutionPosition":12,"pathTag":1,"direction":1,"solutions":""}={"startingGridPosition":114,"endGridPositon":96,"solutionPosition":13,"pathTag":1,"direction":1,"solutions":""}={"startingGridPosition":96,"endGridPositon":14,"solutionPosition":14,"pathTag":1,"direction":1,"solutions":""}={"startingGridPosition":14,"endGridPositon":92,"solutionPosition":15,"pathTag":1,"direction":1,"solutions":""}={"startingGridPosition":92,"endGridPositon":114,"solutionPosition":16,"pathTag":1,"direction":1,"solutions":""}={"startingGridPosition":114,"endGridPositon":122,"solutionPosition":17,"pathTag":1,"direction":1,"solutions":""}