{"startingGridPosition":63,"endGridPositon":114,"solutionPosition":1,"pathTag":1,"direction":1,"solutions":""}={"startingGridPosition":114,"endGridPositon":123,"solutionPosition":2,"pathTag":1,"direction":1,"solutions":""}={"startingGridPosition":123,"endGridPositon":81,"solutionPosition":3,"pathTag":1,"direction":1,"solutions":""}={"startingGridPosition":81,"endGridPositon":64,"solutionPosition":4,"pathTag":1,"direction":1,"solutions":""}={"startingGridPosition":64,"endGridPositon":87,"solutionPosition":5,"pathTag":1,"direction":1,"solutions":""}={"startingGridPosition":87,"endGridPositon":125,"solutionPosition":6,"pathTag":1,"direction":1,"solutions":""}={"startingGridPosition":125,"endGridPositon":114,"solutionPosition":7,"pathTag":1,"direction":1,"solutions":""}={"startingGridPosition":114,"endGridPositon":46,"solutionPosition":8,"pathTag":1,"direction":1,"solutions":""}={"startingGridPosition":46,"endGridPositon":27,"solutionPosition":9,"pathTag":1,"direction":1,"solutions":""}={"startingGridPosition":27,"endGridPositon":16,"solutionPosition":10,"pathTag":1,"direction":1,"solutions":""}={"startingGridPosition":16,"endGridPositon":84,"solutionPosition":11,"pathTag":1,"direction":1,"solutions":""}={"startingGridPosition":84,"endGridPositon":63,"solutionPosition":12,"pathTag":1,"direction":1,"solutions":""}={"startingGridPosition":63,"endGridPositon":21,"solutionPosition":13,"pathTag":1,"direction":1,"solutions":""}={"startingGridPosition":21,"endGridPositon":12,"solutionPosition":14,"pathTag":1,"direction":1,"solutions":""}={"startingGridPosition":12,"endGridPositon":84,"solutionPosition":15,"pathTag":1,"direction":1,"solutions":""}