{"startingGridPosition":72,"endGridPositon":94,"solutionPosition":1,"pathTag":1,"direction":1,"solutions":""}={"startingGridPosition":94,"endGridPositon":15,"solutionPosition":2,"pathTag":1,"direction":1,"solutions":""}={"startingGridPosition":15,"endGridPositon":67,"solutionPosition":3,"pathTag":1,"direction":1,"solutions":""}={"startingGridPosition":67,"endGridPositon":116,"solutionPosition":4,"pathTag":1,"direction":1,"solutions":""}={"startingGridPosition":116,"endGridPositon":24,"solutionPosition":5,"pathTag":1,"direction":1,"solutions":""}={"startingGridPosition":24,"endGridPositon":15,"solutionPosition":6,"pathTag":1,"direction":1,"solutions":""}={"startingGridPosition":15,"endGridPositon":76,"solutionPosition":7,"pathTag":1,"direction":1,"solutions":""}={"startingGridPosition":76,"endGridPositon":94,"solutionPosition":8,"pathTag":1,"direction":1,"solutions":""}={"startingGridPosition":94,"endGridPositon":13,"solutionPosition":9,"pathTag":1,"direction":1,"solutions":""}={"startingGridPosition":13,"endGridPositon":61,"solutionPosition":10,"pathTag":1,"direction":1,"solutions":""}={"startingGridPosition":61,"endGridPositon":112,"solutionPosition":11,"pathTag":1,"direction":1,"solutions":""}={"startingGridPosition":112,"endGridPositon":24,"solutionPosition":12,"pathTag":1,"direction":1,"solutions":""}={"startingGridPosition":24,"endGridPositon":13,"solutionPosition":13,"pathTag":1,"direction":1,"solutions":""}={"startingGridPosition":13,"endGridPositon":72,"solutionPosition":14,"pathTag":1,"direction":1,"solutions":""}={"startingGridPosition":72,"endGridPositon":124,"solutionPosition":15,"pathTag":1,"direction":1,"solutions":""}={"startingGridPosition":124,"endGridPositon":76,"solutionPosition":16,"pathTag":1,"direction":1,"solutions":""}