{"startingGridPosition":46,"endGridPositon":24,"solutionPosition":1,"pathTag":1,"direction":1,"solutions":""}={"startingGridPosition":24,"endGridPositon":42,"solutionPosition":2,"pathTag":1,"direction":1,"solutions":""}={"startingGridPosition":42,"endGridPositon":73,"solutionPosition":3,"pathTag":1,"direction":1,"solutions":""}={"startingGridPosition":73,"endGridPositon":64,"solutionPosition":4,"pathTag":1,"direction":1,"solutions":""}={"startingGridPosition":64,"endGridPositon":12,"solutionPosition":5,"pathTag":1,"direction":1,"solutions":""}={"startingGridPosition":12,"endGridPositon":24,"solutionPosition":6,"pathTag":1,"direction":1,"solutions":""}={"startingGridPosition":24,"endGridPositon":16,"solutionPosition":7,"pathTag":1,"direction":1,"solutions":""}={"startingGridPosition":16,"endGridPositon":64,"solutionPosition":8,"pathTag":1,"direction":1,"solutions":""}={"startingGridPosition":64,"endGridPositon":75,"solutionPosition":9,"pathTag":1,"direction":1,"solutions":""}={"startingGridPosition":75,"endGridPositon":73,"solutionPosition":10,"pathTag":1,"direction":1,"solutions":""}={"startingGridPosition":73,"endGridPositon":114,"solutionPosition":11,"pathTag":1,"direction":1,"solutions":""}={"startingGridPosition":114,"endGridPositon":75,"solutionPosition":12,"pathTag":1,"direction":1,"solutions":""}={"startingGridPosition":75,"endGridPositon":46,"solutionPosition":13,"pathTag":1,"direction":1,"solutions":""}={"startingGridPosition":46,"endGridPositon":77,"solutionPosition":14,"pathTag":1,"direction":1,"solutions":""}={"startingGridPosition":77,"endGridPositon":114,"solutionPosition":15,"pathTag":1,"direction":1,"solutions":""}={"startingGridPosition":114,"endGridPositon":71,"solutionPosition":16,"pathTag":1,"direction":1,"solutions":""}={"startingGridPosition":71,"endGridPositon":42,"solutionPosition":17,"pathTag":1,"direction":1,"solutions":""}