{"startingGridPosition":64,"endGridPositon":16,"solutionPosition":1,"pathTag":1,"direction":1,"solutions":""}={"startingGridPosition":16,"endGridPositon":117,"solutionPosition":2,"pathTag":1,"direction":1,"solutions":""}={"startingGridPosition":117,"endGridPositon":37,"solutionPosition":3,"pathTag":1,"direction":1,"solutions":""}={"startingGridPosition":37,"endGridPositon":24,"solutionPosition":4,"pathTag":1,"direction":1,"solutions":""}={"startingGridPosition":24,"endGridPositon":75,"solutionPosition":5,"pathTag":1,"direction":1,"solutions":""}={"startingGridPosition":75,"endGridPositon":94,"solutionPosition":6,"pathTag":1,"direction":1,"solutions":""}={"startingGridPosition":94,"endGridPositon":117,"solutionPosition":7,"pathTag":1,"direction":1,"solutions":""}={"startingGridPosition":117,"endGridPositon":125,"solutionPosition":8,"pathTag":1,"direction":1,"solutions":""}={"startingGridPosition":125,"endGridPositon":123,"solutionPosition":9,"pathTag":1,"direction":1,"solutions":""}={"startingGridPosition":123,"endGridPositon":111,"solutionPosition":10,"pathTag":1,"direction":1,"solutions":""}={"startingGridPosition":111,"endGridPositon":94,"solutionPosition":11,"pathTag":1,"direction":1,"solutions":""}={"startingGridPosition":94,"endGridPositon":73,"solutionPosition":12,"pathTag":1,"direction":1,"solutions":""}={"startingGridPosition":73,"endGridPositon":24,"solutionPosition":13,"pathTag":1,"direction":1,"solutions":""}={"startingGridPosition":24,"endGridPositon":31,"solutionPosition":14,"pathTag":1,"direction":1,"solutions":""}={"startingGridPosition":31,"endGridPositon":111,"solutionPosition":15,"pathTag":1,"direction":1,"solutions":""}={"startingGridPosition":111,"endGridPositon":12,"solutionPosition":16,"pathTag":1,"direction":1,"solutions":""}={"startingGridPosition":12,"endGridPositon":64,"solutionPosition":17,"pathTag":1,"direction":1,"solutions":""}