{"startingGridPosition":14,"endGridPositon":65,"solutionPosition":1,"pathTag":1,"direction":1,"solutions":""}={"startingGridPosition":65,"endGridPositon":63,"solutionPosition":2,"pathTag":1,"direction":1,"solutions":""}={"startingGridPosition":63,"endGridPositon":92,"solutionPosition":3,"pathTag":1,"direction":1,"solutions":""}={"startingGridPosition":92,"endGridPositon":124,"solutionPosition":4,"pathTag":1,"direction":1,"solutions":""}={"startingGridPosition":124,"endGridPositon":96,"solutionPosition":5,"pathTag":1,"direction":1,"solutions":""}={"startingGridPosition":96,"endGridPositon":65,"solutionPosition":6,"pathTag":1,"direction":1,"solutions":""}={"startingGridPosition":65,"endGridPositon":104,"solutionPosition":7,"pathTag":1,"direction":1,"solutions":""}={"startingGridPosition":104,"endGridPositon":63,"solutionPosition":8,"pathTag":1,"direction":1,"solutions":""}={"startingGridPosition":63,"endGridPositon":14,"solutionPosition":9,"pathTag":1,"direction":1,"solutions":""}={"startingGridPosition":14,"endGridPositon":41,"solutionPosition":10,"pathTag":1,"direction":1,"solutions":""}={"startingGridPosition":41,"endGridPositon":72,"solutionPosition":11,"pathTag":1,"direction":1,"solutions":""}={"startingGridPosition":72,"endGridPositon":121,"solutionPosition":12,"pathTag":1,"direction":1,"solutions":""}={"startingGridPosition":121,"endGridPositon":104,"solutionPosition":13,"pathTag":1,"direction":1,"solutions":""}={"startingGridPosition":104,"endGridPositon":127,"solutionPosition":14,"pathTag":1,"direction":1,"solutions":""}={"startingGridPosition":127,"endGridPositon":76,"solutionPosition":15,"pathTag":1,"direction":1,"solutions":""}={"startingGridPosition":76,"endGridPositon":47,"solutionPosition":16,"pathTag":1,"direction":1,"solutions":""}={"startingGridPosition":47,"endGridPositon":14,"solutionPosition":17,"pathTag":1,"direction":1,"solutions":""}