{"startingGridPosition":82,"endGridPositon":44,"solutionPosition":1,"pathTag":1,"direction":1,"solutions":""}={"startingGridPosition":44,"endGridPositon":61,"solutionPosition":2,"pathTag":1,"direction":1,"solutions":""}={"startingGridPosition":61,"endGridPositon":82,"solutionPosition":3,"pathTag":1,"direction":1,"solutions":""}={"startingGridPosition":82,"endGridPositon":12,"solutionPosition":4,"pathTag":1,"direction":1,"solutions":""}={"startingGridPosition":12,"endGridPositon":16,"solutionPosition":5,"pathTag":1,"direction":1,"solutions":""}={"startingGridPosition":16,"endGridPositon":86,"solutionPosition":6,"pathTag":1,"direction":1,"solutions":""}={"startingGridPosition":86,"endGridPositon":67,"solutionPosition":7,"pathTag":1,"direction":1,"solutions":""}={"startingGridPosition":67,"endGridPositon":44,"solutionPosition":8,"pathTag":1,"direction":1,"solutions":""}={"startingGridPosition":44,"endGridPositon":86,"solutionPosition":9,"pathTag":1,"direction":1,"solutions":""}={"startingGridPosition":86,"endGridPositon":117,"solutionPosition":10,"pathTag":1,"direction":1,"solutions":""}={"startingGridPosition":117,"endGridPositon":125,"solutionPosition":11,"pathTag":1,"direction":1,"solutions":""}={"startingGridPosition":125,"endGridPositon":44,"solutionPosition":12,"pathTag":1,"direction":1,"solutions":""}={"startingGridPosition":44,"endGridPositon":123,"solutionPosition":13,"pathTag":1,"direction":1,"solutions":""}={"startingGridPosition":123,"endGridPositon":111,"solutionPosition":14,"pathTag":1,"direction":1,"solutions":""}={"startingGridPosition":111,"endGridPositon":82,"solutionPosition":15,"pathTag":1,"direction":1,"solutions":""}={"startingGridPosition":82,"endGridPositon":94,"solutionPosition":16,"pathTag":1,"direction":1,"solutions":""}={"startingGridPosition":94,"endGridPositon":86,"solutionPosition":17,"pathTag":1,"direction":1,"solutions":""}