{"startingGridPosition":31,"endGridPositon":33,"solutionPosition":1,"pathTag":1,"direction":1,"solutions":""}={"startingGridPosition":33,"endGridPositon":11,"solutionPosition":2,"pathTag":1,"direction":1,"solutions":""}={"startingGridPosition":11,"endGridPositon":17,"solutionPosition":3,"pathTag":1,"direction":1,"solutions":""}={"startingGridPosition":17,"endGridPositon":37,"solutionPosition":4,"pathTag":1,"direction":1,"solutions":""}={"startingGridPosition":37,"endGridPositon":91,"solutionPosition":5,"pathTag":1,"direction":1,"solutions":""}={"startingGridPosition":91,"endGridPositon":121,"solutionPosition":6,"pathTag":1,"direction":1,"solutions":""}={"startingGridPosition":121,"endGridPositon":127,"solutionPosition":7,"pathTag":1,"direction":1,"solutions":""}={"startingGridPosition":127,"endGridPositon":95,"solutionPosition":8,"pathTag":1,"direction":1,"solutions":""}={"startingGridPosition":95,"endGridPositon":91,"solutionPosition":9,"pathTag":1,"direction":1,"solutions":""}={"startingGridPosition":91,"endGridPositon":61,"solutionPosition":10,"pathTag":1,"direction":1,"solutions":""}={"startingGridPosition":61,"endGridPositon":31,"solutionPosition":11,"pathTag":1,"direction":1,"solutions":""}={"startingGridPosition":31,"endGridPositon":95,"solutionPosition":12,"pathTag":1,"direction":1,"solutions":""}={"startingGridPosition":95,"endGridPositon":97,"solutionPosition":13,"pathTag":1,"direction":1,"solutions":""}={"startingGridPosition":97,"endGridPositon":67,"solutionPosition":14,"pathTag":1,"direction":1,"solutions":""}={"startingGridPosition":67,"endGridPositon":37,"solutionPosition":15,"pathTag":1,"direction":1,"solutions":""}={"startingGridPosition":37,"endGridPositon":33,"solutionPosition":16,"pathTag":1,"direction":1,"solutions":""}={"startingGridPosition":33,"endGridPositon":97,"solutionPosition":17,"pathTag":1,"direction":1,"solutions":""}