{"startingGridPosition":84,"endGridPositon":16,"solutionPosition":1,"pathTag":1,"direction":1,"solutions":""}={"startingGridPosition":16,"endGridPositon":44,"solutionPosition":2,"pathTag":1,"direction":1,"solutions":""}={"startingGridPosition":44,"endGridPositon":77,"solutionPosition":3,"pathTag":1,"direction":1,"solutions":""}={"startingGridPosition":77,"endGridPositon":14,"solutionPosition":4,"pathTag":1,"direction":1,"solutions":""}={"startingGridPosition":14,"endGridPositon":27,"solutionPosition":5,"pathTag":1,"direction":1,"solutions":""}={"startingGridPosition":27,"endGridPositon":114,"solutionPosition":6,"pathTag":1,"direction":1,"solutions":""}={"startingGridPosition":114,"endGridPositon":21,"solutionPosition":7,"pathTag":1,"direction":1,"solutions":""}={"startingGridPosition":21,"endGridPositon":14,"solutionPosition":8,"pathTag":1,"direction":1,"solutions":""}={"startingGridPosition":14,"endGridPositon":71,"solutionPosition":9,"pathTag":1,"direction":1,"solutions":""}={"startingGridPosition":71,"endGridPositon":44,"solutionPosition":10,"pathTag":1,"direction":1,"solutions":""}={"startingGridPosition":44,"endGridPositon":12,"solutionPosition":11,"pathTag":1,"direction":1,"solutions":""}={"startingGridPosition":12,"endGridPositon":84,"solutionPosition":12,"pathTag":1,"direction":1,"solutions":""}={"startingGridPosition":84,"endGridPositon":82,"solutionPosition":13,"pathTag":1,"direction":1,"solutions":""}={"startingGridPosition":82,"endGridPositon":123,"solutionPosition":14,"pathTag":1,"direction":1,"solutions":""}={"startingGridPosition":123,"endGridPositon":125,"solutionPosition":15,"pathTag":1,"direction":1,"solutions":""}={"startingGridPosition":125,"endGridPositon":86,"solutionPosition":16,"pathTag":1,"direction":1,"solutions":""}={"startingGridPosition":86,"endGridPositon":84,"solutionPosition":17,"pathTag":1,"direction":1,"solutions":""}