{"startingGridPosition":41,"endGridPositon":124,"solutionPosition":1,"pathTag":1,"direction":1,"solutions":""}={"startingGridPosition":124,"endGridPositon":47,"solutionPosition":2,"pathTag":1,"direction":1,"solutions":""}={"startingGridPosition":47,"endGridPositon":16,"solutionPosition":3,"pathTag":1,"direction":1,"solutions":""}={"startingGridPosition":16,"endGridPositon":25,"solutionPosition":4,"pathTag":1,"direction":1,"solutions":""}={"startingGridPosition":25,"endGridPositon":107,"solutionPosition":5,"pathTag":1,"direction":1,"solutions":""}={"startingGridPosition":107,"endGridPositon":126,"solutionPosition":6,"pathTag":1,"direction":1,"solutions":""}={"startingGridPosition":126,"endGridPositon":54,"solutionPosition":7,"pathTag":1,"direction":1,"solutions":""}={"startingGridPosition":54,"endGridPositon":41,"solutionPosition":8,"pathTag":1,"direction":1,"solutions":""}={"startingGridPosition":41,"endGridPositon":12,"solutionPosition":9,"pathTag":1,"direction":1,"solutions":""}={"startingGridPosition":12,"endGridPositon":23,"solutionPosition":10,"pathTag":1,"direction":1,"solutions":""}={"startingGridPosition":23,"endGridPositon":25,"solutionPosition":11,"pathTag":1,"direction":1,"solutions":""}={"startingGridPosition":25,"endGridPositon":104,"solutionPosition":12,"pathTag":1,"direction":1,"solutions":""}={"startingGridPosition":104,"endGridPositon":23,"solutionPosition":13,"pathTag":1,"direction":1,"solutions":""}={"startingGridPosition":23,"endGridPositon":101,"solutionPosition":14,"pathTag":1,"direction":1,"solutions":""}={"startingGridPosition":101,"endGridPositon":122,"solutionPosition":15,"pathTag":1,"direction":1,"solutions":""}={"startingGridPosition":122,"endGridPositon":54,"solutionPosition":16,"pathTag":1,"direction":1,"solutions":""}={"startingGridPosition":54,"endGridPositon":47,"solutionPosition":17,"pathTag":1,"direction":1,"solutions":""}