{"startingGridPosition":37,"endGridPositon":95,"solutionPosition":1,"pathTag":1,"direction":1,"solutions":""}={"startingGridPosition":95,"endGridPositon":87,"solutionPosition":2,"pathTag":1,"direction":1,"solutions":""}={"startingGridPosition":87,"endGridPositon":25,"solutionPosition":3,"pathTag":1,"direction":1,"solutions":""}={"startingGridPosition":25,"endGridPositon":37,"solutionPosition":4,"pathTag":1,"direction":1,"solutions":""}={"startingGridPosition":37,"endGridPositon":87,"solutionPosition":5,"pathTag":1,"direction":1,"solutions":""}={"startingGridPosition":87,"endGridPositon":125,"solutionPosition":6,"pathTag":1,"direction":1,"solutions":""}={"startingGridPosition":125,"endGridPositon":114,"solutionPosition":7,"pathTag":1,"direction":1,"solutions":""}={"startingGridPosition":114,"endGridPositon":123,"solutionPosition":8,"pathTag":1,"direction":1,"solutions":""}={"startingGridPosition":123,"endGridPositon":81,"solutionPosition":9,"pathTag":1,"direction":1,"solutions":""}={"startingGridPosition":81,"endGridPositon":23,"solutionPosition":10,"pathTag":1,"direction":1,"solutions":""}={"startingGridPosition":23,"endGridPositon":31,"solutionPosition":11,"pathTag":1,"direction":1,"solutions":""}={"startingGridPosition":31,"endGridPositon":93,"solutionPosition":12,"pathTag":1,"direction":1,"solutions":""}={"startingGridPosition":93,"endGridPositon":34,"solutionPosition":13,"pathTag":1,"direction":1,"solutions":""}={"startingGridPosition":34,"endGridPositon":95,"solutionPosition":14,"pathTag":1,"direction":1,"solutions":""}={"startingGridPosition":95,"endGridPositon":93,"solutionPosition":15,"pathTag":1,"direction":1,"solutions":""}={"startingGridPosition":93,"endGridPositon":81,"solutionPosition":16,"pathTag":1,"direction":1,"solutions":""}