{"startingGridPosition":65,"endGridPositon":14,"solutionPosition":1,"pathTag":1,"direction":1,"solutions":""}={"startingGridPosition":14,"endGridPositon":21,"solutionPosition":2,"pathTag":1,"direction":1,"solutions":""}={"startingGridPosition":21,"endGridPositon":54,"solutionPosition":3,"pathTag":1,"direction":1,"solutions":""}={"startingGridPosition":54,"endGridPositon":61,"solutionPosition":4,"pathTag":1,"direction":1,"solutions":""}={"startingGridPosition":61,"endGridPositon":94,"solutionPosition":5,"pathTag":1,"direction":1,"solutions":""}={"startingGridPosition":94,"endGridPositon":102,"solutionPosition":6,"pathTag":1,"direction":1,"solutions":""}={"startingGridPosition":102,"endGridPositon":124,"solutionPosition":7,"pathTag":1,"direction":1,"solutions":""}={"startingGridPosition":124,"endGridPositon":106,"solutionPosition":8,"pathTag":1,"direction":1,"solutions":""}={"startingGridPosition":106,"endGridPositon":94,"solutionPosition":9,"pathTag":1,"direction":1,"solutions":""}={"startingGridPosition":94,"endGridPositon":67,"solutionPosition":10,"pathTag":1,"direction":1,"solutions":""}={"startingGridPosition":67,"endGridPositon":54,"solutionPosition":11,"pathTag":1,"direction":1,"solutions":""}={"startingGridPosition":54,"endGridPositon":27,"solutionPosition":12,"pathTag":1,"direction":1,"solutions":""}={"startingGridPosition":27,"endGridPositon":14,"solutionPosition":13,"pathTag":1,"direction":1,"solutions":""}={"startingGridPosition":14,"endGridPositon":63,"solutionPosition":14,"pathTag":1,"direction":1,"solutions":""}={"startingGridPosition":63,"endGridPositon":65,"solutionPosition":15,"pathTag":1,"direction":1,"solutions":""}={"startingGridPosition":65,"endGridPositon":124,"solutionPosition":16,"pathTag":1,"direction":1,"solutions":""}={"startingGridPosition":124,"endGridPositon":63,"solutionPosition":17,"pathTag":1,"direction":1,"solutions":""}