{"startingGridPosition":25,"endGridPositon":16,"solutionPosition":1,"pathTag":1,"direction":1,"solutions":""}={"startingGridPosition":16,"endGridPositon":27,"solutionPosition":2,"pathTag":1,"direction":1,"solutions":""}={"startingGridPosition":27,"endGridPositon":114,"solutionPosition":3,"pathTag":1,"direction":1,"solutions":""}={"startingGridPosition":114,"endGridPositon":21,"solutionPosition":4,"pathTag":1,"direction":2,"solutions":""}={"startingGridPosition":21,"endGridPositon":12,"solutionPosition":5,"pathTag":1,"direction":1,"solutions":""}={"startingGridPosition":12,"endGridPositon":23,"solutionPosition":6,"pathTag":1,"direction":1,"solutions":""}={"startingGridPosition":23,"endGridPositon":54,"solutionPosition":7,"pathTag":1,"direction":1,"solutions":""}={"startingGridPosition":54,"endGridPositon":25,"solutionPosition":8,"pathTag":1,"direction":1,"solutions":""}={"startingGridPosition":25,"endGridPositon":57,"solutionPosition":9,"pathTag":1,"direction":1,"solutions":""}={"startingGridPosition":57,"endGridPositon":126,"solutionPosition":10,"pathTag":1,"direction":1,"solutions":""}={"startingGridPosition":126,"endGridPositon":14,"solutionPosition":11,"pathTag":1,"direction":1,"solutions":""}={"startingGridPosition":14,"endGridPositon":122,"solutionPosition":12,"pathTag":1,"direction":1,"solutions":""}={"startingGridPosition":122,"endGridPositon":126,"solutionPosition":13,"pathTag":2,"direction":1,"solutions":"13_s,18_o"}={"startingGridPosition":126,"endGridPositon":114,"solutionPosition":14,"pathTag":1,"direction":1,"solutions":""}={"startingGridPosition":114,"endGridPositon":122,"solutionPosition":15,"pathTag":1,"direction":1,"solutions":""}={"startingGridPosition":122,"endGridPositon":54,"solutionPosition":16,"pathTag":1,"direction":1,"solutions":""}={"startingGridPosition":54,"endGridPositon":126,"solutionPosition":17,"pathTag":1,"direction":1,"solutions":""}={"startingGridPosition":122,"endGridPositon":51,"solutionPosition":19,"pathTag":1,"direction":1,"solutions":""}={"startingGridPosition":51,"endGridPositon":23,"solutionPosition":20,"pathTag":1,"direction":1,"solutions":""}