{"startingGridPosition":76,"endGridPositon":55,"solutionPosition":1,"pathTag":1,"direction":1,"solutions":""}={"startingGridPosition":55,"endGridPositon":74,"solutionPosition":2,"pathTag":1,"direction":1,"solutions":""}={"startingGridPosition":74,"endGridPositon":53,"solutionPosition":3,"pathTag":1,"direction":1,"solutions":""}={"startingGridPosition":53,"endGridPositon":72,"solutionPosition":4,"pathTag":1,"direction":1,"solutions":""}={"startingGridPosition":72,"endGridPositon":11,"solutionPosition":5,"pathTag":1,"direction":1,"solutions":""}={"startingGridPosition":11,"endGridPositon":93,"solutionPosition":6,"pathTag":1,"direction":1,"solutions":""}={"startingGridPosition":93,"endGridPositon":34,"solutionPosition":7,"pathTag":1,"direction":1,"solutions":""}={"startingGridPosition":34,"endGridPositon":95,"solutionPosition":8,"pathTag":1,"direction":1,"solutions":""}={"startingGridPosition":95,"endGridPositon":93,"solutionPosition":9,"pathTag":1,"direction":1,"solutions":""}={"startingGridPosition":93,"endGridPositon":124,"solutionPosition":10,"pathTag":1,"direction":1,"solutions":""}={"startingGridPosition":124,"endGridPositon":95,"solutionPosition":11,"pathTag":1,"direction":1,"solutions":""}={"startingGridPosition":95,"endGridPositon":17,"solutionPosition":12,"pathTag":1,"direction":1,"solutions":""}={"startingGridPosition":17,"endGridPositon":76,"solutionPosition":13,"pathTag":1,"direction":1,"solutions":""}={"startingGridPosition":76,"endGridPositon":117,"solutionPosition":14,"pathTag":1,"direction":1,"solutions":""}={"startingGridPosition":117,"endGridPositon":124,"solutionPosition":15,"pathTag":1,"direction":1,"solutions":""}={"startingGridPosition":124,"endGridPositon":111,"solutionPosition":16,"pathTag":1,"direction":1,"solutions":""}={"startingGridPosition":111,"endGridPositon":93,"solutionPosition":17,"pathTag":1,"direction":1,"solutions":""}