{"startingGridPosition":34,"endGridPositon":27,"solutionPosition":1,"pathTag":1,"direction":1,"solutions":""}={"startingGridPosition":27,"endGridPositon":124,"solutionPosition":2,"pathTag":1,"direction":1,"solutions":""}={"startingGridPosition":124,"endGridPositon":21,"solutionPosition":3,"pathTag":1,"direction":1,"solutions":""}={"startingGridPosition":21,"endGridPositon":34,"solutionPosition":4,"pathTag":1,"direction":1,"solutions":""}={"startingGridPosition":34,"endGridPositon":47,"solutionPosition":5,"pathTag":1,"direction":1,"solutions":""}={"startingGridPosition":47,"endGridPositon":54,"solutionPosition":6,"pathTag":1,"direction":1,"solutions":""}={"startingGridPosition":54,"endGridPositon":67,"solutionPosition":7,"pathTag":1,"direction":1,"solutions":""}={"startingGridPosition":67,"endGridPositon":74,"solutionPosition":8,"pathTag":1,"direction":1,"solutions":""}={"startingGridPosition":74,"endGridPositon":96,"solutionPosition":9,"pathTag":1,"direction":1,"solutions":""}={"startingGridPosition":96,"endGridPositon":14,"solutionPosition":10,"pathTag":1,"direction":1,"solutions":""}={"startingGridPosition":14,"endGridPositon":92,"solutionPosition":11,"pathTag":1,"direction":1,"solutions":""}={"startingGridPosition":92,"endGridPositon":74,"solutionPosition":12,"pathTag":1,"direction":1,"solutions":""}={"startingGridPosition":74,"endGridPositon":61,"solutionPosition":13,"pathTag":1,"direction":1,"solutions":""}={"startingGridPosition":61,"endGridPositon":54,"solutionPosition":14,"pathTag":1,"direction":1,"solutions":""}={"startingGridPosition":54,"endGridPositon":41,"solutionPosition":15,"pathTag":1,"direction":1,"solutions":""}={"startingGridPosition":41,"endGridPositon":34,"solutionPosition":16,"pathTag":1,"direction":1,"solutions":""}