{"startingGridPosition":77,"endGridPositon":15,"solutionPosition":1,"pathTag":1,"direction":1,"solutions":""}={"startingGridPosition":15,"endGridPositon":124,"solutionPosition":2,"pathTag":1,"direction":1,"solutions":""}={"startingGridPosition":124,"endGridPositon":13,"solutionPosition":3,"pathTag":1,"direction":1,"solutions":""}={"startingGridPosition":13,"endGridPositon":91,"solutionPosition":4,"pathTag":1,"direction":1,"solutions":""}={"startingGridPosition":91,"endGridPositon":121,"solutionPosition":5,"pathTag":1,"direction":1,"solutions":""}={"startingGridPosition":121,"endGridPositon":124,"solutionPosition":6,"pathTag":1,"direction":1,"solutions":""}={"startingGridPosition":124,"endGridPositon":127,"solutionPosition":7,"pathTag":1,"direction":2,"solutions":""}={"startingGridPosition":127,"endGridPositon":97,"solutionPosition":8,"pathTag":1,"direction":1,"solutions":""}={"startingGridPosition":97,"endGridPositon":54,"solutionPosition":9,"pathTag":1,"direction":1,"solutions":""}={"startingGridPosition":54,"endGridPositon":105,"solutionPosition":10,"pathTag":1,"direction":1,"solutions":""}={"startingGridPosition":105,"endGridPositon":77,"solutionPosition":11,"pathTag":1,"direction":1,"solutions":""}={"startingGridPosition":77,"endGridPositon":34,"solutionPosition":12,"pathTag":1,"direction":1,"solutions":""}={"startingGridPosition":34,"endGridPositon":71,"solutionPosition":13,"pathTag":1,"direction":1,"solutions":""}={"startingGridPosition":71,"endGridPositon":103,"solutionPosition":14,"pathTag":1,"direction":1,"solutions":""}={"startingGridPosition":103,"endGridPositon":54,"solutionPosition":15,"pathTag":1,"direction":1,"solutions":""}={"startingGridPosition":54,"endGridPositon":71,"solutionPosition":16,"pathTag":2,"direction":1,"solutions":"16_s,17_o"}