{"startingGridPosition":42,"endGridPositon":23,"solutionPosition":1,"pathTag":1,"direction":1,"solutions":""}={"startingGridPosition":23,"endGridPositon":14,"solutionPosition":2,"pathTag":1,"direction":1,"solutions":""}={"startingGridPosition":14,"endGridPositon":85,"solutionPosition":3,"pathTag":1,"direction":1,"solutions":""}={"startingGridPosition":85,"endGridPositon":114,"solutionPosition":4,"pathTag":1,"direction":1,"solutions":""}={"startingGridPosition":114,"endGridPositon":83,"solutionPosition":5,"pathTag":1,"direction":1,"solutions":""}={"startingGridPosition":83,"endGridPositon":14,"solutionPosition":6,"pathTag":1,"direction":1,"solutions":""}={"startingGridPosition":14,"endGridPositon":25,"solutionPosition":7,"pathTag":1,"direction":1,"solutions":""}={"startingGridPosition":25,"endGridPositon":46,"solutionPosition":8,"pathTag":1,"direction":1,"solutions":""}={"startingGridPosition":46,"endGridPositon":117,"solutionPosition":9,"pathTag":1,"direction":1,"solutions":""}={"startingGridPosition":117,"endGridPositon":125,"solutionPosition":10,"pathTag":1,"direction":1,"solutions":""}={"startingGridPosition":125,"endGridPositon":44,"solutionPosition":11,"pathTag":1,"direction":1,"solutions":""}={"startingGridPosition":44,"endGridPositon":123,"solutionPosition":12,"pathTag":1,"direction":1,"solutions":""}={"startingGridPosition":123,"endGridPositon":42,"solutionPosition":13,"pathTag":1,"direction":1,"solutions":""}={"startingGridPosition":42,"endGridPositon":111,"solutionPosition":14,"pathTag":1,"direction":1,"solutions":""}={"startingGridPosition":111,"endGridPositon":123,"solutionPosition":15,"pathTag":1,"direction":1,"solutions":""}={"startingGridPosition":123,"endGridPositon":125,"solutionPosition":16,"pathTag":1,"direction":1,"solutions":""}