{"startingGridPosition":62,"endGridPositon":11,"solutionPosition":1,"pathTag":1,"direction":1,"solutions":""}={"startingGridPosition":11,"endGridPositon":44,"solutionPosition":2,"pathTag":1,"direction":1,"solutions":""}={"startingGridPosition":44,"endGridPositon":73,"solutionPosition":3,"pathTag":1,"direction":1,"solutions":""}={"startingGridPosition":73,"endGridPositon":94,"solutionPosition":4,"pathTag":1,"direction":1,"solutions":""}={"startingGridPosition":94,"endGridPositon":121,"solutionPosition":5,"pathTag":1,"direction":1,"solutions":""}={"startingGridPosition":121,"endGridPositon":62,"solutionPosition":6,"pathTag":1,"direction":1,"solutions":""}={"startingGridPosition":62,"endGridPositon":73,"solutionPosition":7,"pathTag":1,"direction":1,"solutions":""}={"startingGridPosition":73,"endGridPositon":13,"solutionPosition":8,"pathTag":1,"direction":1,"solutions":""}={"startingGridPosition":13,"endGridPositon":15,"solutionPosition":9,"pathTag":1,"direction":1,"solutions":""}={"startingGridPosition":15,"endGridPositon":75,"solutionPosition":10,"pathTag":1,"direction":1,"solutions":""}={"startingGridPosition":75,"endGridPositon":44,"solutionPosition":11,"pathTag":1,"direction":1,"solutions":""}={"startingGridPosition":44,"endGridPositon":17,"solutionPosition":12,"pathTag":1,"direction":1,"solutions":""}={"startingGridPosition":17,"endGridPositon":66,"solutionPosition":13,"pathTag":1,"direction":1,"solutions":""}={"startingGridPosition":66,"endGridPositon":75,"solutionPosition":14,"pathTag":1,"direction":1,"solutions":""}={"startingGridPosition":75,"endGridPositon":94,"solutionPosition":15,"pathTag":1,"direction":1,"solutions":""}={"startingGridPosition":94,"endGridPositon":127,"solutionPosition":16,"pathTag":1,"direction":1,"solutions":""}={"startingGridPosition":127,"endGridPositon":66,"solutionPosition":17,"pathTag":1,"direction":1,"solutions":""}