{"startingGridPosition":116,"endGridPositon":44,"solutionPosition":1,"pathTag":2,"direction":1,"solutions":"1_s,11_o"}={"startingGridPosition":44,"endGridPositon":112,"solutionPosition":2,"pathTag":1,"direction":2,"solutions":""}={"startingGridPosition":112,"endGridPositon":11,"solutionPosition":3,"pathTag":1,"direction":1,"solutions":""}={"startingGridPosition":11,"endGridPositon":94,"solutionPosition":4,"pathTag":1,"direction":1,"solutions":""}={"startingGridPosition":94,"endGridPositon":23,"solutionPosition":5,"pathTag":1,"direction":1,"solutions":""}={"startingGridPosition":23,"endGridPositon":14,"solutionPosition":6,"pathTag":1,"direction":1,"solutions":""}={"startingGridPosition":14,"endGridPositon":25,"solutionPosition":7,"pathTag":1,"direction":1,"solutions":""}={"startingGridPosition":25,"endGridPositon":94,"solutionPosition":8,"pathTag":1,"direction":1,"solutions":""}={"startingGridPosition":94,"endGridPositon":17,"solutionPosition":9,"pathTag":1,"direction":1,"solutions":""}={"startingGridPosition":17,"endGridPositon":116,"solutionPosition":10,"pathTag":1,"direction":1,"solutions":""}={"startingGridPosition":44,"endGridPositon":87,"solutionPosition":12,"pathTag":1,"direction":1,"solutions":""}={"startingGridPosition":87,"endGridPositon":105,"solutionPosition":13,"pathTag":1,"direction":1,"solutions":""}={"startingGridPosition":105,"endGridPositon":124,"solutionPosition":14,"pathTag":1,"direction":1,"solutions":""}={"startingGridPosition":124,"endGridPositon":103,"solutionPosition":15,"pathTag":1,"direction":1,"solutions":""}={"startingGridPosition":103,"endGridPositon":81,"solutionPosition":16,"pathTag":1,"direction":1,"solutions":""}={"startingGridPosition":81,"endGridPositon":44,"solutionPosition":17,"pathTag":1,"direction":1,"solutions":""}