{"startingGridPosition":84,"endGridPositon":125,"solutionPosition":1,"pathTag":1,"direction":1,"solutions":""}={"startingGridPosition":125,"endGridPositon":106,"solutionPosition":2,"pathTag":1,"direction":1,"solutions":""}={"startingGridPosition":106,"endGridPositon":27,"solutionPosition":3,"pathTag":1,"direction":1,"solutions":""}={"startingGridPosition":27,"endGridPositon":127,"solutionPosition":4,"pathTag":1,"direction":1,"solutions":""}={"startingGridPosition":127,"endGridPositon":106,"solutionPosition":5,"pathTag":1,"direction":1,"solutions":""}={"startingGridPosition":106,"endGridPositon":84,"solutionPosition":6,"pathTag":1,"direction":1,"solutions":""}={"startingGridPosition":84,"endGridPositon":123,"solutionPosition":7,"pathTag":1,"direction":1,"solutions":""}={"startingGridPosition":123,"endGridPositon":102,"solutionPosition":8,"pathTag":1,"direction":1,"solutions":""}={"startingGridPosition":102,"endGridPositon":21,"solutionPosition":9,"pathTag":1,"direction":1,"solutions":""}={"startingGridPosition":21,"endGridPositon":121,"solutionPosition":10,"pathTag":1,"direction":1,"solutions":""}={"startingGridPosition":121,"endGridPositon":102,"solutionPosition":11,"pathTag":1,"direction":1,"solutions":""}={"startingGridPosition":102,"endGridPositon":84,"solutionPosition":12,"pathTag":1,"direction":1,"solutions":""}={"startingGridPosition":84,"endGridPositon":14,"solutionPosition":13,"pathTag":1,"direction":1,"solutions":""}={"startingGridPosition":14,"endGridPositon":21,"solutionPosition":14,"pathTag":1,"direction":1,"solutions":""}={"startingGridPosition":21,"endGridPositon":114,"solutionPosition":15,"pathTag":1,"direction":1,"solutions":""}={"startingGridPosition":114,"endGridPositon":27,"solutionPosition":16,"pathTag":1,"direction":1,"solutions":""}={"startingGridPosition":27,"endGridPositon":14,"solutionPosition":17,"pathTag":1,"direction":1,"solutions":""}