{"startingGridPosition":124,"endGridPositon":104,"solutionPosition":1,"pathTag":2,"direction":1,"solutions":"1_s,10_o"}={"startingGridPosition":104,"endGridPositon":95,"solutionPosition":2,"pathTag":1,"direction":1,"solutions":""}={"startingGridPosition":95,"endGridPositon":44,"solutionPosition":3,"pathTag":1,"direction":2,"solutions":""}={"startingGridPosition":44,"endGridPositon":55,"solutionPosition":4,"pathTag":1,"direction":1,"solutions":""}={"startingGridPosition":55,"endGridPositon":14,"solutionPosition":5,"pathTag":1,"direction":1,"solutions":""}={"startingGridPosition":14,"endGridPositon":53,"solutionPosition":6,"pathTag":1,"direction":1,"solutions":""}={"startingGridPosition":53,"endGridPositon":44,"solutionPosition":7,"pathTag":1,"direction":1,"solutions":""}={"startingGridPosition":44,"endGridPositon":93,"solutionPosition":8,"pathTag":1,"direction":1,"solutions":""}={"startingGridPosition":93,"endGridPositon":104,"solutionPosition":9,"pathTag":1,"direction":1,"solutions":""}={"startingGridPosition":124,"endGridPositon":122,"solutionPosition":11,"pathTag":1,"direction":1,"solutions":""}={"startingGridPosition":122,"endGridPositon":101,"solutionPosition":12,"pathTag":1,"direction":1,"solutions":""}={"startingGridPosition":101,"endGridPositon":93,"solutionPosition":13,"pathTag":1,"direction":1,"solutions":""}={"startingGridPosition":93,"endGridPositon":124,"solutionPosition":14,"pathTag":1,"direction":1,"solutions":""}={"startingGridPosition":124,"endGridPositon":95,"solutionPosition":15,"pathTag":1,"direction":1,"solutions":""}={"startingGridPosition":95,"endGridPositon":107,"solutionPosition":16,"pathTag":1,"direction":1,"solutions":""}={"startingGridPosition":107,"endGridPositon":126,"solutionPosition":17,"pathTag":1,"direction":1,"solutions":""}={"startingGridPosition":126,"endGridPositon":124,"solutionPosition":18,"pathTag":1,"direction":1,"solutions":""}