{"startingGridPosition":113,"endGridPositon":82,"solutionPosition":1,"pathTag":1,"direction":1,"solutions":""}={"startingGridPosition":82,"endGridPositon":64,"solutionPosition":2,"pathTag":1,"direction":1,"solutions":""}={"startingGridPosition":64,"endGridPositon":86,"solutionPosition":3,"pathTag":1,"direction":1,"solutions":""}={"startingGridPosition":86,"endGridPositon":117,"solutionPosition":4,"pathTag":1,"direction":1,"solutions":""}={"startingGridPosition":117,"endGridPositon":16,"solutionPosition":5,"pathTag":1,"direction":1,"solutions":""}={"startingGridPosition":16,"endGridPositon":64,"solutionPosition":6,"pathTag":1,"direction":1,"solutions":""}={"startingGridPosition":64,"endGridPositon":12,"solutionPosition":7,"pathTag":1,"direction":1,"solutions":""}={"startingGridPosition":12,"endGridPositon":111,"solutionPosition":8,"pathTag":1,"direction":1,"solutions":""}={"startingGridPosition":111,"endGridPositon":82,"solutionPosition":9,"pathTag":1,"direction":1,"solutions":""}={"startingGridPosition":82,"endGridPositon":34,"solutionPosition":10,"pathTag":1,"direction":1,"solutions":""}={"startingGridPosition":34,"endGridPositon":86,"solutionPosition":11,"pathTag":1,"direction":1,"solutions":""}={"startingGridPosition":86,"endGridPositon":115,"solutionPosition":12,"pathTag":1,"direction":1,"solutions":""}={"startingGridPosition":115,"endGridPositon":113,"solutionPosition":13,"pathTag":1,"direction":1,"solutions":""}={"startingGridPosition":113,"endGridPositon":111,"solutionPosition":14,"pathTag":1,"direction":1,"solutions":""}={"startingGridPosition":111,"endGridPositon":124,"solutionPosition":15,"pathTag":1,"direction":1,"solutions":""}={"startingGridPosition":124,"endGridPositon":117,"solutionPosition":16,"pathTag":1,"direction":1,"solutions":""}={"startingGridPosition":117,"endGridPositon":115,"solutionPosition":17,"pathTag":1,"direction":1,"solutions":""}