{"startingGridPosition":72,"endGridPositon":111,"solutionPosition":1,"pathTag":1,"direction":1,"solutions":""}={"startingGridPosition":111,"endGridPositon":124,"solutionPosition":2,"pathTag":1,"direction":1,"solutions":""}={"startingGridPosition":124,"endGridPositon":117,"solutionPosition":3,"pathTag":1,"direction":1,"solutions":""}={"startingGridPosition":117,"endGridPositon":76,"solutionPosition":4,"pathTag":1,"direction":1,"solutions":""}={"startingGridPosition":76,"endGridPositon":94,"solutionPosition":5,"pathTag":1,"direction":1,"solutions":""}={"startingGridPosition":94,"endGridPositon":72,"solutionPosition":6,"pathTag":1,"direction":1,"solutions":""}={"startingGridPosition":72,"endGridPositon":61,"solutionPosition":7,"pathTag":1,"direction":1,"solutions":""}={"startingGridPosition":61,"endGridPositon":44,"solutionPosition":8,"pathTag":1,"direction":1,"solutions":""}={"startingGridPosition":44,"endGridPositon":23,"solutionPosition":9,"pathTag":1,"direction":1,"solutions":""}={"startingGridPosition":23,"endGridPositon":31,"solutionPosition":10,"pathTag":1,"direction":1,"solutions":""}={"startingGridPosition":31,"endGridPositon":64,"solutionPosition":11,"pathTag":1,"direction":1,"solutions":""}={"startingGridPosition":64,"endGridPositon":37,"solutionPosition":12,"pathTag":1,"direction":1,"solutions":""}={"startingGridPosition":37,"endGridPositon":25,"solutionPosition":13,"pathTag":1,"direction":1,"solutions":""}={"startingGridPosition":25,"endGridPositon":44,"solutionPosition":14,"pathTag":1,"direction":1,"solutions":""}={"startingGridPosition":44,"endGridPositon":67,"solutionPosition":15,"pathTag":1,"direction":1,"solutions":""}={"startingGridPosition":67,"endGridPositon":76,"solutionPosition":16,"pathTag":1,"direction":1,"solutions":""}