{"startingGridPosition":54,"endGridPositon":14,"solutionPosition":1,"pathTag":1,"direction":1,"solutions":""}={"startingGridPosition":14,"endGridPositon":17,"solutionPosition":2,"pathTag":1,"direction":1,"solutions":""}={"startingGridPosition":17,"endGridPositon":37,"solutionPosition":3,"pathTag":1,"direction":1,"solutions":""}={"startingGridPosition":37,"endGridPositon":104,"solutionPosition":4,"pathTag":1,"direction":1,"solutions":""}={"startingGridPosition":104,"endGridPositon":57,"solutionPosition":5,"pathTag":1,"direction":1,"solutions":""}={"startingGridPosition":57,"endGridPositon":35,"solutionPosition":6,"pathTag":1,"direction":1,"solutions":""}={"startingGridPosition":35,"endGridPositon":54,"solutionPosition":7,"pathTag":1,"direction":1,"solutions":""}={"startingGridPosition":54,"endGridPositon":116,"solutionPosition":8,"pathTag":1,"direction":1,"solutions":""}={"startingGridPosition":116,"endGridPositon":124,"solutionPosition":9,"pathTag":1,"direction":1,"solutions":""}={"startingGridPosition":124,"endGridPositon":112,"solutionPosition":10,"pathTag":1,"direction":1,"solutions":""}={"startingGridPosition":112,"endGridPositon":54,"solutionPosition":11,"pathTag":1,"direction":1,"solutions":""}={"startingGridPosition":54,"endGridPositon":33,"solutionPosition":12,"pathTag":1,"direction":1,"solutions":""}={"startingGridPosition":33,"endGridPositon":51,"solutionPosition":13,"pathTag":1,"direction":1,"solutions":""}={"startingGridPosition":51,"endGridPositon":104,"solutionPosition":14,"pathTag":1,"direction":1,"solutions":""}={"startingGridPosition":104,"endGridPositon":31,"solutionPosition":15,"pathTag":1,"direction":1,"solutions":""}={"startingGridPosition":31,"endGridPositon":11,"solutionPosition":16,"pathTag":1,"direction":1,"solutions":""}={"startingGridPosition":11,"endGridPositon":14,"solutionPosition":17,"pathTag":1,"direction":1,"solutions":""}