{"startingGridPosition":104,"endGridPositon":46,"solutionPosition":1,"pathTag":1,"direction":1,"solutions":""}={"startingGridPosition":46,"endGridPositon":57,"solutionPosition":2,"pathTag":1,"direction":1,"solutions":""}={"startingGridPosition":57,"endGridPositon":86,"solutionPosition":3,"pathTag":1,"direction":1,"solutions":""}={"startingGridPosition":86,"endGridPositon":104,"solutionPosition":4,"pathTag":1,"direction":1,"solutions":""}={"startingGridPosition":104,"endGridPositon":82,"solutionPosition":5,"pathTag":1,"direction":1,"solutions":""}={"startingGridPosition":82,"endGridPositon":124,"solutionPosition":6,"pathTag":1,"direction":1,"solutions":""}={"startingGridPosition":124,"endGridPositon":86,"solutionPosition":7,"pathTag":1,"direction":1,"solutions":""}={"startingGridPosition":86,"endGridPositon":54,"solutionPosition":8,"pathTag":1,"direction":1,"solutions":""}={"startingGridPosition":54,"endGridPositon":17,"solutionPosition":9,"pathTag":1,"direction":1,"solutions":""}={"startingGridPosition":17,"endGridPositon":24,"solutionPosition":10,"pathTag":1,"direction":1,"solutions":""}={"startingGridPosition":24,"endGridPositon":11,"solutionPosition":11,"pathTag":1,"direction":1,"solutions":""}={"startingGridPosition":11,"endGridPositon":54,"solutionPosition":12,"pathTag":1,"direction":1,"solutions":""}={"startingGridPosition":54,"endGridPositon":82,"solutionPosition":13,"pathTag":1,"direction":1,"solutions":""}={"startingGridPosition":82,"endGridPositon":51,"solutionPosition":14,"pathTag":1,"direction":1,"solutions":""}={"startingGridPosition":51,"endGridPositon":42,"solutionPosition":15,"pathTag":1,"direction":1,"solutions":""}={"startingGridPosition":42,"endGridPositon":104,"solutionPosition":16,"pathTag":1,"direction":1,"solutions":""}