{"startingGridPosition":15,"endGridPositon":115,"solutionPosition":1,"pathTag":2,"direction":1,"solutions":"1_s,7_o"}={"startingGridPosition":115,"endGridPositon":54,"solutionPosition":2,"pathTag":1,"direction":1,"solutions":""}={"startingGridPosition":54,"endGridPositon":26,"solutionPosition":3,"pathTag":1,"direction":1,"solutions":""}={"startingGridPosition":26,"endGridPositon":117,"solutionPosition":4,"pathTag":1,"direction":1,"solutions":""}={"startingGridPosition":117,"endGridPositon":106,"solutionPosition":5,"pathTag":1,"direction":1,"solutions":""}={"startingGridPosition":106,"endGridPositon":115,"solutionPosition":6,"pathTag":1,"direction":1,"solutions":""}={"startingGridPosition":15,"endGridPositon":24,"solutionPosition":8,"pathTag":1,"direction":1,"solutions":""}={"startingGridPosition":24,"endGridPositon":13,"solutionPosition":9,"pathTag":1,"direction":1,"solutions":""}={"startingGridPosition":13,"endGridPositon":113,"solutionPosition":10,"pathTag":1,"direction":1,"solutions":""}={"startingGridPosition":113,"endGridPositon":102,"solutionPosition":11,"pathTag":1,"direction":1,"solutions":""}={"startingGridPosition":102,"endGridPositon":111,"solutionPosition":12,"pathTag":1,"direction":1,"solutions":""}={"startingGridPosition":111,"endGridPositon":22,"solutionPosition":13,"pathTag":1,"direction":1,"solutions":""}={"startingGridPosition":22,"endGridPositon":54,"solutionPosition":14,"pathTag":1,"direction":2,"solutions":""}={"startingGridPosition":54,"endGridPositon":113,"solutionPosition":15,"pathTag":1,"direction":1,"solutions":""}={"startingGridPosition":113,"endGridPositon":124,"solutionPosition":16,"pathTag":1,"direction":1,"solutions":""}={"startingGridPosition":124,"endGridPositon":115,"solutionPosition":17,"pathTag":1,"direction":1,"solutions":""}