{"startingGridPosition":44,"endGridPositon":15,"solutionPosition":1,"pathTag":1,"direction":1,"solutions":""}={"startingGridPosition":15,"endGridPositon":26,"solutionPosition":2,"pathTag":1,"direction":1,"solutions":""}={"startingGridPosition":26,"endGridPositon":74,"solutionPosition":3,"pathTag":1,"direction":1,"solutions":""}={"startingGridPosition":74,"endGridPositon":22,"solutionPosition":4,"pathTag":1,"direction":1,"solutions":""}={"startingGridPosition":22,"endGridPositon":13,"solutionPosition":5,"pathTag":1,"direction":1,"solutions":""}={"startingGridPosition":13,"endGridPositon":44,"solutionPosition":6,"pathTag":1,"direction":1,"solutions":""}={"startingGridPosition":44,"endGridPositon":67,"solutionPosition":7,"pathTag":1,"direction":1,"solutions":""}={"startingGridPosition":67,"endGridPositon":76,"solutionPosition":8,"pathTag":1,"direction":1,"solutions":""}={"startingGridPosition":76,"endGridPositon":74,"solutionPosition":9,"pathTag":1,"direction":1,"solutions":""}={"startingGridPosition":74,"endGridPositon":72,"solutionPosition":10,"pathTag":1,"direction":1,"solutions":""}={"startingGridPosition":72,"endGridPositon":104,"solutionPosition":11,"pathTag":1,"direction":1,"solutions":""}={"startingGridPosition":104,"endGridPositon":76,"solutionPosition":12,"pathTag":1,"direction":1,"solutions":""}={"startingGridPosition":76,"endGridPositon":126,"solutionPosition":13,"pathTag":1,"direction":1,"solutions":""}={"startingGridPosition":126,"endGridPositon":122,"solutionPosition":14,"pathTag":1,"direction":1,"solutions":""}={"startingGridPosition":122,"endGridPositon":72,"solutionPosition":15,"pathTag":1,"direction":1,"solutions":""}={"startingGridPosition":72,"endGridPositon":61,"solutionPosition":16,"pathTag":1,"direction":1,"solutions":""}={"startingGridPosition":61,"endGridPositon":44,"solutionPosition":17,"pathTag":1,"direction":1,"solutions":""}