{"startingGridPosition":65,"endGridPositon":126,"solutionPosition":1,"pathTag":1,"direction":1,"solutions":""}={"startingGridPosition":126,"endGridPositon":122,"solutionPosition":2,"pathTag":1,"direction":1,"solutions":""}={"startingGridPosition":122,"endGridPositon":63,"solutionPosition":3,"pathTag":1,"direction":1,"solutions":""}={"startingGridPosition":63,"endGridPositon":114,"solutionPosition":4,"pathTag":2,"direction":1,"solutions":"4_s,15_o"}={"startingGridPosition":114,"endGridPositon":101,"solutionPosition":5,"pathTag":2,"direction":1,"solutions":"5_s,19_s"}={"startingGridPosition":101,"endGridPositon":52,"solutionPosition":6,"pathTag":1,"direction":1,"solutions":""}={"startingGridPosition":52,"endGridPositon":41,"solutionPosition":7,"pathTag":1,"direction":1,"solutions":""}={"startingGridPosition":41,"endGridPositon":23,"solutionPosition":8,"pathTag":1,"direction":1,"solutions":""}={"startingGridPosition":23,"endGridPositon":14,"solutionPosition":9,"pathTag":1,"direction":1,"solutions":""}={"startingGridPosition":14,"endGridPositon":25,"solutionPosition":10,"pathTag":1,"direction":1,"solutions":""}={"startingGridPosition":25,"endGridPositon":47,"solutionPosition":11,"pathTag":1,"direction":1,"solutions":""}={"startingGridPosition":47,"endGridPositon":56,"solutionPosition":12,"pathTag":1,"direction":1,"solutions":""}={"startingGridPosition":56,"endGridPositon":107,"solutionPosition":13,"pathTag":1,"direction":1,"solutions":""}={"startingGridPosition":107,"endGridPositon":114,"solutionPosition":14,"pathTag":1,"direction":2,"solutions":""}={"startingGridPosition":63,"endGridPositon":54,"solutionPosition":16,"pathTag":1,"direction":1,"solutions":""}={"startingGridPosition":54,"endGridPositon":65,"solutionPosition":17,"pathTag":1,"direction":1,"solutions":""}={"startingGridPosition":65,"endGridPositon":114,"solutionPosition":18,"pathTag":1,"direction":2,"solutions":""}