{"startingGridPosition":75,"endGridPositon":56,"solutionPosition":1,"pathTag":1,"direction":1,"solutions":""}={"startingGridPosition":56,"endGridPositon":24,"solutionPosition":2,"pathTag":1,"direction":1,"solutions":""}={"startingGridPosition":24,"endGridPositon":52,"solutionPosition":3,"pathTag":1,"direction":1,"solutions":""}={"startingGridPosition":52,"endGridPositon":73,"solutionPosition":4,"pathTag":1,"direction":1,"solutions":""}={"startingGridPosition":73,"endGridPositon":121,"solutionPosition":5,"pathTag":1,"direction":1,"solutions":""}={"startingGridPosition":121,"endGridPositon":124,"solutionPosition":6,"pathTag":1,"direction":1,"solutions":""}={"startingGridPosition":124,"endGridPositon":91,"solutionPosition":7,"pathTag":1,"direction":1,"solutions":""}={"startingGridPosition":91,"endGridPositon":13,"solutionPosition":8,"pathTag":1,"direction":1,"solutions":""}={"startingGridPosition":13,"endGridPositon":54,"solutionPosition":9,"pathTag":1,"direction":1,"solutions":""}={"startingGridPosition":54,"endGridPositon":15,"solutionPosition":10,"pathTag":1,"direction":1,"solutions":""}={"startingGridPosition":15,"endGridPositon":97,"solutionPosition":11,"pathTag":1,"direction":1,"solutions":""}={"startingGridPosition":97,"endGridPositon":124,"solutionPosition":12,"pathTag":1,"direction":1,"solutions":""}={"startingGridPosition":124,"endGridPositon":127,"solutionPosition":13,"pathTag":1,"direction":1,"solutions":""}={"startingGridPosition":127,"endGridPositon":75,"solutionPosition":14,"pathTag":1,"direction":1,"solutions":""}={"startingGridPosition":75,"endGridPositon":124,"solutionPosition":15,"pathTag":1,"direction":1,"solutions":""}={"startingGridPosition":124,"endGridPositon":73,"solutionPosition":16,"pathTag":1,"direction":1,"solutions":""}