{"startingGridPosition":97,"endGridPositon":74,"solutionPosition":1,"pathTag":1,"direction":1,"solutions":""}={"startingGridPosition":74,"endGridPositon":91,"solutionPosition":2,"pathTag":1,"direction":1,"solutions":""}={"startingGridPosition":91,"endGridPositon":123,"solutionPosition":3,"pathTag":1,"direction":1,"solutions":""}={"startingGridPosition":123,"endGridPositon":114,"solutionPosition":4,"pathTag":1,"direction":1,"solutions":""}={"startingGridPosition":114,"endGridPositon":21,"solutionPosition":5,"pathTag":1,"direction":1,"solutions":""}={"startingGridPosition":21,"endGridPositon":14,"solutionPosition":6,"pathTag":1,"direction":1,"solutions":""}={"startingGridPosition":14,"endGridPositon":27,"solutionPosition":7,"pathTag":1,"direction":1,"solutions":""}={"startingGridPosition":27,"endGridPositon":114,"solutionPosition":8,"pathTag":1,"direction":1,"solutions":""}={"startingGridPosition":114,"endGridPositon":125,"solutionPosition":9,"pathTag":1,"direction":1,"solutions":""}={"startingGridPosition":125,"endGridPositon":97,"solutionPosition":10,"pathTag":1,"direction":1,"solutions":""}={"startingGridPosition":97,"endGridPositon":54,"solutionPosition":11,"pathTag":1,"direction":1,"solutions":""}={"startingGridPosition":54,"endGridPositon":61,"solutionPosition":12,"pathTag":1,"direction":1,"solutions":""}={"startingGridPosition":61,"endGridPositon":14,"solutionPosition":13,"pathTag":1,"direction":1,"solutions":""}={"startingGridPosition":14,"endGridPositon":67,"solutionPosition":14,"pathTag":1,"direction":1,"solutions":""}={"startingGridPosition":67,"endGridPositon":54,"solutionPosition":15,"pathTag":1,"direction":1,"solutions":""}={"startingGridPosition":54,"endGridPositon":91,"solutionPosition":16,"pathTag":1,"direction":1,"solutions":""}