{"startingGridPosition":45,"endGridPositon":24,"solutionPosition":1,"pathTag":2,"direction":1,"solutions":"1_s,10_s"}={"startingGridPosition":24,"endGridPositon":36,"solutionPosition":2,"pathTag":2,"direction":1,"solutions":"2_s,11_s"}={"startingGridPosition":36,"endGridPositon":66,"solutionPosition":3,"pathTag":1,"direction":1,"solutions":""}={"startingGridPosition":66,"endGridPositon":74,"solutionPosition":4,"pathTag":1,"direction":1,"solutions":""}={"startingGridPosition":74,"endGridPositon":62,"solutionPosition":5,"pathTag":1,"direction":1,"solutions":""}={"startingGridPosition":62,"endGridPositon":32,"solutionPosition":6,"pathTag":1,"direction":1,"solutions":""}={"startingGridPosition":32,"endGridPositon":24,"solutionPosition":7,"pathTag":1,"direction":1,"solutions":""}={"startingGridPosition":24,"endGridPositon":43,"solutionPosition":8,"pathTag":1,"direction":1,"solutions":""}={"startingGridPosition":43,"endGridPositon":45,"solutionPosition":9,"pathTag":1,"direction":1,"solutions":""}={"startingGridPosition":36,"endGridPositon":17,"solutionPosition":12,"pathTag":1,"direction":1,"solutions":""}={"startingGridPosition":17,"endGridPositon":107,"solutionPosition":13,"pathTag":1,"direction":1,"solutions":""}={"startingGridPosition":107,"endGridPositon":116,"solutionPosition":14,"pathTag":1,"direction":1,"solutions":""}={"startingGridPosition":116,"endGridPositon":124,"solutionPosition":15,"pathTag":1,"direction":1,"solutions":""}={"startingGridPosition":124,"endGridPositon":112,"solutionPosition":16,"pathTag":1,"direction":2,"solutions":""}={"startingGridPosition":112,"endGridPositon":101,"solutionPosition":17,"pathTag":1,"direction":1,"solutions":""}={"startingGridPosition":101,"endGridPositon":11,"solutionPosition":18,"pathTag":1,"direction":1,"solutions":""}={"startingGridPosition":11,"endGridPositon":32,"solutionPosition":19,"pathTag":1,"direction":1,"solutions":""}