{"startingGridPosition":36,"endGridPositon":14,"solutionPosition":1,"pathTag":1,"direction":1,"solutions":""}={"startingGridPosition":14,"endGridPositon":32,"solutionPosition":2,"pathTag":1,"direction":1,"solutions":""}={"startingGridPosition":32,"endGridPositon":54,"solutionPosition":3,"pathTag":1,"direction":1,"solutions":""}={"startingGridPosition":54,"endGridPositon":36,"solutionPosition":4,"pathTag":1,"direction":1,"solutions":""}={"startingGridPosition":36,"endGridPositon":16,"solutionPosition":5,"pathTag":1,"direction":1,"solutions":""}={"startingGridPosition":16,"endGridPositon":77,"solutionPosition":6,"pathTag":1,"direction":1,"solutions":""}={"startingGridPosition":77,"endGridPositon":94,"solutionPosition":7,"pathTag":1,"direction":1,"solutions":""}={"startingGridPosition":94,"endGridPositon":71,"solutionPosition":8,"pathTag":1,"direction":1,"solutions":""}={"startingGridPosition":71,"endGridPositon":12,"solutionPosition":9,"pathTag":1,"direction":1,"solutions":""}={"startingGridPosition":12,"endGridPositon":32,"solutionPosition":10,"pathTag":1,"direction":1,"solutions":""}={"startingGridPosition":32,"endGridPositon":124,"solutionPosition":11,"pathTag":1,"direction":1,"solutions":""}={"startingGridPosition":124,"endGridPositon":102,"solutionPosition":12,"pathTag":1,"direction":1,"solutions":""}={"startingGridPosition":102,"endGridPositon":14,"solutionPosition":13,"pathTag":1,"direction":1,"solutions":""}={"startingGridPosition":14,"endGridPositon":106,"solutionPosition":14,"pathTag":1,"direction":1,"solutions":""}={"startingGridPosition":106,"endGridPositon":124,"solutionPosition":15,"pathTag":1,"direction":1,"solutions":""}={"startingGridPosition":124,"endGridPositon":36,"solutionPosition":16,"pathTag":1,"direction":1,"solutions":""}