{"startingGridPosition":85,"endGridPositon":96,"solutionPosition":1,"pathTag":1,"direction":1,"solutions":""}={"startingGridPosition":96,"endGridPositon":14,"solutionPosition":2,"pathTag":1,"direction":1,"solutions":""}={"startingGridPosition":14,"endGridPositon":67,"solutionPosition":3,"pathTag":1,"direction":1,"solutions":""}={"startingGridPosition":67,"endGridPositon":74,"solutionPosition":4,"pathTag":1,"direction":1,"solutions":""}={"startingGridPosition":74,"endGridPositon":61,"solutionPosition":5,"pathTag":1,"direction":1,"solutions":""}={"startingGridPosition":61,"endGridPositon":14,"solutionPosition":6,"pathTag":1,"direction":1,"solutions":""}={"startingGridPosition":14,"endGridPositon":92,"solutionPosition":7,"pathTag":1,"direction":1,"solutions":""}={"startingGridPosition":92,"endGridPositon":83,"solutionPosition":8,"pathTag":1,"direction":1,"solutions":""}={"startingGridPosition":83,"endGridPositon":74,"solutionPosition":9,"pathTag":1,"direction":1,"solutions":""}={"startingGridPosition":74,"endGridPositon":85,"solutionPosition":10,"pathTag":1,"direction":1,"solutions":""}={"startingGridPosition":85,"endGridPositon":124,"solutionPosition":11,"pathTag":1,"direction":1,"solutions":""}={"startingGridPosition":124,"endGridPositon":107,"solutionPosition":12,"pathTag":1,"direction":1,"solutions":""}={"startingGridPosition":107,"endGridPositon":96,"solutionPosition":13,"pathTag":1,"direction":1,"solutions":""}={"startingGridPosition":96,"endGridPositon":92,"solutionPosition":14,"pathTag":1,"direction":1,"solutions":""}={"startingGridPosition":92,"endGridPositon":101,"solutionPosition":15,"pathTag":1,"direction":1,"solutions":""}={"startingGridPosition":101,"endGridPositon":124,"solutionPosition":16,"pathTag":1,"direction":1,"solutions":""}={"startingGridPosition":124,"endGridPositon":83,"solutionPosition":17,"pathTag":1,"direction":1,"solutions":""}