{"startingGridPosition":24,"endGridPositon":37,"solutionPosition":1,"pathTag":1,"direction":1,"solutions":""}={"startingGridPosition":37,"endGridPositon":45,"solutionPosition":2,"pathTag":1,"direction":1,"solutions":""}={"startingGridPosition":45,"endGridPositon":16,"solutionPosition":3,"pathTag":1,"direction":1,"solutions":""}={"startingGridPosition":16,"endGridPositon":127,"solutionPosition":4,"pathTag":1,"direction":1,"solutions":""}={"startingGridPosition":127,"endGridPositon":94,"solutionPosition":5,"pathTag":1,"direction":1,"solutions":""}={"startingGridPosition":94,"endGridPositon":121,"solutionPosition":6,"pathTag":1,"direction":1,"solutions":""}={"startingGridPosition":121,"endGridPositon":12,"solutionPosition":7,"pathTag":1,"direction":1,"solutions":""}={"startingGridPosition":12,"endGridPositon":43,"solutionPosition":8,"pathTag":1,"direction":1,"solutions":""}={"startingGridPosition":43,"endGridPositon":31,"solutionPosition":9,"pathTag":1,"direction":1,"solutions":""}={"startingGridPosition":31,"endGridPositon":24,"solutionPosition":10,"pathTag":1,"direction":1,"solutions":""}={"startingGridPosition":24,"endGridPositon":45,"solutionPosition":11,"pathTag":1,"direction":1,"solutions":""}={"startingGridPosition":45,"endGridPositon":76,"solutionPosition":12,"pathTag":1,"direction":1,"solutions":""}={"startingGridPosition":76,"endGridPositon":124,"solutionPosition":13,"pathTag":1,"direction":1,"solutions":""}={"startingGridPosition":124,"endGridPositon":72,"solutionPosition":14,"pathTag":1,"direction":1,"solutions":""}={"startingGridPosition":72,"endGridPositon":43,"solutionPosition":15,"pathTag":1,"direction":1,"solutions":""}={"startingGridPosition":43,"endGridPositon":24,"solutionPosition":16,"pathTag":1,"direction":1,"solutions":""}