{"startingGridPosition":34,"endGridPositon":122,"solutionPosition":1,"pathTag":1,"direction":1,"solutions":""}={"startingGridPosition":122,"endGridPositon":104,"solutionPosition":2,"pathTag":1,"direction":1,"solutions":""}={"startingGridPosition":104,"endGridPositon":126,"solutionPosition":3,"pathTag":1,"direction":1,"solutions":""}={"startingGridPosition":126,"endGridPositon":34,"solutionPosition":4,"pathTag":1,"direction":1,"solutions":""}={"startingGridPosition":34,"endGridPositon":47,"solutionPosition":5,"pathTag":1,"direction":1,"solutions":""}={"startingGridPosition":47,"endGridPositon":54,"solutionPosition":6,"pathTag":1,"direction":1,"solutions":""}={"startingGridPosition":54,"endGridPositon":117,"solutionPosition":7,"pathTag":1,"direction":1,"solutions":""}={"startingGridPosition":117,"endGridPositon":14,"solutionPosition":8,"pathTag":1,"direction":1,"solutions":""}={"startingGridPosition":14,"endGridPositon":27,"solutionPosition":9,"pathTag":1,"direction":1,"solutions":""}={"startingGridPosition":27,"endGridPositon":34,"solutionPosition":10,"pathTag":1,"direction":1,"solutions":""}={"startingGridPosition":34,"endGridPositon":41,"solutionPosition":11,"pathTag":1,"direction":1,"solutions":""}={"startingGridPosition":41,"endGridPositon":54,"solutionPosition":12,"pathTag":1,"direction":1,"solutions":""}={"startingGridPosition":54,"endGridPositon":111,"solutionPosition":13,"pathTag":1,"direction":1,"solutions":""}={"startingGridPosition":111,"endGridPositon":14,"solutionPosition":14,"pathTag":1,"direction":1,"solutions":""}={"startingGridPosition":14,"endGridPositon":21,"solutionPosition":15,"pathTag":1,"direction":1,"solutions":""}={"startingGridPosition":21,"endGridPositon":34,"solutionPosition":16,"pathTag":1,"direction":1,"solutions":""}